timestamp,open,high,low,close,volume,datetime,symbol
1776470400000,77054.77,77192.95,77054.77,77192.95,0.00609,2026-04-18 00:00:00+00:00,BTC/USDT
1776470700000,77199.6,77199.67,77137.8,77137.8,0.00337,2026-04-18 00:05:00+00:00,BTC/USDT
1776471000000,77124.48,77165.91,77106.45,77118.81,0.00162,2026-04-18 00:10:00+00:00,BTC/USDT
1776471300000,77167.13,77200.0,77167.13,77200.0,0.07751,2026-04-18 00:15:00+00:00,BTC/USDT
1776471600000,77212.45,77212.45,77189.59,77204.74,0.08426,2026-04-18 00:20:00+00:00,BTC/USDT
1776471900000,77204.74,77204.74,77204.74,77204.74,0.0,2026-04-18 00:25:00+00:00,BTC/USDT
1776472200000,77244.45,77244.45,77039.09,77039.09,0.07965,2026-04-18 00:30:00+00:00,BTC/USDT
1776472500000,77088.84,77140.39,77050.92,77078.3,0.02125,2026-04-18 00:35:00+00:00,BTC/USDT
1776472800000,77058.26,77058.26,77041.72,77041.72,0.00039,2026-04-18 00:40:00+00:00,BTC/USDT
1776473100000,77003.51,77156.31,77003.51,77156.31,0.00135,2026-04-18 00:45:00+00:00,BTC/USDT
1776473400000,77149.39,77183.55,77131.36,77146.38,0.01613,2026-04-18 00:50:00+00:00,BTC/USDT
1776473700000,77169.65,77169.65,77169.65,77169.65,0.0008,2026-04-18 00:55:00+00:00,BTC/USDT
1776474000000,77190.16,77190.16,77125.13,77150.12,0.04648,2026-04-18 01:00:00+00:00,BTC/USDT
1776474300000,77203.45,77212.74,77182.06,77198.23,0.01293,2026-04-18 01:05:00+00:00,BTC/USDT
1776474600000,77182.4,77327.52,77182.4,77327.52,0.01009,2026-04-18 01:10:00+00:00,BTC/USDT
1776474900000,77315.03,77328.26,77290.21,77293.46,0.02882,2026-04-18 01:15:00+00:00,BTC/USDT
1776475200000,77342.4,77342.4,77283.01,77283.01,0.01003,2026-04-18 01:20:00+00:00,BTC/USDT
1776475500000,77326.27,77326.27,77277.43,77299.45,0.01514,2026-04-18 01:25:00+00:00,BTC/USDT
1776475800000,77299.45,77299.45,77299.45,77299.45,0.0,2026-04-18 01:30:00+00:00,BTC/USDT
1776476100000,77280.08,77280.08,77221.36,77221.36,0.00056,2026-04-18 01:35:00+00:00,BTC/USDT
1776476400000,77246.47,77259.09,77225.04,77259.09,0.00723,2026-04-18 01:40:00+00:00,BTC/USDT
1776476700000,77253.44,77273.46,77190.8,77190.8,0.05123,2026-04-18 01:45:00+00:00,BTC/USDT
1776477000000,77201.18,77201.18,77189.63,77189.63,0.00851,2026-04-18 01:50:00+00:00,BTC/USDT
1776477300000,77192.84,77231.4,77184.51,77226.93,0.0388,2026-04-18 01:55:00+00:00,BTC/USDT
1776477600000,77146.19,77146.19,77146.19,77146.19,0.00016,2026-04-18 02:00:00+00:00,BTC/USDT
1776477900000,77201.79,77274.82,77182.62,77274.82,0.00064,2026-04-18 02:05:00+00:00,BTC/USDT
1776478200000,77243.08,77301.89,77243.08,77301.89,0.00615,2026-04-18 02:10:00+00:00,BTC/USDT
1776478500000,77298.72,77365.33,77298.72,77365.33,0.00045,2026-04-18 02:15:00+00:00,BTC/USDT
1776478800000,77354.62,77354.62,77332.96,77332.96,0.00543,2026-04-18 02:20:00+00:00,BTC/USDT
1776479100000,77345.14,77345.14,77335.5,77335.5,0.00664,2026-04-18 02:25:00+00:00,BTC/USDT
1776479400000,77293.5,77293.5,77274.03,77274.03,0.00531,2026-04-18 02:30:00+00:00,BTC/USDT
1776479700000,77259.9,77381.47,77259.9,77381.47,0.01473,2026-04-18 02:35:00+00:00,BTC/USDT
1776480000000,77300.86,77300.86,77300.86,77300.86,0.00119,2026-04-18 02:40:00+00:00,BTC/USDT
1776480300000,77315.5,77331.0,77311.39,77311.39,0.03961,2026-04-18 02:45:00+00:00,BTC/USDT
1776480600000,77292.8,77305.83,77292.8,77301.03,0.00272,2026-04-18 02:50:00+00:00,BTC/USDT
1776480900000,77301.03,77301.03,77301.03,77301.03,0.0,2026-04-18 02:55:00+00:00,BTC/USDT
1776481200000,77298.08,77298.08,77227.48,77295.86,0.07182,2026-04-18 03:00:00+00:00,BTC/USDT
1776481500000,77285.61,77296.61,77276.4,77294.85,0.00341,2026-04-18 03:05:00+00:00,BTC/USDT
1776481800000,77282.22,77297.84,77270.83,77270.83,0.03664,2026-04-18 03:10:00+00:00,BTC/USDT
1776482100000,77262.41,77262.41,77227.48,77255.81,0.24651,2026-04-18 03:15:00+00:00,BTC/USDT
1776482400000,77255.81,77255.81,77255.81,77255.81,0.0,2026-04-18 03:20:00+00:00,BTC/USDT
1776482700000,77207.0,77219.03,77207.0,77219.03,0.00678,2026-04-18 03:25:00+00:00,BTC/USDT
1776483000000,77166.24,77172.47,77155.26,77172.47,0.00065,2026-04-18 03:30:00+00:00,BTC/USDT
1776483300000,77173.11,77173.11,77135.65,77159.89,0.0069,2026-04-18 03:35:00+00:00,BTC/USDT
1776483600000,77163.14,77189.65,77160.13,77164.66,0.00016,2026-04-18 03:40:00+00:00,BTC/USDT
1776483900000,77135.4,77135.4,77135.4,77135.4,4e-05,2026-04-18 03:45:00+00:00,BTC/USDT
1776484200000,77192.23,77200.85,77030.0,77030.0,0.04556,2026-04-18 03:50:00+00:00,BTC/USDT
1776484500000,77003.51,77012.19,76985.12,76999.47,0.84975,2026-04-18 03:55:00+00:00,BTC/USDT
1776484800000,76994.39,77064.96,76989.09,77064.96,0.01434,2026-04-18 04:00:00+00:00,BTC/USDT
1776485100000,77064.47,77093.08,77064.47,77079.0,0.00738,2026-04-18 04:05:00+00:00,BTC/USDT
1776485400000,77086.21,77103.29,77064.87,77071.3,0.00184,2026-04-18 04:10:00+00:00,BTC/USDT
1776485700000,77090.93,77090.93,77012.76,77018.5,0.01307,2026-04-18 04:15:00+00:00,BTC/USDT
1776486000000,76986.43,76986.43,76986.43,76986.43,0.00019,2026-04-18 04:20:00+00:00,BTC/USDT
1776486300000,77004.76,77016.88,76962.48,76962.48,0.13496,2026-04-18 04:25:00+00:00,BTC/USDT
1776486600000,76897.67,76938.39,76897.67,76938.39,0.02596,2026-04-18 04:30:00+00:00,BTC/USDT
1776486900000,76967.66,77052.33,76967.66,77052.32,0.01787,2026-04-18 04:35:00+00:00,BTC/USDT
1776487200000,77066.11,77082.33,77013.1,77013.1,0.04316,2026-04-18 04:40:00+00:00,BTC/USDT
1776487500000,77014.1,77061.99,77014.1,77061.99,0.03269,2026-04-18 04:45:00+00:00,BTC/USDT
1776487800000,77076.47,77100.49,77076.47,77100.49,0.0001,2026-04-18 04:50:00+00:00,BTC/USDT
1776488100000,77072.07,77170.25,77072.07,77170.25,0.00104,2026-04-18 04:55:00+00:00,BTC/USDT
1776488400000,77162.67,77185.47,77159.15,77182.14,0.00492,2026-04-18 05:00:00+00:00,BTC/USDT
1776488700000,77197.59,77233.08,77174.34,77233.08,0.00196,2026-04-18 05:05:00+00:00,BTC/USDT
1776489000000,77233.97,77251.62,77194.67,77220.93,0.00131,2026-04-18 05:10:00+00:00,BTC/USDT
1776489300000,77173.01,77212.03,77173.01,77212.03,0.00019,2026-04-18 05:15:00+00:00,BTC/USDT
1776489600000,77195.44,77205.67,77147.66,77157.14,0.10525,2026-04-18 05:20:00+00:00,BTC/USDT
1776489900000,77152.69,77182.74,77152.69,77182.74,0.00033,2026-04-18 05:25:00+00:00,BTC/USDT
1776490200000,77149.14,77171.77,77118.52,77156.63,0.0465,2026-04-18 05:30:00+00:00,BTC/USDT
1776490500000,77135.04,77135.04,77116.42,77116.42,8e-05,2026-04-18 05:35:00+00:00,BTC/USDT
1776490800000,77151.76,77151.77,77151.76,77151.77,0.00025,2026-04-18 05:40:00+00:00,BTC/USDT
1776491100000,77138.87,77159.78,77138.87,77150.62,0.00734,2026-04-18 05:45:00+00:00,BTC/USDT
1776491400000,77132.29,77132.29,77132.29,77132.29,5e-05,2026-04-18 05:50:00+00:00,BTC/USDT
1776491700000,77132.29,77132.29,77132.29,77132.29,0.0,2026-04-18 05:55:00+00:00,BTC/USDT
1776492000000,77141.42,77141.42,77141.42,77141.42,0.00149,2026-04-18 06:00:00+00:00,BTC/USDT
1776492300000,77150.61,77154.55,77150.61,77154.55,0.00166,2026-04-18 06:05:00+00:00,BTC/USDT
1776492600000,77171.87,77225.05,77166.51,77199.39,0.00284,2026-04-18 06:10:00+00:00,BTC/USDT
1776492900000,77179.41,77179.41,77179.41,77179.41,0.00194,2026-04-18 06:15:00+00:00,BTC/USDT
1776493200000,77150.51,77150.51,77101.48,77101.48,0.00463,2026-04-18 06:20:00+00:00,BTC/USDT
1776493500000,77075.7,77113.36,77075.7,77113.36,0.00077,2026-04-18 06:25:00+00:00,BTC/USDT
1776493800000,77105.73,77121.05,77100.47,77121.05,0.0098,2026-04-18 06:30:00+00:00,BTC/USDT
1776494100000,77121.05,77121.05,77121.05,77121.05,0.0,2026-04-18 06:35:00+00:00,BTC/USDT
1776494400000,77130.46,77148.16,77130.46,77148.16,0.0001,2026-04-18 06:40:00+00:00,BTC/USDT
1776494700000,77132.43,77132.43,77132.43,77132.43,2e-05,2026-04-18 06:45:00+00:00,BTC/USDT
1776495000000,77126.29,77147.39,77126.29,77147.39,9e-05,2026-04-18 06:50:00+00:00,BTC/USDT
1776495300000,77113.91,77133.37,77107.54,77116.29,0.03985,2026-04-18 06:55:00+00:00,BTC/USDT
1776495600000,77118.83,77142.56,77118.83,77142.56,0.0014,2026-04-18 07:00:00+00:00,BTC/USDT
1776495900000,77091.42,77091.42,77091.42,77091.42,0.00187,2026-04-18 07:05:00+00:00,BTC/USDT
1776496200000,77103.11,77103.11,77086.22,77086.22,0.00201,2026-04-18 07:10:00+00:00,BTC/USDT
1776496500000,77075.59,77075.59,77075.59,77075.59,0.00013,2026-04-18 07:15:00+00:00,BTC/USDT
1776496800000,77061.45,77062.27,77061.45,77062.27,0.00013,2026-04-18 07:20:00+00:00,BTC/USDT
1776497100000,77066.06,77086.67,77066.06,77086.67,0.00686,2026-04-18 07:25:00+00:00,BTC/USDT
1776497400000,77084.39,77084.39,77084.39,77084.39,0.00013,2026-04-18 07:30:00+00:00,BTC/USDT
1776497700000,77084.39,77084.39,77084.39,77084.39,0.0,2026-04-18 07:35:00+00:00,BTC/USDT
1776498000000,77020.67,77020.67,77020.67,77020.67,0.048,2026-04-18 07:40:00+00:00,BTC/USDT
1776498300000,76995.93,76995.93,76995.93,76995.93,0.00353,2026-04-18 07:45:00+00:00,BTC/USDT
1776498600000,76950.0,76950.0,76903.97,76903.97,0.87807,2026-04-18 07:50:00+00:00,BTC/USDT
1776498900000,76903.97,76903.97,76903.97,76903.97,0.0,2026-04-18 07:55:00+00:00,BTC/USDT
1776499200000,77006.29,77027.25,77006.29,77016.84,0.003,2026-04-18 08:00:00+00:00,BTC/USDT
1776499500000,77037.84,77037.84,76981.95,76990.22,0.0021,2026-04-18 08:05:00+00:00,BTC/USDT
1776499800000,76890.0,76890.15,76838.23,76838.23,0.01245,2026-04-18 08:10:00+00:00,BTC/USDT
1776500100000,76782.54,76793.27,76654.35,76793.27,0.01818,2026-04-18 08:15:00+00:00,BTC/USDT
1776500400000,76732.91,76741.89,76652.94,76652.94,0.11652,2026-04-18 08:20:00+00:00,BTC/USDT
1776500700000,76702.79,76702.79,76677.88,76677.88,0.00336,2026-04-18 08:25:00+00:00,BTC/USDT
1776501000000,76714.08,76714.08,76615.88,76615.88,0.00361,2026-04-18 08:30:00+00:00,BTC/USDT
1776501300000,76592.57,76592.57,76538.06,76579.37,0.00634,2026-04-18 08:35:00+00:00,BTC/USDT
1776501600000,76561.24,76561.24,76542.83,76542.83,0.00716,2026-04-18 08:40:00+00:00,BTC/USDT
1776501900000,76709.13,76709.13,76664.98,76664.98,0.00164,2026-04-18 08:45:00+00:00,BTC/USDT
1776502200000,76664.98,76664.98,76664.98,76664.98,0.0,2026-04-18 08:50:00+00:00,BTC/USDT
1776502500000,76799.68,76799.68,76754.51,76754.51,0.00391,2026-04-18 08:55:00+00:00,BTC/USDT
1776502800000,76754.51,76754.51,76754.51,76754.51,0.0,2026-04-18 09:00:00+00:00,BTC/USDT
1776503100000,76593.22,76593.22,76460.05,76460.05,0.01323,2026-04-18 09:05:00+00:00,BTC/USDT
1776503400000,76560.5,76560.5,76549.39,76549.39,0.01319,2026-04-18 09:10:00+00:00,BTC/USDT
1776503700000,76470.95,76470.95,76460.05,76460.05,0.00177,2026-04-18 09:15:00+00:00,BTC/USDT
1776504000000,76460.05,76460.05,76460.05,76460.05,0.0,2026-04-18 09:20:00+00:00,BTC/USDT
1776504300000,76460.05,76460.05,76460.05,76460.05,0.0,2026-04-18 09:25:00+00:00,BTC/USDT
1776504600000,76460.05,76460.05,76460.05,76460.05,0.0,2026-04-18 09:30:00+00:00,BTC/USDT
1776504900000,76655.96,76655.96,76655.96,76655.96,0.0013,2026-04-18 09:35:00+00:00,BTC/USDT
1776505200000,76608.47,76642.69,76608.47,76642.69,0.00139,2026-04-18 09:40:00+00:00,BTC/USDT
1776505500000,76670.1,76670.1,76670.1,76670.1,0.0026,2026-04-18 09:45:00+00:00,BTC/USDT
1776505800000,76652.39,76652.39,76572.6,76572.6,0.00958,2026-04-18 09:50:00+00:00,BTC/USDT
1776506100000,76618.39,76618.4,76618.39,76618.4,0.07835,2026-04-18 09:55:00+00:00,BTC/USDT
1776506400000,76492.8,76492.8,76369.03,76369.03,0.07115,2026-04-18 10:00:00+00:00,BTC/USDT
1776506700000,76389.86,76389.86,76273.99,76273.99,0.02298,2026-04-18 10:05:00+00:00,BTC/USDT
1776507000000,76285.54,76285.54,76285.54,76285.54,0.00015,2026-04-18 10:10:00+00:00,BTC/USDT
1776507300000,76350.56,76350.56,76350.56,76350.56,0.00085,2026-04-18 10:15:00+00:00,BTC/USDT
1776507600000,76350.56,76350.56,76350.56,76350.56,0.0,2026-04-18 10:20:00+00:00,BTC/USDT
1776507900000,76350.56,76350.56,76350.56,76350.56,0.0,2026-04-18 10:25:00+00:00,BTC/USDT
1776508200000,76269.32,76286.44,76251.81,76286.44,0.00301,2026-04-18 10:30:00+00:00,BTC/USDT
1776508500000,76286.44,76286.44,76286.44,76286.44,0.0,2026-04-18 10:35:00+00:00,BTC/USDT
1776508800000,76294.03,76302.49,76294.03,76302.49,0.0037,2026-04-18 10:40:00+00:00,BTC/USDT
1776509100000,76222.58,76222.58,76197.96,76197.96,0.04518,2026-04-18 10:45:00+00:00,BTC/USDT
1776509400000,76247.95,76247.95,76166.16,76166.16,0.01702,2026-04-18 10:50:00+00:00,BTC/USDT
1776509700000,76189.9,76192.42,76168.41,76168.41,0.00145,2026-04-18 10:55:00+00:00,BTC/USDT
1776510000000,76199.28,76199.28,76072.16,76101.84,0.05685,2026-04-18 11:00:00+00:00,BTC/USDT
1776510300000,76046.95,76064.84,75913.12,75981.79,0.27066,2026-04-18 11:05:00+00:00,BTC/USDT
1776510600000,75985.76,76051.79,75951.39,75976.81,0.00162,2026-04-18 11:10:00+00:00,BTC/USDT
1776510900000,75992.56,75992.56,75992.56,75992.56,0.00028,2026-04-18 11:15:00+00:00,BTC/USDT
1776511200000,76082.2,76082.2,76082.2,76082.2,0.00066,2026-04-18 11:20:00+00:00,BTC/USDT
1776511500000,76082.2,76082.2,76082.2,76082.2,0.0,2026-04-18 11:25:00+00:00,BTC/USDT
1776511800000,76082.2,76082.2,76082.2,76082.2,0.01728,2026-04-18 11:30:00+00:00,BTC/USDT
1776512100000,75905.71,75905.71,75851.84,75851.84,0.08933,2026-04-18 11:35:00+00:00,BTC/USDT
1776512400000,75838.47,75838.47,75796.04,75796.04,0.00559,2026-04-18 11:40:00+00:00,BTC/USDT
1776512700000,75796.04,75796.04,75796.04,75796.04,0.0,2026-04-18 11:45:00+00:00,BTC/USDT
1776513000000,75896.73,75896.73,75896.73,75896.73,0.03292,2026-04-18 11:50:00+00:00,BTC/USDT
1776513300000,75984.93,76062.32,75789.68,76062.32,0.44509,2026-04-18 11:55:00+00:00,BTC/USDT
1776513600000,76058.52,76235.82,76058.52,76235.82,0.0007,2026-04-18 12:00:00+00:00,BTC/USDT
1776513900000,76205.07,76205.07,76205.07,76205.07,0.00013,2026-04-18 12:05:00+00:00,BTC/USDT
1776514200000,76192.38,76212.49,76183.12,76212.49,0.00054,2026-04-18 12:10:00+00:00,BTC/USDT
1776514500000,76221.35,76273.99,76221.35,76273.99,0.01168,2026-04-18 12:15:00+00:00,BTC/USDT
1776514800000,76273.99,76273.99,76273.99,76273.99,0.0,2026-04-18 12:20:00+00:00,BTC/USDT
1776515100000,76210.96,76210.96,76160.26,76160.26,0.01906,2026-04-18 12:25:00+00:00,BTC/USDT
1776515400000,76163.09,76209.09,76119.42,76209.09,0.00723,2026-04-18 12:30:00+00:00,BTC/USDT
1776515700000,76129.9,76135.0,76129.9,76135.0,0.01613,2026-04-18 12:35:00+00:00,BTC/USDT
1776516000000,76067.71,76169.99,76067.71,76169.99,0.08355,2026-04-18 12:40:00+00:00,BTC/USDT
1776516300000,76207.96,76207.96,76207.96,76207.96,0.01261,2026-04-18 12:45:00+00:00,BTC/USDT
1776516600000,76258.3,76258.3,76235.83,76235.83,0.0006,2026-04-18 12:50:00+00:00,BTC/USDT
1776516900000,76235.83,76235.83,76235.83,76235.83,0.0,2026-04-18 12:55:00+00:00,BTC/USDT
1776517200000,76203.96,76210.91,76182.14,76210.91,0.00144,2026-04-18 13:00:00+00:00,BTC/USDT
1776517500000,76206.89,76206.89,76168.64,76168.64,0.00275,2026-04-18 13:05:00+00:00,BTC/USDT
1776517800000,76175.95,76175.95,76163.15,76172.02,0.01859,2026-04-18 13:10:00+00:00,BTC/USDT
1776518100000,76176.83,76176.83,76115.98,76115.98,0.00289,2026-04-18 13:15:00+00:00,BTC/USDT
1776518400000,76158.21,76158.21,76158.21,76158.21,3e-05,2026-04-18 13:20:00+00:00,BTC/USDT
1776518700000,76158.21,76158.21,76158.21,76158.21,0.0,2026-04-18 13:25:00+00:00,BTC/USDT
1776519000000,76069.2,76069.2,76016.58,76059.36,0.0166,2026-04-18 13:30:00+00:00,BTC/USDT
1776519300000,75982.23,75982.23,75894.52,75894.52,0.00978,2026-04-18 13:35:00+00:00,BTC/USDT
1776519600000,75916.31,75966.08,75916.31,75966.08,0.00216,2026-04-18 13:40:00+00:00,BTC/USDT
1776519900000,75914.02,75914.02,75914.02,75914.02,0.01255,2026-04-18 13:45:00+00:00,BTC/USDT
1776520200000,76079.73,76172.59,76079.73,76172.59,0.00836,2026-04-18 13:50:00+00:00,BTC/USDT
1776520500000,76148.81,76148.81,76145.16,76145.16,0.00184,2026-04-18 13:55:00+00:00,BTC/USDT
1776520800000,76153.66,76163.2,76133.18,76135.31,0.00048,2026-04-18 14:00:00+00:00,BTC/USDT
1776521100000,76126.29,76142.64,76097.5,76142.64,0.00754,2026-04-18 14:05:00+00:00,BTC/USDT
1776521400000,76151.09,76184.29,76147.02,76184.29,0.00385,2026-04-18 14:10:00+00:00,BTC/USDT
1776521700000,76184.29,76184.29,76184.29,76184.29,0.0,2026-04-18 14:15:00+00:00,BTC/USDT
1776522000000,76184.29,76184.29,76184.29,76184.29,0.0,2026-04-18 14:20:00+00:00,BTC/USDT
1776522300000,76103.09,76134.17,76095.96,76133.99,0.03792,2026-04-18 14:25:00+00:00,BTC/USDT
1776522600000,76133.99,76133.99,76133.99,76133.99,0.0,2026-04-18 14:30:00+00:00,BTC/USDT
1776522900000,76252.28,76257.11,76252.28,76257.11,0.01373,2026-04-18 14:35:00+00:00,BTC/USDT
1776523200000,76273.99,76298.74,76183.29,76183.29,0.06541,2026-04-18 14:40:00+00:00,BTC/USDT
1776523500000,76224.53,76224.53,76193.54,76193.54,0.0021,2026-04-18 14:45:00+00:00,BTC/USDT
1776523800000,76248.16,76248.16,76248.16,76248.16,0.00013,2026-04-18 14:50:00+00:00,BTC/USDT
1776524100000,76228.9,76228.9,76228.9,76228.9,0.01998,2026-04-18 14:55:00+00:00,BTC/USDT
1776524400000,76229.84,76347.63,76229.84,76293.83,0.01579,2026-04-18 15:00:00+00:00,BTC/USDT
1776524700000,76296.34,76296.34,76252.04,76252.85,0.00185,2026-04-18 15:05:00+00:00,BTC/USDT
1776525000000,76207.57,76207.57,76156.99,76174.8,0.00484,2026-04-18 15:10:00+00:00,BTC/USDT
1776525300000,76225.41,76225.41,76225.41,76225.41,0.00137,2026-04-18 15:15:00+00:00,BTC/USDT
1776525600000,76216.69,76216.69,76216.69,76216.69,0.00013,2026-04-18 15:20:00+00:00,BTC/USDT
1776525900000,76278.58,76278.58,76186.55,76186.55,0.01276,2026-04-18 15:25:00+00:00,BTC/USDT
1776526200000,76190.02,76213.2,76190.02,76213.2,0.0063,2026-04-18 15:30:00+00:00,BTC/USDT
1776526500000,76213.2,76213.2,76213.2,76213.2,0.0,2026-04-18 15:35:00+00:00,BTC/USDT
1776526800000,76173.03,76184.98,76173.03,76184.98,0.0072,2026-04-18 15:40:00+00:00,BTC/USDT
1776527100000,76131.79,76143.91,76131.79,76143.91,0.02073,2026-04-18 15:45:00+00:00,BTC/USDT
1776527400000,76143.9,76143.9,76027.71,76059.49,0.07169,2026-04-18 15:50:00+00:00,BTC/USDT
1776527700000,76196.72,76196.72,76196.72,76196.72,0.00013,2026-04-18 15:55:00+00:00,BTC/USDT
1776528000000,76128.95,76128.97,76057.05,76090.88,0.04457,2026-04-18 16:00:00+00:00,BTC/USDT
1776528300000,76077.25,76133.96,76077.25,76133.96,0.00104,2026-04-18 16:05:00+00:00,BTC/USDT
1776528600000,76198.44,76225.23,76198.44,76225.23,0.00169,2026-04-18 16:10:00+00:00,BTC/USDT
1776528900000,76181.61,76181.61,75714.29,75985.23,0.24198,2026-04-18 16:15:00+00:00,BTC/USDT
1776529200000,75968.0,76107.69,75968.0,76107.69,0.01956,2026-04-18 16:20:00+00:00,BTC/USDT
1776529500000,76107.69,76107.69,76107.69,76107.69,0.0,2026-04-18 16:25:00+00:00,BTC/USDT
1776529800000,76062.93,76062.93,76062.93,76062.93,0.00013,2026-04-18 16:30:00+00:00,BTC/USDT
1776530100000,76062.93,76062.93,76062.93,76062.93,0.0,2026-04-18 16:35:00+00:00,BTC/USDT
1776530400000,76041.07,76041.07,76041.07,76041.07,2e-05,2026-04-18 16:40:00+00:00,BTC/USDT
1776530700000,75965.18,75965.18,75965.18,75965.18,0.00525,2026-04-18 16:45:00+00:00,BTC/USDT
1776531000000,75900.83,75900.83,75878.49,75894.08,0.03433,2026-04-18 16:50:00+00:00,BTC/USDT
1776531300000,75894.08,75894.08,75894.08,75894.08,0.0,2026-04-18 16:55:00+00:00,BTC/USDT
1776531600000,75912.39,75917.06,75907.1,75917.06,0.00165,2026-04-18 17:00:00+00:00,BTC/USDT
1776531900000,75909.17,75909.17,75826.05,75830.43,0.0271,2026-04-18 17:05:00+00:00,BTC/USDT
1776532200000,75874.18,75946.03,75845.32,75845.32,0.04077,2026-04-18 17:10:00+00:00,BTC/USDT
1776532500000,75862.98,75886.09,75862.98,75876.78,0.00895,2026-04-18 17:15:00+00:00,BTC/USDT
1776532800000,75837.86,75837.86,75837.86,75837.86,0.0071,2026-04-18 17:20:00+00:00,BTC/USDT
1776533100000,75832.68,75871.12,75832.68,75858.17,0.00312,2026-04-18 17:25:00+00:00,BTC/USDT
1776533400000,75858.17,75858.17,75858.17,75858.17,0.0,2026-04-18 17:30:00+00:00,BTC/USDT
1776533700000,75895.78,75895.78,75895.78,75895.78,0.0092,2026-04-18 17:35:00+00:00,BTC/USDT
1776534000000,75900.64,75900.66,75890.61,75890.61,0.13795,2026-04-18 17:40:00+00:00,BTC/USDT
1776534300000,75890.61,75890.61,75890.61,75890.61,0.0,2026-04-18 17:45:00+00:00,BTC/USDT
1776534600000,75900.17,75900.17,75900.17,75900.17,0.00279,2026-04-18 17:50:00+00:00,BTC/USDT
1776534900000,75883.92,75883.92,75883.92,75883.92,0.00132,2026-04-18 17:55:00+00:00,BTC/USDT
1776535200000,75749.72,75749.72,75746.36,75746.36,0.00126,2026-04-18 18:00:00+00:00,BTC/USDT
1776535500000,75767.65,75857.49,75741.03,75857.49,0.01604,2026-04-18 18:05:00+00:00,BTC/USDT
1776535800000,75837.1,75837.1,75792.75,75814.27,0.05171,2026-04-18 18:10:00+00:00,BTC/USDT
1776536100000,75686.75,75686.75,75624.07,75624.07,0.03536,2026-04-18 18:15:00+00:00,BTC/USDT
1776536400000,75658.35,75690.47,75658.35,75690.47,0.02433,2026-04-18 18:20:00+00:00,BTC/USDT
1776536700000,75633.25,75678.01,75633.25,75678.01,0.00023,2026-04-18 18:25:00+00:00,BTC/USDT
1776537000000,75678.01,75678.01,75678.01,75678.01,0.0,2026-04-18 18:30:00+00:00,BTC/USDT
1776537300000,75645.28,75645.28,75555.84,75555.84,0.00194,2026-04-18 18:35:00+00:00,BTC/USDT
1776537600000,75555.84,75566.89,75437.68,75532.21,0.0604,2026-04-18 18:40:00+00:00,BTC/USDT
1776537900000,75555.31,75725.06,75555.31,75715.93,0.80253,2026-04-18 18:45:00+00:00,BTC/USDT
1776538200000,75660.77,75664.75,75623.32,75623.32,0.02735,2026-04-18 18:50:00+00:00,BTC/USDT
1776538500000,75623.32,75623.32,75623.32,75623.32,0.0,2026-04-18 18:55:00+00:00,BTC/USDT
1776538800000,75649.71,75649.71,75649.71,75649.71,0.00247,2026-04-18 19:00:00+00:00,BTC/USDT
1776539100000,75704.03,75740.14,75704.03,75740.14,0.00293,2026-04-18 19:05:00+00:00,BTC/USDT
1776539400000,75762.19,75771.0,75758.33,75771.0,0.0006,2026-04-18 19:10:00+00:00,BTC/USDT
1776539700000,75795.88,75795.88,75795.88,75795.88,0.00013,2026-04-18 19:15:00+00:00,BTC/USDT
1776540000000,75736.94,75736.94,75653.51,75653.51,0.00289,2026-04-18 19:20:00+00:00,BTC/USDT
1776540300000,75649.09,75649.09,75649.09,75649.09,0.00066,2026-04-18 19:25:00+00:00,BTC/USDT
1776540600000,75649.09,75649.09,75649.09,75649.09,0.0,2026-04-18 19:30:00+00:00,BTC/USDT
1776540900000,75649.09,75649.09,75649.09,75649.09,0.0,2026-04-18 19:35:00+00:00,BTC/USDT
1776541200000,75597.81,75597.81,75597.81,75597.81,0.00264,2026-04-18 19:40:00+00:00,BTC/USDT
1776541500000,75597.81,75597.81,75597.81,75597.81,0.0,2026-04-18 19:45:00+00:00,BTC/USDT
1776541800000,75597.81,75597.81,75597.81,75597.81,0.00132,2026-04-18 19:50:00+00:00,BTC/USDT
1776542100000,75687.58,75687.59,75657.64,75657.64,0.0414,2026-04-18 19:55:00+00:00,BTC/USDT
1776542400000,75624.0,75624.0,75624.0,75624.0,0.00013,2026-04-18 20:00:00+00:00,BTC/USDT
1776542700000,75667.38,75709.68,75667.38,75694.53,0.00446,2026-04-18 20:05:00+00:00,BTC/USDT
1776543000000,75705.7,75708.14,75691.53,75696.02,0.00536,2026-04-18 20:10:00+00:00,BTC/USDT
1776543300000,75723.09,75723.09,75717.6,75717.6,0.00795,2026-04-18 20:15:00+00:00,BTC/USDT
1776543600000,75717.6,75717.6,75717.6,75717.6,0.0,2026-04-18 20:20:00+00:00,BTC/USDT
1776543900000,75730.66,75730.66,75730.66,75730.66,0.00013,2026-04-18 20:25:00+00:00,BTC/USDT
1776544200000,75755.59,75764.1,75750.89,75750.89,0.1318,2026-04-18 20:30:00+00:00,BTC/USDT
1776544500000,75747.5,75748.83,75718.49,75748.83,0.00773,2026-04-18 20:35:00+00:00,BTC/USDT
1776544800000,75776.65,75776.65,75776.65,75776.65,0.01545,2026-04-18 20:40:00+00:00,BTC/USDT
1776545100000,75776.65,75776.65,75776.65,75776.65,0.0,2026-04-18 20:45:00+00:00,BTC/USDT
1776545400000,75776.65,75776.65,75776.65,75776.65,0.0,2026-04-18 20:50:00+00:00,BTC/USDT
1776545700000,75735.75,75735.75,75735.75,75735.75,0.00062,2026-04-18 20:55:00+00:00,BTC/USDT
1776546000000,75798.77,75812.22,75795.63,75812.22,0.0054,2026-04-18 21:00:00+00:00,BTC/USDT
1776546300000,75797.28,75831.0,75797.28,75831.0,0.01401,2026-04-18 21:05:00+00:00,BTC/USDT
1776546600000,75824.27,75824.27,75741.54,75751.65,0.0347,2026-04-18 21:10:00+00:00,BTC/USDT
1776546900000,75750.72,75750.72,75719.12,75719.12,0.00059,2026-04-18 21:15:00+00:00,BTC/USDT
1776547200000,75719.12,75719.12,75719.12,75719.12,0.0,2026-04-18 21:20:00+00:00,BTC/USDT
1776547500000,75719.12,75719.12,75719.12,75719.12,0.0,2026-04-18 21:25:00+00:00,BTC/USDT
1776547800000,75719.12,75719.12,75719.12,75719.12,0.0,2026-04-18 21:30:00+00:00,BTC/USDT
1776548100000,75699.23,75699.23,75697.88,75697.88,0.00205,2026-04-18 21:35:00+00:00,BTC/USDT
1776548400000,75697.86,75697.86,75697.86,75697.86,0.00053,2026-04-18 21:40:00+00:00,BTC/USDT
1776548700000,75786.57,75786.57,75786.57,75786.57,0.0017,2026-04-18 21:45:00+00:00,BTC/USDT
1776549000000,75754.78,75754.78,75754.78,75754.78,0.03249,2026-04-18 21:50:00+00:00,BTC/USDT
1776549300000,75754.78,75754.78,75754.78,75754.78,0.0,2026-04-18 21:55:00+00:00,BTC/USDT
1776549600000,75809.52,75809.52,75702.52,75706.64,0.00556,2026-04-18 22:00:00+00:00,BTC/USDT
1776549900000,75711.41,75711.41,75660.57,75660.57,0.08354,2026-04-18 22:05:00+00:00,BTC/USDT
1776550200000,75657.22,75668.05,75623.66,75623.66,0.02387,2026-04-18 22:10:00+00:00,BTC/USDT
1776550500000,75623.66,75623.66,75623.66,75623.66,0.0,2026-04-18 22:15:00+00:00,BTC/USDT
1776550800000,75685.6,75685.6,75685.6,75685.6,0.00421,2026-04-18 22:20:00+00:00,BTC/USDT
1776551100000,75712.49,75712.49,75712.49,75712.49,0.00066,2026-04-18 22:25:00+00:00,BTC/USDT
1776551400000,75731.91,75803.96,75731.91,75803.96,0.00322,2026-04-18 22:30:00+00:00,BTC/USDT
1776551700000,75806.89,75806.89,75782.08,75782.08,0.01438,2026-04-18 22:35:00+00:00,BTC/USDT
1776552000000,75763.11,75763.11,75763.11,75763.11,0.0048,2026-04-18 22:40:00+00:00,BTC/USDT
1776552300000,75788.63,75849.73,75788.63,75849.73,0.19711,2026-04-18 22:45:00+00:00,BTC/USDT
1776552600000,75862.63,75862.63,75824.02,75824.03,0.13912,2026-04-18 22:50:00+00:00,BTC/USDT
1776552900000,75824.03,75824.03,75824.03,75824.03,0.0,2026-04-18 22:55:00+00:00,BTC/USDT
1776553200000,75825.8,75845.62,75816.67,75845.62,0.00107,2026-04-18 23:00:00+00:00,BTC/USDT
1776553500000,75852.72,75866.93,75850.5,75850.5,0.04225,2026-04-18 23:05:00+00:00,BTC/USDT
1776553800000,75823.82,75853.97,75800.59,75853.97,0.00037,2026-04-18 23:10:00+00:00,BTC/USDT
1776554100000,75843.1,75843.1,75843.1,75843.1,0.00013,2026-04-18 23:15:00+00:00,BTC/USDT
1776554400000,75837.29,75837.29,75837.29,75837.29,0.00793,2026-04-18 23:20:00+00:00,BTC/USDT
1776554700000,75819.42,75844.39,75819.42,75844.39,0.00716,2026-04-18 23:25:00+00:00,BTC/USDT
1776555000000,75757.19,75762.22,75757.19,75762.22,0.01337,2026-04-18 23:30:00+00:00,BTC/USDT
1776555300000,75750.75,75750.75,75738.62,75738.62,0.00621,2026-04-18 23:35:00+00:00,BTC/USDT
1776555600000,75738.62,75738.62,75738.62,75738.62,0.0,2026-04-18 23:40:00+00:00,BTC/USDT
1776555900000,75761.35,75761.35,75756.23,75756.23,0.00717,2026-04-18 23:45:00+00:00,BTC/USDT
1776556200000,75722.69,75722.69,75722.69,75722.69,0.00162,2026-04-18 23:50:00+00:00,BTC/USDT
1776556500000,75722.96,75722.96,75714.23,75714.23,0.04082,2026-04-18 23:55:00+00:00,BTC/USDT
1776556800000,75752.54,75775.23,75739.28,75775.23,0.01746,2026-04-19 00:00:00+00:00,BTC/USDT
1776557100000,75777.01,75817.96,75777.01,75817.96,0.00252,2026-04-19 00:05:00+00:00,BTC/USDT
1776557400000,75823.61,75826.91,75787.21,75787.21,0.0014,2026-04-19 00:10:00+00:00,BTC/USDT
1776557700000,75758.22,75758.22,75713.33,75713.33,0.00355,2026-04-19 00:15:00+00:00,BTC/USDT
1776558000000,75740.8,75740.8,75740.8,75740.8,0.00021,2026-04-19 00:20:00+00:00,BTC/USDT
1776558300000,75622.25,75625.34,75622.25,75625.34,0.00123,2026-04-19 00:25:00+00:00,BTC/USDT
1776558600000,75625.34,75625.34,75625.34,75625.34,0.0,2026-04-19 00:30:00+00:00,BTC/USDT
1776558900000,75625.34,75625.34,75625.34,75625.34,0.0,2026-04-19 00:35:00+00:00,BTC/USDT
1776559200000,75578.4,75578.4,75578.4,75578.4,0.00126,2026-04-19 00:40:00+00:00,BTC/USDT
1776559500000,75611.7,75611.7,75611.7,75611.7,0.00024,2026-04-19 00:45:00+00:00,BTC/USDT
1776559800000,75663.99,75663.99,75663.99,75663.99,3e-05,2026-04-19 00:50:00+00:00,BTC/USDT
1776560100000,75663.99,75663.99,75663.99,75663.99,0.0,2026-04-19 00:55:00+00:00,BTC/USDT
1776560400000,75796.7,75796.7,75763.32,75763.32,0.00325,2026-04-19 01:00:00+00:00,BTC/USDT
1776560700000,75748.81,75759.99,75721.99,75759.99,0.02932,2026-04-19 01:05:00+00:00,BTC/USDT
1776561000000,75633.25,75672.45,75633.24,75672.45,0.06696,2026-04-19 01:10:00+00:00,BTC/USDT
1776561300000,75638.6,75638.6,75598.3,75598.3,0.00087,2026-04-19 01:15:00+00:00,BTC/USDT
1776561600000,75616.25,75616.25,75597.8,75597.8,0.00013,2026-04-19 01:20:00+00:00,BTC/USDT
1776561900000,75601.77,75601.77,75560.41,75560.41,0.01295,2026-04-19 01:25:00+00:00,BTC/USDT
1776562200000,75560.1,75560.1,75500.0,75509.99,0.0254,2026-04-19 01:30:00+00:00,BTC/USDT
1776562500000,75510.72,75569.62,75506.48,75552.56,0.04812,2026-04-19 01:35:00+00:00,BTC/USDT
1776562800000,75552.56,75552.56,75552.56,75552.56,0.0,2026-04-19 01:40:00+00:00,BTC/USDT
1776563100000,75552.56,75552.56,75552.56,75552.56,0.0,2026-04-19 01:45:00+00:00,BTC/USDT
1776563400000,75587.04,75599.89,75586.8,75599.89,0.00717,2026-04-19 01:50:00+00:00,BTC/USDT
1776563700000,75637.4,75637.4,75606.79,75626.95,0.01234,2026-04-19 01:55:00+00:00,BTC/USDT
1776564000000,75620.37,75633.71,75597.6,75601.06,0.00139,2026-04-19 02:00:00+00:00,BTC/USDT
1776564300000,75616.59,75616.59,75600.04,75600.04,0.00086,2026-04-19 02:05:00+00:00,BTC/USDT
1776564600000,75623.72,75649.99,75622.87,75649.99,0.00357,2026-04-19 02:10:00+00:00,BTC/USDT
1776564900000,75631.8,75631.8,75631.8,75631.8,3e-05,2026-04-19 02:15:00+00:00,BTC/USDT
1776565200000,75670.19,75670.19,75589.71,75589.71,0.00012,2026-04-19 02:20:00+00:00,BTC/USDT
1776565500000,75437.68,75516.85,75419.25,75516.85,0.03667,2026-04-19 02:25:00+00:00,BTC/USDT
1776565800000,75481.68,75493.42,75459.72,75459.72,0.00076,2026-04-19 02:30:00+00:00,BTC/USDT
1776566100000,75459.72,75459.72,75459.72,75459.72,0.0,2026-04-19 02:35:00+00:00,BTC/USDT
1776566400000,75575.33,75692.0,75575.33,75692.0,0.00813,2026-04-19 02:40:00+00:00,BTC/USDT
1776566700000,75677.22,75677.22,75573.16,75573.16,0.02563,2026-04-19 02:45:00+00:00,BTC/USDT
1776567000000,75592.63,75592.63,75592.63,75592.63,9e-05,2026-04-19 02:50:00+00:00,BTC/USDT
1776567300000,75592.63,75592.63,75592.63,75592.63,0.0,2026-04-19 02:55:00+00:00,BTC/USDT
1776567600000,75497.21,75516.1,75457.48,75457.48,0.08081,2026-04-19 03:00:00+00:00,BTC/USDT
1776567900000,75431.73,75435.94,75375.8,75435.94,0.01045,2026-04-19 03:05:00+00:00,BTC/USDT
1776568200000,75484.45,75539.34,75484.45,75535.83,0.00603,2026-04-19 03:10:00+00:00,BTC/USDT
1776568500000,75535.83,75535.83,75535.83,75535.83,0.0,2026-04-19 03:15:00+00:00,BTC/USDT
1776568800000,75511.2,75511.2,75511.2,75511.2,0.00153,2026-04-19 03:20:00+00:00,BTC/USDT
1776569100000,75489.76,75489.76,75489.76,75489.76,0.0011,2026-04-19 03:25:00+00:00,BTC/USDT
1776569400000,75489.76,75489.76,75489.76,75489.76,0.0,2026-04-19 03:30:00+00:00,BTC/USDT
1776569700000,75584.99,75585.0,75584.99,75585.0,0.00488,2026-04-19 03:35:00+00:00,BTC/USDT
1776570000000,75585.54,75585.54,75580.5,75580.5,0.00668,2026-04-19 03:40:00+00:00,BTC/USDT
1776570300000,75616.31,75625.72,75616.31,75625.72,0.00728,2026-04-19 03:45:00+00:00,BTC/USDT
1776570600000,75600.01,75600.01,75600.01,75600.01,0.00036,2026-04-19 03:50:00+00:00,BTC/USDT
1776570900000,75600.01,75600.01,75600.01,75600.01,0.0,2026-04-19 03:55:00+00:00,BTC/USDT
1776571200000,75577.07,75605.2,75577.07,75605.2,0.00023,2026-04-19 04:00:00+00:00,BTC/USDT
1776571500000,75624.76,75639.84,75624.74,75639.1,0.00676,2026-04-19 04:05:00+00:00,BTC/USDT
1776571800000,75643.0,75746.59,75643.0,75745.64,0.0099,2026-04-19 04:10:00+00:00,BTC/USDT
1776572100000,75706.88,75767.21,75706.88,75738.36,0.00099,2026-04-19 04:15:00+00:00,BTC/USDT
1776572400000,75738.36,75738.36,75738.36,75738.36,0.0,2026-04-19 04:20:00+00:00,BTC/USDT
1776572700000,75719.25,75719.25,75704.02,75704.02,0.01719,2026-04-19 04:25:00+00:00,BTC/USDT
1776573000000,75594.01,75625.0,75594.01,75597.71,0.01533,2026-04-19 04:30:00+00:00,BTC/USDT
1776573300000,75654.5,75657.29,75654.5,75657.29,0.00264,2026-04-19 04:35:00+00:00,BTC/USDT
1776573600000,75567.42,75567.42,75523.01,75523.01,0.02342,2026-04-19 04:40:00+00:00,BTC/USDT
1776573900000,75587.53,75587.53,75587.53,75587.53,0.00277,2026-04-19 04:45:00+00:00,BTC/USDT
1776574200000,75705.39,75705.39,75705.39,75705.39,0.00264,2026-04-19 04:50:00+00:00,BTC/USDT
1776574500000,75677.25,75677.25,75677.25,75677.25,0.0014,2026-04-19 04:55:00+00:00,BTC/USDT
1776574800000,75688.59,75691.49,75554.27,75554.27,0.06873,2026-04-19 05:00:00+00:00,BTC/USDT
1776575100000,75560.35,75560.35,75550.38,75550.38,0.0028,2026-04-19 05:05:00+00:00,BTC/USDT
1776575400000,75556.39,75556.39,75556.39,75556.39,4e-05,2026-04-19 05:10:00+00:00,BTC/USDT
1776575700000,75556.39,75556.39,75556.39,75556.39,0.0066,2026-04-19 05:15:00+00:00,BTC/USDT
1776576000000,75556.39,75562.33,75556.39,75562.33,0.01319,2026-04-19 05:20:00+00:00,BTC/USDT
1776576300000,75562.33,75562.33,75562.33,75562.33,0.0,2026-04-19 05:25:00+00:00,BTC/USDT
1776576600000,75662.83,75662.83,75662.83,75662.83,0.00264,2026-04-19 05:30:00+00:00,BTC/USDT
1776576900000,75666.02,75666.02,75666.02,75666.02,7e-05,2026-04-19 05:35:00+00:00,BTC/USDT
1776577200000,75666.02,75666.02,75666.02,75666.02,0.0,2026-04-19 05:40:00+00:00,BTC/USDT
1776577500000,75603.62,75603.62,75603.62,75603.62,0.00264,2026-04-19 05:45:00+00:00,BTC/USDT
1776577800000,75603.69,75603.69,75603.69,75603.69,0.00022,2026-04-19 05:50:00+00:00,BTC/USDT
1776578100000,75603.69,75603.69,75603.69,75603.69,0.0,2026-04-19 05:55:00+00:00,BTC/USDT
1776578400000,75489.66,75489.66,75471.0,75471.0,0.04526,2026-04-19 06:00:00+00:00,BTC/USDT
1776578700000,75477.33,75477.33,75462.0,75462.0,0.0433,2026-04-19 06:05:00+00:00,BTC/USDT
1776579000000,75436.2,75468.74,75404.36,75429.75,0.00484,2026-04-19 06:10:00+00:00,BTC/USDT
1776579300000,75371.85,75371.85,75360.03,75360.03,0.0024,2026-04-19 06:15:00+00:00,BTC/USDT
1776579600000,75385.25,75436.96,75383.76,75436.96,0.00381,2026-04-19 06:20:00+00:00,BTC/USDT
1776579900000,75404.19,75404.19,75404.19,75404.19,0.00864,2026-04-19 06:25:00+00:00,BTC/USDT
1776580200000,75424.9,75470.23,75424.9,75470.23,0.00922,2026-04-19 06:30:00+00:00,BTC/USDT
1776580500000,75476.74,75476.74,75476.74,75476.74,0.0002,2026-04-19 06:35:00+00:00,BTC/USDT
1776580800000,75476.74,75476.74,75476.74,75476.74,0.0,2026-04-19 06:40:00+00:00,BTC/USDT
1776581100000,75423.13,75423.13,75420.19,75420.19,0.02116,2026-04-19 06:45:00+00:00,BTC/USDT
1776581400000,75396.84,75396.84,75396.84,75396.84,0.00012,2026-04-19 06:50:00+00:00,BTC/USDT
1776581700000,75396.84,75396.84,75396.84,75396.84,0.0,2026-04-19 06:55:00+00:00,BTC/USDT
1776582000000,75410.54,75410.54,75376.98,75376.98,0.00031,2026-04-19 07:00:00+00:00,BTC/USDT
1776582300000,75246.52,75256.98,75221.35,75236.9,0.00666,2026-04-19 07:05:00+00:00,BTC/USDT
1776582600000,75245.13,75260.59,75245.13,75260.59,0.00219,2026-04-19 07:10:00+00:00,BTC/USDT
1776582900000,75197.39,75199.21,75128.95,75128.95,0.01011,2026-04-19 07:15:00+00:00,BTC/USDT
1776583200000,75106.42,75106.42,74958.56,75036.79,0.03391,2026-04-19 07:20:00+00:00,BTC/USDT
1776583500000,75036.79,75036.79,75036.79,75036.79,0.0,2026-04-19 07:25:00+00:00,BTC/USDT
1776583800000,75034.11,75034.11,75034.11,75034.11,0.00026,2026-04-19 07:30:00+00:00,BTC/USDT
1776584100000,75077.48,75077.48,75077.48,75077.48,2e-05,2026-04-19 07:35:00+00:00,BTC/USDT
1776584400000,75159.28,75161.0,75159.28,75161.0,0.00712,2026-04-19 07:40:00+00:00,BTC/USDT
1776584700000,75190.83,75190.83,75190.83,75190.83,0.00021,2026-04-19 07:45:00+00:00,BTC/USDT
1776585000000,75171.71,75171.71,75171.71,75171.71,0.00021,2026-04-19 07:50:00+00:00,BTC/USDT
1776585300000,75171.71,75171.71,75171.71,75171.71,0.0,2026-04-19 07:55:00+00:00,BTC/USDT
1776585600000,75200.0,75204.61,75195.48,75204.61,0.00061,2026-04-19 08:00:00+00:00,BTC/USDT
1776585900000,75205.53,75235.29,75198.72,75235.29,0.0019,2026-04-19 08:05:00+00:00,BTC/USDT
1776586200000,75233.46,75233.46,75233.46,75233.46,0.01063,2026-04-19 08:10:00+00:00,BTC/USDT
1776586500000,75233.46,75233.46,75233.46,75233.46,0.0,2026-04-19 08:15:00+00:00,BTC/USDT
1776586800000,75229.6,75229.6,75225.28,75225.28,0.00022,2026-04-19 08:20:00+00:00,BTC/USDT
1776587100000,75225.28,75225.28,75225.28,75225.28,0.0,2026-04-19 08:25:00+00:00,BTC/USDT
1776587400000,75225.28,75225.28,75225.28,75225.28,0.0,2026-04-19 08:30:00+00:00,BTC/USDT
1776587700000,75225.28,75225.28,75225.28,75225.28,0.0,2026-04-19 08:35:00+00:00,BTC/USDT
1776588000000,75225.28,75225.28,75225.28,75225.28,0.0,2026-04-19 08:40:00+00:00,BTC/USDT
1776588300000,75243.92,75243.92,75220.17,75234.63,0.01517,2026-04-19 08:45:00+00:00,BTC/USDT
1776588600000,75220.17,75274.42,75220.17,75274.42,0.00231,2026-04-19 08:50:00+00:00,BTC/USDT
1776588900000,75274.42,75274.42,75274.42,75274.42,0.0,2026-04-19 08:55:00+00:00,BTC/USDT
1776589200000,75244.95,75244.95,75244.95,75244.95,0.00132,2026-04-19 09:00:00+00:00,BTC/USDT
1776589500000,75209.15,75212.79,75209.15,75212.79,0.00443,2026-04-19 09:05:00+00:00,BTC/USDT
1776589800000,75177.37,75177.37,75177.37,75177.37,7e-05,2026-04-19 09:10:00+00:00,BTC/USDT
1776590100000,75163.76,75163.76,75163.76,75163.76,0.00074,2026-04-19 09:15:00+00:00,BTC/USDT
1776590400000,75062.23,75062.23,75062.23,75062.23,0.00709,2026-04-19 09:20:00+00:00,BTC/USDT
1776590700000,75000.0,75049.61,75000.0,75049.61,0.00038,2026-04-19 09:25:00+00:00,BTC/USDT
1776591000000,75105.96,75105.96,75105.96,75105.96,0.00053,2026-04-19 09:30:00+00:00,BTC/USDT
1776591300000,75105.96,75105.96,75105.96,75105.96,0.0,2026-04-19 09:35:00+00:00,BTC/USDT
1776591600000,75076.03,75086.7,75076.03,75086.7,0.00018,2026-04-19 09:40:00+00:00,BTC/USDT
1776591900000,74956.98,74956.98,74956.98,74956.98,6e-05,2026-04-19 09:45:00+00:00,BTC/USDT
1776592200000,74968.16,74968.16,74956.98,74956.98,0.09337,2026-04-19 09:50:00+00:00,BTC/USDT
1776592500000,74956.98,74956.98,74956.98,74956.98,0.0,2026-04-19 09:55:00+00:00,BTC/USDT
1776592800000,75094.31,75094.31,75094.31,75094.31,0.00147,2026-04-19 10:00:00+00:00,BTC/USDT
1776593100000,75034.57,75034.57,75006.52,75006.52,0.01454,2026-04-19 10:05:00+00:00,BTC/USDT
1776593400000,75006.52,75006.52,75006.52,75006.52,0.0,2026-04-19 10:10:00+00:00,BTC/USDT
1776593700000,75024.49,75024.49,75024.49,75024.49,8e-05,2026-04-19 10:15:00+00:00,BTC/USDT
1776594000000,75011.51,75011.51,75011.51,75011.51,7e-05,2026-04-19 10:20:00+00:00,BTC/USDT
1776594300000,75115.98,75115.98,75115.98,75115.98,0.01245,2026-04-19 10:25:00+00:00,BTC/USDT
1776594600000,75110.17,75110.17,75110.17,75110.17,0.00027,2026-04-19 10:30:00+00:00,BTC/USDT
1776594900000,75110.17,75110.17,75110.17,75110.17,0.0,2026-04-19 10:35:00+00:00,BTC/USDT
1776595200000,75110.17,75110.17,75110.17,75110.17,0.0,2026-04-19 10:40:00+00:00,BTC/USDT
1776595500000,75056.08,75062.84,75056.08,75062.84,0.00042,2026-04-19 10:45:00+00:00,BTC/USDT
1776595800000,75062.84,75062.84,75062.84,75062.84,0.0,2026-04-19 10:50:00+00:00,BTC/USDT
1776596100000,75062.84,75062.84,75062.84,75062.84,0.0,2026-04-19 10:55:00+00:00,BTC/USDT
1776596400000,75213.17,75213.17,75213.17,75213.17,0.00013,2026-04-19 11:00:00+00:00,BTC/USDT
1776596700000,75235.62,75262.48,75225.59,75227.44,0.09547,2026-04-19 11:05:00+00:00,BTC/USDT
1776597000000,75432.49,75462.27,75375.74,75443.62,0.00438,2026-04-19 11:10:00+00:00,BTC/USDT
1776597300000,75443.62,75524.37,75443.62,75456.48,0.1099,2026-04-19 11:15:00+00:00,BTC/USDT
1776597600000,75433.78,75433.78,75408.39,75431.64,0.1218,2026-04-19 11:20:00+00:00,BTC/USDT
1776597900000,75426.35,75578.08,75389.92,75389.92,0.16293,2026-04-19 11:25:00+00:00,BTC/USDT
1776598200000,75389.92,75389.92,75389.92,75389.92,0.0,2026-04-19 11:30:00+00:00,BTC/USDT
1776598500000,75389.92,75389.92,75389.92,75389.92,0.0,2026-04-19 11:35:00+00:00,BTC/USDT
1776598800000,75479.08,75479.08,75479.08,75479.08,0.00013,2026-04-19 11:40:00+00:00,BTC/USDT
1776599100000,75521.5,75533.31,75521.5,75530.72,0.00169,2026-04-19 11:45:00+00:00,BTC/USDT
1776599400000,75587.02,75587.02,75587.02,75587.02,0.00015,2026-04-19 11:50:00+00:00,BTC/USDT
1776599700000,75587.02,75587.02,75587.02,75587.02,0.0,2026-04-19 11:55:00+00:00,BTC/USDT
1776600000000,75624.07,75624.07,75568.09,75601.5,0.01786,2026-04-19 12:00:00+00:00,BTC/USDT
1776600300000,75613.97,75672.1,75613.97,75657.47,0.01117,2026-04-19 12:05:00+00:00,BTC/USDT
1776600600000,75673.96,75673.96,75547.49,75609.47,0.0482,2026-04-19 12:10:00+00:00,BTC/USDT
1776600900000,75609.47,75609.47,75609.47,75609.47,0.0,2026-04-19 12:15:00+00:00,BTC/USDT
1776601200000,75609.47,75609.47,75609.47,75609.47,0.0,2026-04-19 12:20:00+00:00,BTC/USDT
1776601500000,75561.64,75561.64,75538.65,75538.65,0.00626,2026-04-19 12:25:00+00:00,BTC/USDT
1776601800000,75539.47,75539.47,75539.47,75539.47,0.0066,2026-04-19 12:30:00+00:00,BTC/USDT
1776602100000,75539.47,75539.47,75539.47,75539.47,0.0,2026-04-19 12:35:00+00:00,BTC/USDT
1776602400000,75488.09,75490.14,75488.09,75490.14,0.00054,2026-04-19 12:40:00+00:00,BTC/USDT
1776602700000,75507.48,75507.48,75507.48,75507.48,0.00079,2026-04-19 12:45:00+00:00,BTC/USDT
1776603000000,75507.48,75507.48,75507.48,75507.48,0.0,2026-04-19 12:50:00+00:00,BTC/USDT
1776603300000,75507.48,75507.48,75507.48,75507.48,0.0,2026-04-19 12:55:00+00:00,BTC/USDT
1776603600000,75629.2,75664.13,75629.2,75664.13,0.00185,2026-04-19 13:00:00+00:00,BTC/USDT
1776603900000,75767.19,75768.77,75767.19,75768.77,0.00059,2026-04-19 13:05:00+00:00,BTC/USDT
1776604200000,75746.23,75755.06,75713.92,75755.06,0.00299,2026-04-19 13:10:00+00:00,BTC/USDT
1776604500000,75769.07,76056.06,75769.07,76056.06,0.02141,2026-04-19 13:15:00+00:00,BTC/USDT
1776604800000,76094.1,76197.96,76048.55,76048.55,0.1196,2026-04-19 13:20:00+00:00,BTC/USDT
1776605100000,76137.08,76137.08,76010.24,76010.24,0.02544,2026-04-19 13:25:00+00:00,BTC/USDT
1776605400000,76010.24,76010.24,76010.24,76010.24,0.0,2026-04-19 13:30:00+00:00,BTC/USDT
1776605700000,75989.64,75989.64,75989.64,75989.64,0.0005,2026-04-19 13:35:00+00:00,BTC/USDT
1776606000000,76021.55,76021.55,76021.55,76021.55,6e-05,2026-04-19 13:40:00+00:00,BTC/USDT
1776606300000,75989.64,75989.64,75928.4,75928.4,0.18019,2026-04-19 13:45:00+00:00,BTC/USDT
1776606600000,75920.09,75920.09,75920.09,75920.09,0.0001,2026-04-19 13:50:00+00:00,BTC/USDT
1776606900000,75895.88,75895.88,75883.39,75885.58,0.06871,2026-04-19 13:55:00+00:00,BTC/USDT
1776607200000,75990.94,75990.94,75784.44,75814.86,0.04503,2026-04-19 14:00:00+00:00,BTC/USDT
1776607500000,75774.65,75774.65,75707.54,75707.54,0.01537,2026-04-19 14:05:00+00:00,BTC/USDT
1776607800000,75749.67,75812.61,75749.46,75812.23,0.00276,2026-04-19 14:10:00+00:00,BTC/USDT
1776608100000,75812.23,75812.23,75812.23,75812.23,0.0,2026-04-19 14:15:00+00:00,BTC/USDT
1776608400000,75858.22,75858.22,75858.22,75858.22,7e-05,2026-04-19 14:20:00+00:00,BTC/USDT
1776608700000,76017.16,76017.16,75987.13,75987.13,0.00802,2026-04-19 14:25:00+00:00,BTC/USDT
1776609000000,75987.13,75987.13,75987.13,75987.13,0.0,2026-04-19 14:30:00+00:00,BTC/USDT
1776609300000,75858.37,75858.37,75858.37,75858.37,0.04081,2026-04-19 14:35:00+00:00,BTC/USDT
1776609600000,76005.76,76005.76,76005.76,76005.76,0.00658,2026-04-19 14:40:00+00:00,BTC/USDT
1776609900000,76092.85,76092.85,76005.76,76005.76,0.43258,2026-04-19 14:45:00+00:00,BTC/USDT
1776610200000,76141.27,76146.89,76078.89,76081.82,0.02651,2026-04-19 14:50:00+00:00,BTC/USDT
1776610500000,76081.82,76081.82,76081.82,76081.82,0.0,2026-04-19 14:55:00+00:00,BTC/USDT
1776610800000,76038.26,76038.26,75967.8,76004.89,0.00085,2026-04-19 15:00:00+00:00,BTC/USDT
1776611100000,76013.12,76013.12,75904.81,75975.84,0.00085,2026-04-19 15:05:00+00:00,BTC/USDT
1776611400000,75975.84,76051.14,75975.84,76051.14,0.00788,2026-04-19 15:10:00+00:00,BTC/USDT
1776611700000,76022.01,76159.02,76022.01,76082.02,0.00139,2026-04-19 15:15:00+00:00,BTC/USDT
1776612000000,76007.91,76014.39,76007.91,76014.39,7e-05,2026-04-19 15:20:00+00:00,BTC/USDT
1776612300000,76000.34,76000.34,76000.34,76000.34,7e-05,2026-04-19 15:25:00+00:00,BTC/USDT
1776612600000,75774.39,75775.15,75774.39,75775.15,0.00046,2026-04-19 15:30:00+00:00,BTC/USDT
1776612900000,75671.25,75672.19,75427.95,75652.11,0.06052,2026-04-19 15:35:00+00:00,BTC/USDT
1776613200000,75755.16,75755.16,75755.16,75755.16,0.0015,2026-04-19 15:40:00+00:00,BTC/USDT
1776613500000,75809.65,75809.65,75809.65,75809.65,0.00264,2026-04-19 15:45:00+00:00,BTC/USDT
1776613800000,75767.31,75767.31,75711.81,75711.81,0.00407,2026-04-19 15:50:00+00:00,BTC/USDT
1776614100000,75711.81,75711.81,75711.81,75711.81,0.0,2026-04-19 15:55:00+00:00,BTC/USDT
1776614400000,75859.21,75859.21,75728.26,75728.26,0.0041,2026-04-19 16:00:00+00:00,BTC/USDT
1776614700000,75857.11,75857.11,75715.4,75715.4,0.00762,2026-04-19 16:05:00+00:00,BTC/USDT
1776615000000,75709.76,75709.76,75709.76,75709.76,0.00015,2026-04-19 16:10:00+00:00,BTC/USDT
1776615300000,75681.59,75704.47,75578.82,75645.2,0.01867,2026-04-19 16:15:00+00:00,BTC/USDT
1776615600000,75598.18,75598.18,75598.18,75598.18,0.00031,2026-04-19 16:20:00+00:00,BTC/USDT
1776615900000,75598.18,75598.18,75598.18,75598.18,0.0,2026-04-19 16:25:00+00:00,BTC/USDT
1776616200000,75590.0,75660.0,75582.74,75660.0,0.00027,2026-04-19 16:30:00+00:00,BTC/USDT
1776616500000,75660.0,75660.0,75660.0,75660.0,0.0,2026-04-19 16:35:00+00:00,BTC/USDT
1776616800000,75625.79,75625.79,75551.55,75551.55,0.00053,2026-04-19 16:40:00+00:00,BTC/USDT
1776617100000,75577.07,75605.67,75577.07,75605.67,0.00722,2026-04-19 16:45:00+00:00,BTC/USDT
1776617400000,75586.21,75586.21,75412.83,75412.83,0.00283,2026-04-19 16:50:00+00:00,BTC/USDT
1776617700000,75375.8,75379.65,75375.8,75379.65,0.00696,2026-04-19 16:55:00+00:00,BTC/USDT
1776618000000,75327.19,75330.89,75182.84,75182.84,0.07782,2026-04-19 17:00:00+00:00,BTC/USDT
1776618300000,75155.4,75234.74,75057.2,75205.44,0.00862,2026-04-19 17:05:00+00:00,BTC/USDT
1776618600000,75164.57,75256.73,75143.22,75256.73,0.00084,2026-04-19 17:10:00+00:00,BTC/USDT
1776618900000,75256.73,75256.73,75256.73,75256.73,0.0,2026-04-19 17:15:00+00:00,BTC/USDT
1776619200000,75256.73,75256.73,75256.73,75256.73,0.0,2026-04-19 17:20:00+00:00,BTC/USDT
1776619500000,75256.73,75256.73,75256.73,75256.73,0.0,2026-04-19 17:25:00+00:00,BTC/USDT
1776619800000,75256.73,75256.73,75256.73,75256.73,0.0,2026-04-19 17:30:00+00:00,BTC/USDT
1776620100000,75128.89,75194.56,75128.89,75153.4,0.03861,2026-04-19 17:35:00+00:00,BTC/USDT
1776620400000,75143.22,75167.78,75139.07,75139.07,0.00288,2026-04-19 17:40:00+00:00,BTC/USDT
1776620700000,75139.07,75139.07,75139.07,75139.07,0.0,2026-04-19 17:45:00+00:00,BTC/USDT
1776621000000,74958.56,74958.56,74668.47,74810.97,0.10168,2026-04-19 17:50:00+00:00,BTC/USDT
1776621300000,74805.84,74805.84,74805.84,74805.84,0.00019,2026-04-19 17:55:00+00:00,BTC/USDT
1776621600000,74797.11,74891.76,74673.49,74673.49,0.01538,2026-04-19 18:00:00+00:00,BTC/USDT
1776621900000,74729.53,74877.54,74729.53,74877.54,0.01028,2026-04-19 18:05:00+00:00,BTC/USDT
1776622200000,74877.54,74887.2,74825.66,74829.7,0.05221,2026-04-19 18:10:00+00:00,BTC/USDT
1776622500000,74806.43,74848.55,74787.11,74830.36,0.00536,2026-04-19 18:15:00+00:00,BTC/USDT
1776622800000,74743.34,74743.34,74743.34,74743.34,0.00042,2026-04-19 18:20:00+00:00,BTC/USDT
1776623100000,74816.58,74816.58,74816.58,74816.58,0.00721,2026-04-19 18:25:00+00:00,BTC/USDT
1776623400000,74795.56,74795.56,74760.35,74760.35,0.01212,2026-04-19 18:30:00+00:00,BTC/USDT
1776623700000,74760.35,74760.35,74760.35,74760.35,0.10834,2026-04-19 18:35:00+00:00,BTC/USDT
1776624000000,74705.76,74705.76,74671.6,74671.6,0.00033,2026-04-19 18:40:00+00:00,BTC/USDT
1776624300000,74694.28,74694.28,74694.28,74694.28,0.00267,2026-04-19 18:45:00+00:00,BTC/USDT
1776624600000,74694.28,74781.5,74694.28,74781.5,0.04638,2026-04-19 18:50:00+00:00,BTC/USDT
1776624900000,74762.89,74789.58,74762.89,74789.58,0.00027,2026-04-19 18:55:00+00:00,BTC/USDT
1776625200000,74789.58,74789.58,74789.58,74789.58,0.0,2026-04-19 19:00:00+00:00,BTC/USDT
1776625500000,74962.54,74977.42,74957.05,74959.99,0.0011,2026-04-19 19:05:00+00:00,BTC/USDT
1776625800000,74976.83,74976.83,74923.16,74972.24,0.00207,2026-04-19 19:10:00+00:00,BTC/USDT
1776626100000,74967.01,75004.32,74930.0,75004.32,0.02253,2026-04-19 19:15:00+00:00,BTC/USDT
1776626400000,75004.32,75004.32,75004.32,75004.32,0.0,2026-04-19 19:20:00+00:00,BTC/USDT
1776626700000,75004.32,75004.32,75004.32,75004.32,0.0,2026-04-19 19:25:00+00:00,BTC/USDT
1776627000000,75009.73,75025.92,74968.58,74968.58,0.00611,2026-04-19 19:30:00+00:00,BTC/USDT
1776627300000,74963.99,74973.16,74963.99,74973.16,0.05326,2026-04-19 19:35:00+00:00,BTC/USDT
1776627600000,75008.72,75008.72,75008.72,75008.72,0.00681,2026-04-19 19:40:00+00:00,BTC/USDT
1776627900000,74977.43,75020.09,74977.43,75020.09,0.00076,2026-04-19 19:45:00+00:00,BTC/USDT
1776628200000,74979.92,74979.92,74944.46,74974.29,0.00137,2026-04-19 19:50:00+00:00,BTC/USDT
1776628500000,74944.46,74980.94,74929.96,74971.03,0.00283,2026-04-19 19:55:00+00:00,BTC/USDT
1776628800000,74848.55,74848.55,74744.63,74744.63,0.0055,2026-04-19 20:00:00+00:00,BTC/USDT
1776629100000,74727.4,74785.92,74723.38,74777.15,0.016,2026-04-19 20:05:00+00:00,BTC/USDT
1776629400000,74820.78,74826.91,74816.95,74816.95,0.07226,2026-04-19 20:10:00+00:00,BTC/USDT
1776629700000,74815.24,74815.24,74815.24,74815.24,0.00609,2026-04-19 20:15:00+00:00,BTC/USDT
1776630000000,74815.24,74815.24,74815.24,74815.24,0.0,2026-04-19 20:20:00+00:00,BTC/USDT
1776630300000,74815.24,74815.24,74815.24,74815.24,0.0,2026-04-19 20:25:00+00:00,BTC/USDT
1776630600000,74815.24,74815.24,74815.24,74815.24,0.0,2026-04-19 20:30:00+00:00,BTC/USDT
1776630900000,74854.77,74874.32,74854.77,74874.32,0.00107,2026-04-19 20:35:00+00:00,BTC/USDT
1776631200000,74654.05,74654.05,74488.12,74489.08,0.1201,2026-04-19 20:40:00+00:00,BTC/USDT
1776631500000,74541.56,74558.32,74521.78,74521.78,0.08248,2026-04-19 20:45:00+00:00,BTC/USDT
1776631800000,74663.39,74713.78,74663.39,74713.78,0.01421,2026-04-19 20:50:00+00:00,BTC/USDT
1776632100000,74714.32,74714.32,74641.48,74641.48,0.0017,2026-04-19 20:55:00+00:00,BTC/USDT
1776632400000,74692.65,74692.65,74648.64,74652.34,0.02952,2026-04-19 21:00:00+00:00,BTC/USDT
1776632700000,74706.02,74728.21,74685.88,74720.58,0.0154,2026-04-19 21:05:00+00:00,BTC/USDT
1776633000000,74712.91,74712.91,74636.28,74697.04,0.00153,2026-04-19 21:10:00+00:00,BTC/USDT
1776633300000,74674.92,74674.92,74583.6,74644.27,0.01602,2026-04-19 21:15:00+00:00,BTC/USDT
1776633600000,74645.2,74645.21,74645.2,74645.21,0.04114,2026-04-19 21:20:00+00:00,BTC/USDT
1776633900000,74645.21,74645.21,74645.21,74645.21,0.0,2026-04-19 21:25:00+00:00,BTC/USDT
1776634200000,74755.97,74789.44,74755.97,74759.74,0.00141,2026-04-19 21:30:00+00:00,BTC/USDT
1776634500000,74736.72,74736.72,74736.72,74736.72,0.00025,2026-04-19 21:35:00+00:00,BTC/USDT
1776634800000,74756.31,74756.31,74756.31,74756.31,0.00667,2026-04-19 21:40:00+00:00,BTC/USDT
1776635100000,74769.26,74769.26,74769.26,74769.26,6e-05,2026-04-19 21:45:00+00:00,BTC/USDT
1776635400000,74591.89,74633.03,74405.0,74474.98,0.18901,2026-04-19 21:50:00+00:00,BTC/USDT
1776635700000,74469.96,74469.96,74438.51,74438.95,0.00848,2026-04-19 21:55:00+00:00,BTC/USDT
1776636000000,74408.09,74408.09,73847.99,73847.99,0.48772,2026-04-19 22:00:00+00:00,BTC/USDT
1776636300000,73888.95,74173.86,73888.95,74149.13,0.09397,2026-04-19 22:05:00+00:00,BTC/USDT
1776636600000,74134.94,74134.94,73992.47,74020.63,0.05224,2026-04-19 22:10:00+00:00,BTC/USDT
1776636900000,73988.28,74025.89,73988.28,74025.89,0.01287,2026-04-19 22:15:00+00:00,BTC/USDT
1776637200000,74006.11,74006.11,73772.07,73893.44,0.07527,2026-04-19 22:20:00+00:00,BTC/USDT
1776637500000,73893.44,73994.52,73839.73,73994.52,0.04897,2026-04-19 22:25:00+00:00,BTC/USDT
1776637800000,73914.29,74121.7,73914.29,73965.85,0.17075,2026-04-19 22:30:00+00:00,BTC/USDT
1776638100000,74077.18,74109.91,74077.18,74109.91,0.05456,2026-04-19 22:35:00+00:00,BTC/USDT
1776638400000,74154.17,74154.17,74154.17,74154.17,0.00408,2026-04-19 22:40:00+00:00,BTC/USDT
1776638700000,74077.18,74077.18,74077.18,74077.18,0.002,2026-04-19 22:45:00+00:00,BTC/USDT
1776639000000,74077.18,74077.18,74077.18,74077.18,0.0,2026-04-19 22:50:00+00:00,BTC/USDT
1776639300000,74165.87,74168.42,74054.25,74054.25,0.03837,2026-04-19 22:55:00+00:00,BTC/USDT
1776639600000,74042.92,74042.92,73870.22,73912.73,0.03974,2026-04-19 23:00:00+00:00,BTC/USDT
1776639900000,73931.95,73949.5,73887.65,73935.61,0.00226,2026-04-19 23:05:00+00:00,BTC/USDT
1776640200000,73958.95,74015.93,73936.22,74015.93,0.01908,2026-04-19 23:10:00+00:00,BTC/USDT
1776640500000,73933.83,73933.83,73814.01,73914.36,0.0015,2026-04-19 23:15:00+00:00,BTC/USDT
1776640800000,73899.78,73899.78,73872.39,73872.39,0.00571,2026-04-19 23:20:00+00:00,BTC/USDT
1776641100000,73918.72,73918.72,73903.33,73903.33,0.00311,2026-04-19 23:25:00+00:00,BTC/USDT
1776641400000,73928.56,73928.56,73850.64,73850.64,0.0006,2026-04-19 23:30:00+00:00,BTC/USDT
1776641700000,73901.21,73928.32,73869.06,73869.06,0.00326,2026-04-19 23:35:00+00:00,BTC/USDT
1776642000000,73863.99,73871.9,73863.99,73871.9,0.0006,2026-04-19 23:40:00+00:00,BTC/USDT
1776642300000,73887.97,73887.97,73756.7,73756.7,0.31553,2026-04-19 23:45:00+00:00,BTC/USDT
1776642600000,73943.03,73969.59,73911.83,73911.83,0.0144,2026-04-19 23:50:00+00:00,BTC/USDT
1776642900000,73793.74,73793.74,73793.74,73793.74,0.00024,2026-04-19 23:55:00+00:00,BTC/USDT
1776643200000,73756.7,74125.17,73740.31,74125.17,0.20203,2026-04-20 00:00:00+00:00,BTC/USDT
1776643500000,74074.62,74080.7,73974.34,74077.8,0.16486,2026-04-20 00:05:00+00:00,BTC/USDT
1776643800000,74061.95,74132.99,74061.95,74097.73,0.0058,2026-04-20 00:10:00+00:00,BTC/USDT
1776644100000,74140.88,74183.93,74136.52,74136.52,0.00013,2026-04-20 00:15:00+00:00,BTC/USDT
1776644400000,74106.85,74235.4,74106.85,74235.4,0.00529,2026-04-20 00:20:00+00:00,BTC/USDT
1776644700000,74242.69,74263.98,74242.11,74242.11,0.00725,2026-04-20 00:25:00+00:00,BTC/USDT
1776645000000,74190.51,74283.66,74190.51,74264.22,0.00266,2026-04-20 00:30:00+00:00,BTC/USDT
1776645300000,74229.28,74229.28,74168.08,74174.02,1.48373,2026-04-20 00:35:00+00:00,BTC/USDT
1776645600000,74179.15,74213.06,74171.26,74177.23,0.00934,2026-04-20 00:40:00+00:00,BTC/USDT
1776645900000,74183.29,74264.12,74177.6,74264.12,0.00094,2026-04-20 00:45:00+00:00,BTC/USDT
1776646200000,74250.03,74364.04,74250.03,74323.09,0.00426,2026-04-20 00:50:00+00:00,BTC/USDT
1776646500000,74289.04,74344.3,74274.64,74289.56,0.00455,2026-04-20 00:55:00+00:00,BTC/USDT
1776646800000,74300.9,74350.01,74300.9,74308.27,0.02165,2026-04-20 01:00:00+00:00,BTC/USDT
1776647100000,74290.34,74354.15,74253.78,74333.44,0.08649,2026-04-20 01:05:00+00:00,BTC/USDT
1776647400000,74324.29,74352.6,74324.29,74351.62,0.00511,2026-04-20 01:10:00+00:00,BTC/USDT
1776647700000,74360.6,74360.6,74309.05,74335.18,0.04638,2026-04-20 01:15:00+00:00,BTC/USDT
1776648000000,74226.2,74265.42,74215.18,74265.42,0.05071,2026-04-20 01:20:00+00:00,BTC/USDT
1776648300000,74265.42,74285.42,74265.42,74285.42,0.05786,2026-04-20 01:25:00+00:00,BTC/USDT
1776648600000,74346.98,74609.55,74346.98,74499.16,0.032,2026-04-20 01:30:00+00:00,BTC/USDT
1776648900000,74609.55,74642.76,74609.55,74621.65,0.00048,2026-04-20 01:35:00+00:00,BTC/USDT
1776649200000,74600.73,74721.39,74600.73,74659.88,0.01354,2026-04-20 01:40:00+00:00,BTC/USDT
1776649500000,74731.34,74731.34,74696.25,74696.25,0.00018,2026-04-20 01:45:00+00:00,BTC/USDT
1776649800000,74658.83,74726.19,74658.83,74723.03,0.01606,2026-04-20 01:50:00+00:00,BTC/USDT
1776650100000,74550.84,74605.67,74550.84,74603.29,0.01078,2026-04-20 01:55:00+00:00,BTC/USDT
1776650400000,74554.97,74554.97,74503.67,74516.09,0.06032,2026-04-20 02:00:00+00:00,BTC/USDT
1776650700000,74507.08,74564.42,74492.87,74557.57,0.10836,2026-04-20 02:05:00+00:00,BTC/USDT
1776651000000,74544.89,74544.89,74544.89,74544.89,0.0002,2026-04-20 02:10:00+00:00,BTC/USDT
1776651300000,74370.21,74441.32,74312.22,74388.6,0.05131,2026-04-20 02:15:00+00:00,BTC/USDT
1776651600000,74388.6,74388.6,74388.6,74388.6,0.0,2026-04-20 02:20:00+00:00,BTC/USDT
1776651900000,74388.6,74388.6,74388.6,74388.6,0.0,2026-04-20 02:25:00+00:00,BTC/USDT
1776652200000,74452.8,74460.77,74452.8,74460.77,0.00958,2026-04-20 02:30:00+00:00,BTC/USDT
1776652500000,74500.0,74500.0,74500.0,74500.0,0.00016,2026-04-20 02:35:00+00:00,BTC/USDT
1776652800000,74494.76,74500.0,74467.55,74500.0,0.16301,2026-04-20 02:40:00+00:00,BTC/USDT
1776653100000,74500.0,74500.0,74480.41,74483.66,0.03424,2026-04-20 02:45:00+00:00,BTC/USDT
1776653400000,74473.86,74487.67,74465.26,74487.67,0.0075,2026-04-20 02:50:00+00:00,BTC/USDT
1776653700000,74442.33,74442.33,74437.1,74437.1,0.00173,2026-04-20 02:55:00+00:00,BTC/USDT
1776654000000,74421.01,74426.92,74421.01,74425.29,0.00176,2026-04-20 03:00:00+00:00,BTC/USDT
1776654300000,74385.61,74391.37,74382.43,74384.23,0.05294,2026-04-20 03:05:00+00:00,BTC/USDT
1776654600000,74413.67,74500.0,74413.67,74500.0,0.00228,2026-04-20 03:10:00+00:00,BTC/USDT
1776654900000,74500.0,74500.0,74432.89,74432.89,0.00216,2026-04-20 03:15:00+00:00,BTC/USDT
1776655200000,74425.45,74591.51,74425.45,74591.51,0.66949,2026-04-20 03:20:00+00:00,BTC/USDT
1776655500000,74540.16,74540.16,74540.16,74540.16,0.01341,2026-04-20 03:25:00+00:00,BTC/USDT
1776655800000,74540.16,74540.16,74540.16,74540.16,0.0,2026-04-20 03:30:00+00:00,BTC/USDT
1776656100000,74511.97,74522.69,74511.97,74522.69,0.03355,2026-04-20 03:35:00+00:00,BTC/USDT
1776656400000,74522.69,74522.69,74522.69,74522.69,0.0,2026-04-20 03:40:00+00:00,BTC/USDT
1776656700000,74584.55,74588.83,74559.0,74588.83,0.0032,2026-04-20 03:45:00+00:00,BTC/USDT
1776657000000,74604.21,74604.21,74568.44,74595.51,0.01592,2026-04-20 03:50:00+00:00,BTC/USDT
1776657300000,74632.33,74656.55,74620.18,74648.68,0.00727,2026-04-20 03:55:00+00:00,BTC/USDT
1776657600000,74644.57,74644.57,74601.47,74604.7,0.01793,2026-04-20 04:00:00+00:00,BTC/USDT
1776657900000,74537.59,74575.62,74537.59,74575.62,0.01127,2026-04-20 04:05:00+00:00,BTC/USDT
1776658200000,74543.76,74551.18,74512.96,74512.96,0.00357,2026-04-20 04:10:00+00:00,BTC/USDT
1776658500000,74515.68,74515.68,74482.61,74498.86,0.00862,2026-04-20 04:15:00+00:00,BTC/USDT
1776658800000,74476.61,74478.36,74470.18,74470.18,0.07379,2026-04-20 04:20:00+00:00,BTC/USDT
1776659100000,74478.5,74519.42,74478.5,74519.42,0.00058,2026-04-20 04:25:00+00:00,BTC/USDT
1776659400000,74462.74,74462.74,74462.74,74462.74,5e-05,2026-04-20 04:30:00+00:00,BTC/USDT
1776659700000,74485.0,74485.0,74485.0,74485.0,0.00049,2026-04-20 04:35:00+00:00,BTC/USDT
1776660000000,74485.0,74485.0,74485.0,74485.0,0.0,2026-04-20 04:40:00+00:00,BTC/USDT
1776660300000,74463.47,74578.73,74463.47,74574.03,0.01057,2026-04-20 04:45:00+00:00,BTC/USDT
1776660600000,74595.59,74613.39,74568.27,74568.27,0.00057,2026-04-20 04:50:00+00:00,BTC/USDT
1776660900000,74538.3,74538.3,74538.3,74538.3,0.00016,2026-04-20 04:55:00+00:00,BTC/USDT
1776661200000,74575.64,74575.64,74465.54,74466.6,0.00928,2026-04-20 05:00:00+00:00,BTC/USDT
1776661500000,74343.58,74343.58,74343.58,74343.58,0.00737,2026-04-20 05:05:00+00:00,BTC/USDT
1776661800000,74310.94,74328.5,74310.94,74328.5,0.00806,2026-04-20 05:10:00+00:00,BTC/USDT
1776662100000,74328.5,74328.5,74328.5,74328.5,0.0,2026-04-20 05:15:00+00:00,BTC/USDT
1776662400000,74219.19,74230.8,74197.11,74230.8,0.00511,2026-04-20 05:20:00+00:00,BTC/USDT
1776662700000,74164.57,74164.57,74164.57,74164.57,0.00016,2026-04-20 05:25:00+00:00,BTC/USDT
1776663000000,74186.5,74193.78,74186.5,74193.78,0.04857,2026-04-20 05:30:00+00:00,BTC/USDT
1776663300000,74203.58,74233.91,74203.58,74233.91,9e-05,2026-04-20 05:35:00+00:00,BTC/USDT
1776663600000,74136.57,74136.57,74136.57,74136.57,0.02445,2026-04-20 05:40:00+00:00,BTC/USDT
1776663900000,74115.74,74115.74,74115.74,74115.74,0.00072,2026-04-20 05:45:00+00:00,BTC/USDT
1776664200000,74243.36,74303.19,74243.36,74303.19,0.00145,2026-04-20 05:50:00+00:00,BTC/USDT
1776664500000,74304.13,74304.13,74304.13,74304.13,0.00081,2026-04-20 05:55:00+00:00,BTC/USDT
1776664800000,74291.56,74425.27,74291.56,74425.27,0.00188,2026-04-20 06:00:00+00:00,BTC/USDT
1776665100000,74376.32,74376.32,74376.32,74376.32,5e-05,2026-04-20 06:05:00+00:00,BTC/USDT
1776665400000,74344.55,74344.56,74311.18,74328.97,0.00564,2026-04-20 06:10:00+00:00,BTC/USDT
1776665700000,74386.46,74412.08,74386.46,74412.08,0.0001,2026-04-20 06:15:00+00:00,BTC/USDT
1776666000000,74410.42,74410.42,74372.04,74372.04,0.00591,2026-04-20 06:20:00+00:00,BTC/USDT
1776666300000,74372.04,74372.04,74372.04,74372.04,0.0,2026-04-20 06:25:00+00:00,BTC/USDT
1776666600000,74421.57,74530.09,74421.57,74530.09,0.0004,2026-04-20 06:30:00+00:00,BTC/USDT
1776666900000,74544.73,74569.94,74544.73,74569.94,0.00015,2026-04-20 06:35:00+00:00,BTC/USDT
1776667200000,74586.15,74880.64,74586.15,74724.66,0.01722,2026-04-20 06:40:00+00:00,BTC/USDT
1776667500000,74723.88,74723.88,74723.88,74723.88,0.00049,2026-04-20 06:45:00+00:00,BTC/USDT
1776667800000,74703.06,74705.45,74703.06,74705.45,0.00387,2026-04-20 06:50:00+00:00,BTC/USDT
1776668100000,74672.16,74741.36,74672.16,74741.36,0.00857,2026-04-20 06:55:00+00:00,BTC/USDT
1776668400000,74847.87,74847.87,74808.57,74842.24,0.00064,2026-04-20 07:00:00+00:00,BTC/USDT
1776668700000,74789.19,74789.19,74777.0,74777.0,0.00192,2026-04-20 07:05:00+00:00,BTC/USDT
1776669000000,74790.71,74831.94,74774.2,74802.3,0.00921,2026-04-20 07:10:00+00:00,BTC/USDT
1776669300000,74766.27,74897.58,74766.27,74897.58,0.36497,2026-04-20 07:15:00+00:00,BTC/USDT
1776669600000,74917.52,75555.84,74917.52,75405.7,0.42962,2026-04-20 07:20:00+00:00,BTC/USDT
1776669900000,75405.17,75414.94,75179.5,75197.75,0.07732,2026-04-20 07:25:00+00:00,BTC/USDT
1776670200000,75161.12,75161.12,75057.2,75057.2,0.01629,2026-04-20 07:30:00+00:00,BTC/USDT
1776670500000,74897.58,74897.58,74864.86,74864.86,0.01057,2026-04-20 07:35:00+00:00,BTC/USDT
1776670800000,74938.91,74963.53,74938.91,74963.53,0.00103,2026-04-20 07:40:00+00:00,BTC/USDT
1776671100000,74962.8,74962.8,74962.8,74962.8,2e-05,2026-04-20 07:45:00+00:00,BTC/USDT
1776671400000,74815.14,74815.14,74666.95,74709.44,0.04059,2026-04-20 07:50:00+00:00,BTC/USDT
1776671700000,74805.16,74818.98,74757.15,74818.98,0.00041,2026-04-20 07:55:00+00:00,BTC/USDT
1776672000000,74834.2,74834.2,74717.69,74722.13,0.00366,2026-04-20 08:00:00+00:00,BTC/USDT
1776672300000,74698.66,74751.83,74698.66,74718.76,0.00037,2026-04-20 08:05:00+00:00,BTC/USDT
1776672600000,74763.04,74791.93,74763.04,74791.93,0.00015,2026-04-20 08:10:00+00:00,BTC/USDT
1776672900000,74802.5,74881.54,74802.5,74881.54,0.00081,2026-04-20 08:15:00+00:00,BTC/USDT
1776673200000,74963.33,74963.34,74962.59,74963.34,0.0568,2026-04-20 08:20:00+00:00,BTC/USDT
1776673500000,74963.34,74963.34,74963.34,74963.34,0.0,2026-04-20 08:25:00+00:00,BTC/USDT
1776673800000,74815.57,74939.76,74815.57,74939.76,0.05114,2026-04-20 08:30:00+00:00,BTC/USDT
1776674100000,74939.76,74939.76,74939.76,74939.76,0.0,2026-04-20 08:35:00+00:00,BTC/USDT
1776674400000,74939.76,74939.76,74939.76,74939.76,0.0,2026-04-20 08:40:00+00:00,BTC/USDT
1776674700000,74785.37,74785.37,74783.13,74783.13,0.04621,2026-04-20 08:45:00+00:00,BTC/USDT
1776675000000,74700.0,74700.0,74700.0,74700.0,0.02279,2026-04-20 08:50:00+00:00,BTC/USDT
1776675300000,74700.0,74700.0,74700.0,74700.0,0.0,2026-04-20 08:55:00+00:00,BTC/USDT
1776675600000,74700.0,74700.0,74700.0,74700.0,0.0,2026-04-20 09:00:00+00:00,BTC/USDT
1776675900000,74852.0,74949.5,74852.0,74946.56,0.00318,2026-04-20 09:05:00+00:00,BTC/USDT
1776676200000,75057.2,75057.2,75057.2,75057.2,0.00266,2026-04-20 09:10:00+00:00,BTC/USDT
1776676500000,75075.61,75075.61,75075.61,75075.61,0.0006,2026-04-20 09:15:00+00:00,BTC/USDT
1776676800000,75090.49,75090.49,75060.11,75060.11,0.00772,2026-04-20 09:20:00+00:00,BTC/USDT
1776677100000,75039.03,75039.03,74996.72,74996.72,0.00415,2026-04-20 09:25:00+00:00,BTC/USDT
1776677400000,74979.79,74979.79,74979.79,74979.79,0.00012,2026-04-20 09:30:00+00:00,BTC/USDT
1776677700000,75022.25,75022.25,75022.25,75022.25,0.00074,2026-04-20 09:35:00+00:00,BTC/USDT
1776678000000,75184.77,75184.77,75184.77,75184.77,0.00039,2026-04-20 09:40:00+00:00,BTC/USDT
1776678300000,75184.77,75184.77,75138.85,75138.85,0.00052,2026-04-20 09:45:00+00:00,BTC/USDT
1776678600000,75061.76,75061.76,75061.76,75061.76,0.00012,2026-04-20 09:50:00+00:00,BTC/USDT
1776678900000,75061.76,75061.76,75061.76,75061.76,0.0,2026-04-20 09:55:00+00:00,BTC/USDT
1776679200000,75073.43,75168.33,75073.43,75168.33,0.01007,2026-04-20 10:00:00+00:00,BTC/USDT
1776679500000,75243.51,75250.42,75226.7,75250.42,0.00356,2026-04-20 10:05:00+00:00,BTC/USDT
1776679800000,75306.72,75358.92,75294.78,75323.0,0.35035,2026-04-20 10:10:00+00:00,BTC/USDT
1776680100000,75375.8,75401.45,75375.8,75401.45,0.40551,2026-04-20 10:15:00+00:00,BTC/USDT
1776680400000,75401.45,75401.45,75401.45,75401.45,0.0,2026-04-20 10:20:00+00:00,BTC/USDT
1776680700000,75401.45,75401.45,75401.45,75401.45,0.0,2026-04-20 10:25:00+00:00,BTC/USDT
1776681000000,75212.84,75212.84,75212.84,75212.84,0.00066,2026-04-20 10:30:00+00:00,BTC/USDT
1776681300000,75212.84,75212.84,75212.84,75212.84,0.0,2026-04-20 10:35:00+00:00,BTC/USDT
1776681600000,75160.14,75160.14,75160.14,75160.14,0.00987,2026-04-20 10:40:00+00:00,BTC/USDT
1776681900000,75160.14,75160.14,75160.14,75160.14,0.0,2026-04-20 10:45:00+00:00,BTC/USDT
1776682200000,75160.14,75160.14,75160.14,75160.14,0.0,2026-04-20 10:50:00+00:00,BTC/USDT
1776682500000,75160.14,75160.14,75160.14,75160.14,0.0,2026-04-20 10:55:00+00:00,BTC/USDT
1776682800000,75004.89,75004.89,75004.89,75004.89,0.00033,2026-04-20 11:00:00+00:00,BTC/USDT
1776683100000,75120.11,75174.58,75120.11,75174.58,0.00086,2026-04-20 11:05:00+00:00,BTC/USDT
1776683400000,75141.36,75179.99,75139.68,75179.92,0.00887,2026-04-20 11:10:00+00:00,BTC/USDT
1776683700000,75206.06,75262.71,75188.81,75188.81,0.00774,2026-04-20 11:15:00+00:00,BTC/USDT
1776684000000,75100.12,75179.86,75100.12,75179.86,0.00741,2026-04-20 11:20:00+00:00,BTC/USDT
1776684300000,75218.15,75218.15,75185.29,75185.29,0.0018,2026-04-20 11:25:00+00:00,BTC/USDT
1776684600000,75169.51,75228.39,75169.51,75217.8,0.06048,2026-04-20 11:30:00+00:00,BTC/USDT
1776684900000,75221.65,75274.95,75221.65,75274.95,0.00536,2026-04-20 11:35:00+00:00,BTC/USDT
1776685200000,75230.59,75230.59,75230.59,75230.59,0.00066,2026-04-20 11:40:00+00:00,BTC/USDT
1776685500000,75212.84,75223.31,75212.84,75223.31,0.00757,2026-04-20 11:45:00+00:00,BTC/USDT
1776685800000,75223.31,75223.31,75223.31,75223.31,0.0,2026-04-20 11:50:00+00:00,BTC/USDT
1776686100000,75155.48,75155.48,75155.48,75155.48,0.00026,2026-04-20 11:55:00+00:00,BTC/USDT
1776686400000,75188.27,75193.7,75074.28,75193.7,0.04262,2026-04-20 12:00:00+00:00,BTC/USDT
1776686700000,75310.11,75320.02,75276.83,75320.02,0.0998,2026-04-20 12:05:00+00:00,BTC/USDT
1776687000000,75324.78,75403.15,75324.78,75370.96,0.00415,2026-04-20 12:10:00+00:00,BTC/USDT
1776687300000,75374.36,75441.97,75374.36,75441.97,0.00892,2026-04-20 12:15:00+00:00,BTC/USDT
1776687600000,75496.32,75624.07,75496.32,75506.79,0.00666,2026-04-20 12:20:00+00:00,BTC/USDT
1776687900000,75507.57,75508.15,75507.57,75508.15,0.03381,2026-04-20 12:25:00+00:00,BTC/USDT
1776688200000,75454.35,75505.0,75379.49,75379.96,1.34618,2026-04-20 12:30:00+00:00,BTC/USDT
1776688500000,75333.33,75333.33,75243.51,75285.89,0.00966,2026-04-20 12:35:00+00:00,BTC/USDT
1776688800000,75166.67,75166.67,75082.95,75152.23,0.05758,2026-04-20 12:40:00+00:00,BTC/USDT
1776689100000,75229.66,75298.39,75229.66,75298.39,0.13302,2026-04-20 12:45:00+00:00,BTC/USDT
1776689400000,75333.33,75360.92,75333.33,75335.94,0.00107,2026-04-20 12:50:00+00:00,BTC/USDT
1776689700000,75281.89,75281.89,75262.67,75262.67,0.00111,2026-04-20 12:55:00+00:00,BTC/USDT
1776690000000,75274.51,75274.51,75185.65,75185.65,0.00025,2026-04-20 13:00:00+00:00,BTC/USDT
1776690300000,75174.07,75333.33,75139.3,75314.53,0.25437,2026-04-20 13:05:00+00:00,BTC/USDT
1776690600000,75295.73,75298.34,75248.78,75248.78,0.00605,2026-04-20 13:10:00+00:00,BTC/USDT
1776690900000,75166.67,75166.67,75092.7,75095.48,0.00415,2026-04-20 13:15:00+00:00,BTC/USDT
1776691200000,75078.53,75078.53,75057.2,75057.2,0.00532,2026-04-20 13:20:00+00:00,BTC/USDT
1776691500000,75048.08,75107.49,75048.08,75107.49,0.02374,2026-04-20 13:25:00+00:00,BTC/USDT
1776691800000,75090.64,75211.51,74891.88,75211.51,1.34277,2026-04-20 13:30:00+00:00,BTC/USDT
1776692100000,75272.54,75413.37,75260.98,75275.58,0.03736,2026-04-20 13:35:00+00:00,BTC/USDT
1776692400000,75166.67,75187.81,75166.67,75170.95,0.00144,2026-04-20 13:40:00+00:00,BTC/USDT
1776692700000,75280.88,75280.88,75076.2,75087.22,0.00431,2026-04-20 13:45:00+00:00,BTC/USDT
1776693000000,75059.71,75059.71,75000.0,75039.89,0.05222,2026-04-20 13:50:00+00:00,BTC/USDT
1776693300000,75078.4,75230.5,75078.4,75230.5,0.00134,2026-04-20 13:55:00+00:00,BTC/USDT
1776693600000,75228.77,75230.89,75147.95,75147.95,0.00165,2026-04-20 14:00:00+00:00,BTC/USDT
1776693900000,75204.99,75232.68,75202.99,75231.8,0.00147,2026-04-20 14:05:00+00:00,BTC/USDT
1776694200000,75173.74,75173.74,75069.11,75085.1,0.00186,2026-04-20 14:10:00+00:00,BTC/USDT
1776694500000,75049.22,75252.49,75043.01,75252.49,0.13392,2026-04-20 14:15:00+00:00,BTC/USDT
1776694800000,75333.33,75564.58,75333.33,75499.1,0.04431,2026-04-20 14:20:00+00:00,BTC/USDT
1776695100000,75617.09,75719.28,75492.74,75494.82,0.85918,2026-04-20 14:25:00+00:00,BTC/USDT
1776695400000,75615.78,75615.78,75615.78,75615.78,0.00066,2026-04-20 14:30:00+00:00,BTC/USDT
1776695700000,75484.89,75494.77,75484.89,75491.41,0.01457,2026-04-20 14:35:00+00:00,BTC/USDT
1776696000000,75333.33,75337.65,75209.62,75234.3,0.064,2026-04-20 14:40:00+00:00,BTC/USDT
1776696300000,75295.58,75333.23,75295.58,75333.23,0.00113,2026-04-20 14:45:00+00:00,BTC/USDT
1776696600000,75368.55,75368.55,75000.0,75000.0,0.18972,2026-04-20 14:50:00+00:00,BTC/USDT
1776696900000,74976.73,75035.09,74938.71,75035.09,0.00968,2026-04-20 14:55:00+00:00,BTC/USDT
1776697200000,75077.19,75084.14,74737.65,74740.52,0.03081,2026-04-20 15:00:00+00:00,BTC/USDT
1776697500000,74873.95,74896.94,74816.06,74820.9,0.01788,2026-04-20 15:05:00+00:00,BTC/USDT
1776697800000,74836.54,75044.79,74836.54,75044.79,0.00773,2026-04-20 15:10:00+00:00,BTC/USDT
1776698100000,75108.72,75183.61,75108.72,75183.61,0.00046,2026-04-20 15:15:00+00:00,BTC/USDT
1776698400000,75158.0,75507.54,75158.0,75455.89,0.10997,2026-04-20 15:20:00+00:00,BTC/USDT
1776698700000,75468.18,75756.1,75436.07,75756.1,0.02227,2026-04-20 15:25:00+00:00,BTC/USDT
1776699000000,75713.29,75726.5,75505.8,75516.2,0.06825,2026-04-20 15:30:00+00:00,BTC/USDT
1776699300000,75635.27,75635.27,75596.05,75596.05,0.00659,2026-04-20 15:35:00+00:00,BTC/USDT
1776699600000,75615.13,75714.47,75580.77,75580.77,0.00871,2026-04-20 15:40:00+00:00,BTC/USDT
1776699900000,75563.03,75686.72,75544.8,75686.72,0.00111,2026-04-20 15:45:00+00:00,BTC/USDT
1776700200000,75589.83,75632.26,75589.83,75632.26,0.0004,2026-04-20 15:50:00+00:00,BTC/USDT
1776700500000,75696.79,75721.85,75696.79,75696.79,0.00018,2026-04-20 15:55:00+00:00,BTC/USDT
1776700800000,75703.86,75703.86,75530.81,75530.81,0.06889,2026-04-20 16:00:00+00:00,BTC/USDT
1776701100000,75530.87,75545.41,75458.93,75474.89,0.01018,2026-04-20 16:05:00+00:00,BTC/USDT
1776701400000,75487.12,75508.85,75430.71,75430.71,0.01976,2026-04-20 16:10:00+00:00,BTC/USDT
1776701700000,75439.23,75439.23,75372.31,75439.23,0.01031,2026-04-20 16:15:00+00:00,BTC/USDT
1776702000000,75429.6,75486.2,75387.75,75481.13,0.00993,2026-04-20 16:20:00+00:00,BTC/USDT
1776702300000,75354.29,75387.46,75341.57,75367.08,0.00054,2026-04-20 16:25:00+00:00,BTC/USDT
1776702600000,75393.47,75444.98,75386.27,75407.83,0.00032,2026-04-20 16:30:00+00:00,BTC/USDT
1776702900000,75333.33,75432.98,75333.33,75432.98,0.0048,2026-04-20 16:35:00+00:00,BTC/USDT
1776703200000,75461.7,75562.06,75461.7,75482.15,0.00779,2026-04-20 16:40:00+00:00,BTC/USDT
1776703500000,75517.23,75561.54,75517.23,75561.54,0.00023,2026-04-20 16:45:00+00:00,BTC/USDT
1776703800000,75333.33,75333.33,75333.33,75333.33,0.0002,2026-04-20 16:50:00+00:00,BTC/USDT
1776704100000,75329.21,75329.21,75311.39,75322.4,0.00072,2026-04-20 16:55:00+00:00,BTC/USDT
1776704400000,75339.25,75499.99,75316.71,75499.99,0.07898,2026-04-20 17:00:00+00:00,BTC/USDT
1776704700000,75477.04,75654.47,75477.04,75621.89,0.03568,2026-04-20 17:05:00+00:00,BTC/USDT
1776705000000,75630.11,75683.06,75618.7,75650.67,0.00279,2026-04-20 17:10:00+00:00,BTC/USDT
1776705300000,75605.6,75887.0,75605.6,75887.0,0.43785,2026-04-20 17:15:00+00:00,BTC/USDT
1776705600000,75835.56,75835.56,75766.33,75766.33,0.00933,2026-04-20 17:20:00+00:00,BTC/USDT
1776705900000,75721.8,75757.5,75721.8,75757.5,0.0001,2026-04-20 17:25:00+00:00,BTC/USDT
1776706200000,75611.5,75633.2,75611.5,75633.2,0.00068,2026-04-20 17:30:00+00:00,BTC/USDT
1776706500000,75670.4,75826.99,75669.36,75826.99,0.01489,2026-04-20 17:35:00+00:00,BTC/USDT
1776706800000,75814.48,75845.6,75806.29,75806.29,0.00018,2026-04-20 17:40:00+00:00,BTC/USDT
1776707100000,75723.52,75928.57,75716.74,75928.57,0.10684,2026-04-20 17:45:00+00:00,BTC/USDT
1776707400000,75928.57,75984.26,75882.98,75882.98,0.03514,2026-04-20 17:50:00+00:00,BTC/USDT
1776707700000,75860.37,75911.04,75858.07,75911.04,0.07778,2026-04-20 17:55:00+00:00,BTC/USDT
1776708000000,75955.36,76211.84,75930.98,76116.39,0.14714,2026-04-20 18:00:00+00:00,BTC/USDT
1776708300000,76238.43,76288.85,76080.46,76288.85,0.0407,2026-04-20 18:05:00+00:00,BTC/USDT
1776708600000,76254.67,76288.87,76209.18,76280.02,0.0447,2026-04-20 18:10:00+00:00,BTC/USDT
1776708900000,76302.59,76319.73,76282.91,76291.27,0.00572,2026-04-20 18:15:00+00:00,BTC/USDT
1776709200000,76240.3,76249.12,76173.05,76241.12,0.01493,2026-04-20 18:20:00+00:00,BTC/USDT
1776709500000,76193.14,76193.14,76115.61,76115.61,0.01068,2026-04-20 18:25:00+00:00,BTC/USDT
1776709800000,76037.84,76037.84,76036.72,76036.72,0.08564,2026-04-20 18:30:00+00:00,BTC/USDT
1776710100000,76036.72,76036.72,76036.72,76036.72,0.0,2026-04-20 18:35:00+00:00,BTC/USDT
1776710400000,76097.08,76222.0,76097.08,76208.28,0.06564,2026-04-20 18:40:00+00:00,BTC/USDT
1776710700000,76141.68,76183.39,76119.75,76183.39,0.04119,2026-04-20 18:45:00+00:00,BTC/USDT
1776711000000,76262.72,76439.79,76262.72,76439.79,0.04852,2026-04-20 18:50:00+00:00,BTC/USDT
1776711300000,76413.46,76472.97,76366.74,76456.53,0.01001,2026-04-20 18:55:00+00:00,BTC/USDT
1776711600000,76399.52,76491.44,76369.48,76372.2,0.00866,2026-04-20 19:00:00+00:00,BTC/USDT
1776711900000,76401.61,76468.75,76377.92,76456.93,0.00994,2026-04-20 19:05:00+00:00,BTC/USDT
1776712200000,76438.53,76438.53,76347.22,76347.22,0.05495,2026-04-20 19:10:00+00:00,BTC/USDT
1776712500000,76317.4,76317.4,76229.77,76287.79,0.00017,2026-04-20 19:15:00+00:00,BTC/USDT
1776712800000,76261.16,76261.16,76214.88,76214.88,0.00317,2026-04-20 19:20:00+00:00,BTC/USDT
1776713100000,76214.88,76214.88,76214.88,76214.88,0.0,2026-04-20 19:25:00+00:00,BTC/USDT
1776713400000,76174.79,76245.65,76169.42,76169.42,0.00076,2026-04-20 19:30:00+00:00,BTC/USDT
1776713700000,76241.24,76245.65,76241.24,76245.65,0.01183,2026-04-20 19:35:00+00:00,BTC/USDT
1776714000000,76237.46,76237.46,76237.46,76237.46,0.00013,2026-04-20 19:40:00+00:00,BTC/USDT
1776714300000,76243.37,76245.65,76233.47,76244.58,0.00401,2026-04-20 19:45:00+00:00,BTC/USDT
1776714600000,76245.56,76245.65,76223.87,76245.65,0.00268,2026-04-20 19:50:00+00:00,BTC/USDT
1776714900000,76224.49,76325.0,76224.49,76325.0,0.13802,2026-04-20 19:55:00+00:00,BTC/USDT
1776715200000,76226.83,76226.83,76150.0,76159.89,0.05936,2026-04-20 20:00:00+00:00,BTC/USDT
1776715500000,76266.29,76297.99,76181.84,76297.99,0.00364,2026-04-20 20:05:00+00:00,BTC/USDT
1776715800000,76264.36,76365.77,76264.36,76365.77,0.00384,2026-04-20 20:10:00+00:00,BTC/USDT
1776716100000,76377.01,76417.3,76340.91,76417.3,0.15551,2026-04-20 20:15:00+00:00,BTC/USDT
1776716400000,76412.32,76538.06,76412.32,76424.7,0.01898,2026-04-20 20:20:00+00:00,BTC/USDT
1776716700000,76468.61,76468.61,76468.61,76468.61,0.00098,2026-04-20 20:25:00+00:00,BTC/USDT
1776717000000,76301.19,76310.82,76283.44,76283.44,0.00282,2026-04-20 20:30:00+00:00,BTC/USDT
1776717300000,76242.14,76242.14,76242.14,76242.14,0.00097,2026-04-20 20:35:00+00:00,BTC/USDT
1776717600000,76270.17,76270.17,76241.19,76244.41,0.06332,2026-04-20 20:40:00+00:00,BTC/USDT
1776717900000,76234.42,76299.19,76233.8,76299.19,0.00713,2026-04-20 20:45:00+00:00,BTC/USDT
1776718200000,76276.2,76294.13,76276.2,76294.13,0.00068,2026-04-20 20:50:00+00:00,BTC/USDT
1776718500000,76282.19,76294.13,76282.19,76294.13,9e-05,2026-04-20 20:55:00+00:00,BTC/USDT
1776718800000,76295.41,76373.58,76252.33,76252.33,0.02046,2026-04-20 21:00:00+00:00,BTC/USDT
1776719100000,76265.21,76309.89,76146.21,76146.21,0.0478,2026-04-20 21:05:00+00:00,BTC/USDT
1776719400000,76122.77,76143.84,75922.65,76005.61,0.03174,2026-04-20 21:10:00+00:00,BTC/USDT
1776719700000,75993.26,76048.53,75993.26,76048.53,0.00228,2026-04-20 21:15:00+00:00,BTC/USDT
1776720000000,75926.63,75994.75,75926.63,75976.49,0.01055,2026-04-20 21:20:00+00:00,BTC/USDT
1776720300000,75931.13,75940.59,75931.13,75940.59,0.00148,2026-04-20 21:25:00+00:00,BTC/USDT
1776720600000,75908.76,75908.76,75809.0,75873.96,0.03493,2026-04-20 21:30:00+00:00,BTC/USDT
1776720900000,75870.11,75937.87,75861.58,75874.25,0.03446,2026-04-20 21:35:00+00:00,BTC/USDT
1776721200000,75872.0,75939.85,75872.0,75939.85,0.12309,2026-04-20 21:40:00+00:00,BTC/USDT
1776721500000,75908.38,75908.38,75897.16,75897.16,0.00055,2026-04-20 21:45:00+00:00,BTC/USDT
1776721800000,75908.35,75957.59,75908.35,75957.59,0.0034,2026-04-20 21:50:00+00:00,BTC/USDT
1776722100000,75945.61,75985.54,75921.3,75985.54,0.00907,2026-04-20 21:55:00+00:00,BTC/USDT
1776722400000,75981.92,76109.41,75981.92,76069.8,0.04271,2026-04-20 22:00:00+00:00,BTC/USDT
1776722700000,76096.75,76142.16,76062.33,76062.33,0.00317,2026-04-20 22:05:00+00:00,BTC/USDT
1776723000000,76033.53,76080.8,76033.53,76057.75,0.00348,2026-04-20 22:10:00+00:00,BTC/USDT
1776723300000,76087.31,76102.81,76087.31,76102.81,0.00103,2026-04-20 22:15:00+00:00,BTC/USDT
1776723600000,75920.22,75920.22,75920.22,75920.22,0.00097,2026-04-20 22:20:00+00:00,BTC/USDT
1776723900000,75969.31,75969.31,75965.49,75965.49,0.01315,2026-04-20 22:25:00+00:00,BTC/USDT
1776724200000,75912.67,75981.35,75912.67,75981.35,0.00184,2026-04-20 22:30:00+00:00,BTC/USDT
1776724500000,76070.68,76070.68,76008.23,76008.23,0.00785,2026-04-20 22:35:00+00:00,BTC/USDT
1776724800000,76000.34,76006.54,75956.61,75956.61,0.00115,2026-04-20 22:40:00+00:00,BTC/USDT
1776725100000,75976.33,75984.06,75976.33,75984.06,0.00123,2026-04-20 22:45:00+00:00,BTC/USDT
1776725400000,75931.58,75931.58,75931.58,75931.58,0.00097,2026-04-20 22:50:00+00:00,BTC/USDT
1776725700000,75967.1,75967.97,75935.13,75967.97,0.0021,2026-04-20 22:55:00+00:00,BTC/USDT
1776726000000,75948.15,75948.15,75792.88,75815.47,0.04364,2026-04-20 23:00:00+00:00,BTC/USDT
1776726300000,75809.44,75809.44,75721.35,75780.91,0.01969,2026-04-20 23:05:00+00:00,BTC/USDT
1776726600000,75767.83,75817.0,75671.27,75770.0,0.00837,2026-04-20 23:10:00+00:00,BTC/USDT
1776726900000,75739.49,75764.78,75695.46,75695.46,0.0091,2026-04-20 23:15:00+00:00,BTC/USDT
1776727200000,75740.6,75740.6,75740.6,75740.6,0.00031,2026-04-20 23:20:00+00:00,BTC/USDT
1776727500000,75769.41,75769.41,75671.25,75671.25,0.00012,2026-04-20 23:25:00+00:00,BTC/USDT
1776727800000,75636.11,75636.11,75636.11,75636.11,0.00051,2026-04-20 23:30:00+00:00,BTC/USDT
1776728100000,75725.85,75770.37,75725.85,75770.37,0.00251,2026-04-20 23:35:00+00:00,BTC/USDT
1776728400000,75753.8,75814.9,75753.8,75814.9,0.00208,2026-04-20 23:40:00+00:00,BTC/USDT
1776728700000,75781.56,75886.45,75781.56,75886.45,0.00418,2026-04-20 23:45:00+00:00,BTC/USDT
1776729000000,75886.45,75886.45,75886.45,75886.45,0.0,2026-04-20 23:50:00+00:00,BTC/USDT
1776729300000,75853.48,75853.48,75853.48,75853.48,0.00076,2026-04-20 23:55:00+00:00,BTC/USDT
1776729600000,75844.93,75935.76,75818.04,75844.36,0.13607,2026-04-21 00:00:00+00:00,BTC/USDT
1776729900000,75816.25,75847.04,75722.13,75739.75,0.0036,2026-04-21 00:05:00+00:00,BTC/USDT
1776730200000,75758.58,75892.71,75758.58,75892.71,0.00427,2026-04-21 00:10:00+00:00,BTC/USDT
1776730500000,75846.11,75846.11,75846.11,75846.11,0.00066,2026-04-21 00:15:00+00:00,BTC/USDT
1776730800000,75863.54,75870.53,75863.54,75870.53,0.04709,2026-04-21 00:20:00+00:00,BTC/USDT
1776731100000,75850.48,75850.48,75850.48,75850.48,0.0002,2026-04-21 00:25:00+00:00,BTC/USDT
1776731400000,75919.3,75963.48,75867.89,75925.9,0.00771,2026-04-21 00:30:00+00:00,BTC/USDT
1776731700000,75972.66,75972.66,75912.36,75971.62,0.00076,2026-04-21 00:35:00+00:00,BTC/USDT
1776732000000,75916.53,75941.51,75904.82,75926.54,0.00761,2026-04-21 00:40:00+00:00,BTC/USDT
1776732300000,75926.07,76070.3,75926.07,76019.9,0.14117,2026-04-21 00:45:00+00:00,BTC/USDT
1776732600000,75984.74,75984.74,75934.71,75948.19,0.0013,2026-04-21 00:50:00+00:00,BTC/USDT
1776732900000,75988.21,76094.69,75988.21,76094.69,0.00371,2026-04-21 00:55:00+00:00,BTC/USDT
1776733200000,76058.9,76129.05,76031.32,76129.05,0.00787,2026-04-21 01:00:00+00:00,BTC/USDT
1776733500000,76113.35,76268.81,76113.35,76207.55,0.00461,2026-04-21 01:05:00+00:00,BTC/USDT
1776733800000,76179.37,76189.76,76092.74,76155.77,0.0004,2026-04-21 01:10:00+00:00,BTC/USDT
1776734100000,76046.16,76046.16,75986.88,75986.88,0.00205,2026-04-21 01:15:00+00:00,BTC/USDT
1776734400000,76019.44,76038.05,76019.44,76038.05,0.00019,2026-04-21 01:20:00+00:00,BTC/USDT
1776734700000,75991.26,76120.22,75991.26,76120.22,0.01305,2026-04-21 01:25:00+00:00,BTC/USDT
1776735000000,76189.76,76194.28,76189.76,76194.28,0.00027,2026-04-21 01:30:00+00:00,BTC/USDT
1776735300000,76120.22,76120.22,76046.16,76046.16,0.0003,2026-04-21 01:35:00+00:00,BTC/USDT
1776735600000,76030.38,76091.45,76030.38,76091.45,0.01061,2026-04-21 01:40:00+00:00,BTC/USDT
1776735900000,76084.83,76084.83,76021.77,76021.77,0.00145,2026-04-21 01:45:00+00:00,BTC/USDT
1776736200000,75972.11,75972.11,75870.86,75870.86,0.00744,2026-04-21 01:50:00+00:00,BTC/USDT
1776736500000,75888.18,75888.18,75888.18,75888.18,0.00013,2026-04-21 01:55:00+00:00,BTC/USDT
1776736800000,75823.99,75823.99,75752.51,75794.79,0.01128,2026-04-21 02:00:00+00:00,BTC/USDT
1776737100000,75806.38,75806.38,75777.03,75777.03,0.00033,2026-04-21 02:05:00+00:00,BTC/USDT
1776737400000,75801.98,75801.98,75725.6,75742.31,0.01027,2026-04-21 02:10:00+00:00,BTC/USDT
1776737700000,75728.04,75763.86,75728.04,75752.3,0.04103,2026-04-21 02:15:00+00:00,BTC/USDT
1776738000000,75775.56,75794.62,75775.56,75794.62,0.00025,2026-04-21 02:20:00+00:00,BTC/USDT
1776738300000,75697.74,75779.44,75697.74,75748.42,0.00976,2026-04-21 02:25:00+00:00,BTC/USDT
1776738600000,75770.74,75804.98,75740.97,75753.09,0.03258,2026-04-21 02:30:00+00:00,BTC/USDT
1776738900000,75713.73,75713.73,75671.25,75671.25,0.00087,2026-04-21 02:35:00+00:00,BTC/USDT
1776739200000,75683.37,75683.37,75578.58,75578.58,0.07751,2026-04-21 02:40:00+00:00,BTC/USDT
1776739500000,75623.25,75651.82,75555.84,75637.2,0.05085,2026-04-21 02:45:00+00:00,BTC/USDT
1776739800000,75606.24,75634.0,75597.84,75610.17,0.0308,2026-04-21 02:50:00+00:00,BTC/USDT
1776740100000,75610.81,75610.81,75596.38,75604.19,0.00155,2026-04-21 02:55:00+00:00,BTC/USDT
1776740400000,75565.56,75569.03,75500.0,75566.84,0.0287,2026-04-21 03:00:00+00:00,BTC/USDT
1776740700000,75609.19,75624.23,75595.91,75608.47,0.05276,2026-04-21 03:05:00+00:00,BTC/USDT
1776741000000,75615.83,75631.07,75559.81,75574.24,0.00217,2026-04-21 03:10:00+00:00,BTC/USDT
1776741300000,75596.77,75596.77,75581.25,75581.25,0.04117,2026-04-21 03:15:00+00:00,BTC/USDT
1776741600000,75542.25,75542.25,75542.25,75542.25,0.00015,2026-04-21 03:20:00+00:00,BTC/USDT
1776741900000,75561.84,75666.95,75561.84,75622.39,0.00315,2026-04-21 03:25:00+00:00,BTC/USDT
1776742200000,75644.78,75703.54,75637.86,75703.54,0.00235,2026-04-21 03:30:00+00:00,BTC/USDT
1776742500000,75643.18,75643.18,75541.72,75541.72,0.00139,2026-04-21 03:35:00+00:00,BTC/USDT
1776742800000,75539.03,75539.03,75539.03,75539.03,0.00245,2026-04-21 03:40:00+00:00,BTC/USDT
1776743100000,75568.22,75568.22,75568.22,75568.22,3e-05,2026-04-21 03:45:00+00:00,BTC/USDT
1776743400000,75699.73,75701.32,75692.36,75692.36,0.00024,2026-04-21 03:50:00+00:00,BTC/USDT
1776743700000,75692.36,75692.36,75692.36,75692.36,0.0,2026-04-21 03:55:00+00:00,BTC/USDT
1776744000000,75711.93,75722.99,75710.83,75722.99,0.00155,2026-04-21 04:00:00+00:00,BTC/USDT
1776744300000,75727.56,75727.56,75644.61,75673.3,0.00932,2026-04-21 04:05:00+00:00,BTC/USDT
1776744600000,75623.96,75647.23,75623.96,75645.75,0.02698,2026-04-21 04:10:00+00:00,BTC/USDT
1776744900000,75646.01,75646.01,75609.45,75609.45,0.02012,2026-04-21 04:15:00+00:00,BTC/USDT
1776745200000,75618.79,75618.79,75616.5,75616.5,0.01555,2026-04-21 04:20:00+00:00,BTC/USDT
1776745500000,75616.5,75616.5,75616.5,75616.5,0.0,2026-04-21 04:25:00+00:00,BTC/USDT
1776745800000,75663.46,75665.29,75663.37,75663.37,0.32795,2026-04-21 04:30:00+00:00,BTC/USDT
1776746100000,75663.37,75663.37,75663.37,75663.37,0.0,2026-04-21 04:35:00+00:00,BTC/USDT
1776746400000,75710.64,75710.64,75675.87,75702.58,0.00811,2026-04-21 04:40:00+00:00,BTC/USDT
1776746700000,75705.6,75705.6,75699.43,75699.43,0.00155,2026-04-21 04:45:00+00:00,BTC/USDT
1776747000000,75792.86,75792.86,75756.38,75759.42,0.00016,2026-04-21 04:50:00+00:00,BTC/USDT
1776747300000,75766.52,75808.2,75766.52,75808.2,0.00019,2026-04-21 04:55:00+00:00,BTC/USDT
1776747600000,75813.69,75857.37,75813.69,75852.71,0.0049,2026-04-21 05:00:00+00:00,BTC/USDT
1776747900000,75828.04,75976.69,75828.04,75976.69,0.00056,2026-04-21 05:05:00+00:00,BTC/USDT
1776748200000,75929.08,75929.08,75887.16,75910.28,0.00313,2026-04-21 05:10:00+00:00,BTC/USDT
1776748500000,75906.23,75906.23,75906.23,75906.23,0.00047,2026-04-21 05:15:00+00:00,BTC/USDT
1776748800000,75906.23,75906.23,75906.23,75906.23,0.0,2026-04-21 05:20:00+00:00,BTC/USDT
1776749100000,75968.22,75968.22,75968.22,75968.22,0.00105,2026-04-21 05:25:00+00:00,BTC/USDT
1776749400000,75892.98,75892.98,75892.98,75892.98,0.00013,2026-04-21 05:30:00+00:00,BTC/USDT
1776749700000,75850.19,75871.05,75850.19,75871.05,0.00173,2026-04-21 05:35:00+00:00,BTC/USDT
1776750000000,75866.64,75866.64,75866.64,75866.64,5e-05,2026-04-21 05:40:00+00:00,BTC/USDT
1776750300000,75823.99,75823.99,75796.03,75822.03,0.00024,2026-04-21 05:45:00+00:00,BTC/USDT
1776750600000,75785.66,75824.91,75785.66,75824.91,0.00136,2026-04-21 05:50:00+00:00,BTC/USDT
1776750900000,75824.91,75824.91,75824.91,75824.91,0.0,2026-04-21 05:55:00+00:00,BTC/USDT
1776751200000,75784.47,75784.47,75784.47,75784.47,0.00053,2026-04-21 06:00:00+00:00,BTC/USDT
1776751500000,75760.41,75788.68,75736.73,75777.02,0.00681,2026-04-21 06:05:00+00:00,BTC/USDT
1776751800000,75745.66,75791.49,75745.66,75790.03,0.00836,2026-04-21 06:10:00+00:00,BTC/USDT
1776752100000,75801.28,75801.28,75769.37,75769.37,0.00018,2026-04-21 06:15:00+00:00,BTC/USDT
1776752400000,75706.54,75707.71,75706.54,75707.71,0.00111,2026-04-21 06:20:00+00:00,BTC/USDT
1776752700000,75707.71,75707.71,75707.71,75707.71,0.0,2026-04-21 06:25:00+00:00,BTC/USDT
1776753000000,75750.66,76077.64,75750.66,76077.64,0.00749,2026-04-21 06:30:00+00:00,BTC/USDT
1776753300000,76088.85,76132.2,76088.85,76132.2,0.0001,2026-04-21 06:35:00+00:00,BTC/USDT
1776753600000,76132.2,76132.2,76132.2,76132.2,0.0,2026-04-21 06:40:00+00:00,BTC/USDT
1776753900000,75990.57,76022.38,75990.57,76022.38,0.00473,2026-04-21 06:45:00+00:00,BTC/USDT
1776754200000,76022.38,76022.38,76022.38,76022.38,0.0,2026-04-21 06:50:00+00:00,BTC/USDT
1776754500000,76022.38,76022.38,76022.38,76022.38,0.0,2026-04-21 06:55:00+00:00,BTC/USDT
1776754800000,75957.01,75957.01,75889.79,75889.79,0.00031,2026-04-21 07:00:00+00:00,BTC/USDT
1776755100000,75891.19,75908.92,75890.47,75908.92,0.00201,2026-04-21 07:05:00+00:00,BTC/USDT
1776755400000,75918.93,75982.71,75918.93,75982.71,0.00354,2026-04-21 07:10:00+00:00,BTC/USDT
1776755700000,75963.77,76050.18,75963.77,76050.18,0.0003,2026-04-21 07:15:00+00:00,BTC/USDT
1776756000000,76061.75,76136.12,76061.75,76136.12,0.00083,2026-04-21 07:20:00+00:00,BTC/USDT
1776756300000,76150.1,76281.24,76150.1,76185.6,0.02111,2026-04-21 07:25:00+00:00,BTC/USDT
1776756600000,76248.59,76248.59,76032.13,76032.13,0.00261,2026-04-21 07:30:00+00:00,BTC/USDT
1776756900000,76134.53,76161.51,76125.3,76161.51,0.14593,2026-04-21 07:35:00+00:00,BTC/USDT
1776757200000,76197.09,76291.38,76197.09,76220.45,0.01107,2026-04-21 07:40:00+00:00,BTC/USDT
1776757500000,76181.16,76216.76,76149.88,76216.76,0.00504,2026-04-21 07:45:00+00:00,BTC/USDT
1776757800000,76228.32,76282.49,76228.32,76282.49,0.00117,2026-04-21 07:50:00+00:00,BTC/USDT
1776758100000,76102.27,76102.27,76102.27,76102.27,0.00026,2026-04-21 07:55:00+00:00,BTC/USDT
1776758400000,76138.27,76146.25,76138.27,76146.25,0.00011,2026-04-21 08:00:00+00:00,BTC/USDT
1776758700000,76199.9,76199.9,76151.45,76178.97,0.00725,2026-04-21 08:05:00+00:00,BTC/USDT
1776759000000,76104.39,76104.39,76104.39,76104.39,0.0024,2026-04-21 08:10:00+00:00,BTC/USDT
1776759300000,76136.66,76136.66,76129.29,76129.29,0.00105,2026-04-21 08:15:00+00:00,BTC/USDT
1776759600000,76203.32,76390.96,76203.32,76327.38,0.03145,2026-04-21 08:20:00+00:00,BTC/USDT
1776759900000,76299.4,76299.4,76299.4,76299.4,0.00065,2026-04-21 08:25:00+00:00,BTC/USDT
1776760200000,76354.22,76354.22,76354.22,76354.22,0.00098,2026-04-21 08:30:00+00:00,BTC/USDT
1776760500000,76302.45,76302.45,76302.45,76302.45,0.00097,2026-04-21 08:35:00+00:00,BTC/USDT
1776760800000,76343.16,76485.31,76343.16,76485.31,0.00426,2026-04-21 08:40:00+00:00,BTC/USDT
1776761100000,76436.49,76925.97,76436.49,76657.56,1.38403,2026-04-21 08:45:00+00:00,BTC/USDT
1776761400000,76599.79,76599.79,76553.25,76553.25,0.00078,2026-04-21 08:50:00+00:00,BTC/USDT
1776761700000,76467.17,76467.17,76467.17,76467.17,0.00876,2026-04-21 08:55:00+00:00,BTC/USDT
1776762000000,76498.39,76565.91,76404.4,76404.4,0.01067,2026-04-21 09:00:00+00:00,BTC/USDT
1776762300000,76400.62,76437.93,76390.98,76412.83,0.00376,2026-04-21 09:05:00+00:00,BTC/USDT
1776762600000,76433.02,76433.02,76433.02,76433.02,7e-05,2026-04-21 09:10:00+00:00,BTC/USDT
1776762900000,76498.35,76531.48,76498.35,76531.48,0.00109,2026-04-21 09:15:00+00:00,BTC/USDT
1776763200000,76493.78,76506.0,76439.76,76439.76,0.0752,2026-04-21 09:20:00+00:00,BTC/USDT
1776763500000,76347.63,76347.63,76188.7,76188.7,0.13952,2026-04-21 09:25:00+00:00,BTC/USDT
1776763800000,76248.99,76256.77,76248.99,76256.77,0.11089,2026-04-21 09:30:00+00:00,BTC/USDT
1776764100000,76188.7,76188.7,76188.7,76188.7,0.00118,2026-04-21 09:35:00+00:00,BTC/USDT
1776764400000,76288.17,76310.43,76288.17,76310.43,0.00071,2026-04-21 09:40:00+00:00,BTC/USDT
1776764700000,76294.5,76325.4,76276.02,76325.4,0.05259,2026-04-21 09:45:00+00:00,BTC/USDT
1776765000000,76343.02,76343.02,76343.02,76343.02,5e-05,2026-04-21 09:50:00+00:00,BTC/USDT
1776765300000,76390.24,76390.24,76390.24,76390.24,5e-05,2026-04-21 09:55:00+00:00,BTC/USDT
1776765600000,76403.29,76431.42,76399.41,76399.41,0.00339,2026-04-21 10:00:00+00:00,BTC/USDT
1776765900000,76435.71,76505.88,76435.71,76505.88,0.00118,2026-04-21 10:05:00+00:00,BTC/USDT
1776766200000,76461.69,76461.69,76434.11,76434.11,0.00101,2026-04-21 10:10:00+00:00,BTC/USDT
1776766500000,76412.0,76543.71,76412.0,76543.71,0.00026,2026-04-21 10:15:00+00:00,BTC/USDT
1776766800000,76561.5,76569.64,76554.44,76569.64,0.00075,2026-04-21 10:20:00+00:00,BTC/USDT
1776767100000,76548.16,76548.16,76500.0,76536.0,1.47984,2026-04-21 10:25:00+00:00,BTC/USDT
1776767400000,76532.36,76542.03,76532.36,76542.03,0.00036,2026-04-21 10:30:00+00:00,BTC/USDT
1776767700000,76542.03,76542.03,76542.03,76542.03,0.0,2026-04-21 10:35:00+00:00,BTC/USDT
1776768000000,76499.68,76612.67,76493.89,76612.67,0.00347,2026-04-21 10:40:00+00:00,BTC/USDT
1776768300000,76575.52,76724.68,76575.52,76724.68,0.14975,2026-04-21 10:45:00+00:00,BTC/USDT
1776768600000,76724.68,76874.83,76724.68,76741.17,0.02198,2026-04-21 10:50:00+00:00,BTC/USDT
1776768900000,76874.83,76884.33,76752.92,76752.92,0.00425,2026-04-21 10:55:00+00:00,BTC/USDT
1776769200000,76746.79,76746.79,76664.72,76703.66,0.00198,2026-04-21 11:00:00+00:00,BTC/USDT
1776769500000,76705.77,76717.0,76597.82,76617.44,0.0698,2026-04-21 11:05:00+00:00,BTC/USDT
1776769800000,76657.2,76657.2,76253.94,76452.69,0.19906,2026-04-21 11:10:00+00:00,BTC/USDT
1776770100000,76394.53,76404.34,76394.53,76404.34,0.00347,2026-04-21 11:15:00+00:00,BTC/USDT
1776770400000,76551.66,76717.78,76551.66,76710.52,0.00318,2026-04-21 11:20:00+00:00,BTC/USDT
1776770700000,76710.52,76710.52,76710.52,76710.52,0.0,2026-04-21 11:25:00+00:00,BTC/USDT
1776771000000,76703.27,76703.27,76703.27,76703.27,0.00185,2026-04-21 11:30:00+00:00,BTC/USDT
1776771300000,76573.56,76607.63,76573.56,76607.63,0.0003,2026-04-21 11:35:00+00:00,BTC/USDT
1776771600000,76599.68,76599.68,76459.4,76459.4,0.05648,2026-04-21 11:40:00+00:00,BTC/USDT
1776771900000,76456.49,76456.49,76456.49,76456.49,0.00027,2026-04-21 11:45:00+00:00,BTC/USDT
1776772200000,76463.83,76487.26,76456.34,76456.34,0.04469,2026-04-21 11:50:00+00:00,BTC/USDT
1776772500000,76452.88,76488.59,76452.88,76488.59,0.00074,2026-04-21 11:55:00+00:00,BTC/USDT
1776772800000,76476.69,76476.69,76384.67,76384.67,0.00016,2026-04-21 12:00:00+00:00,BTC/USDT
1776773100000,76450.27,76450.27,76450.27,76450.27,0.00078,2026-04-21 12:05:00+00:00,BTC/USDT
1776773400000,76407.7,76407.7,76285.71,76285.71,0.00402,2026-04-21 12:10:00+00:00,BTC/USDT
1776773700000,76268.29,76302.61,76268.29,76302.61,0.01383,2026-04-21 12:15:00+00:00,BTC/USDT
1776774000000,76326.31,76326.31,76326.31,76326.31,0.00013,2026-04-21 12:20:00+00:00,BTC/USDT
1776774300000,76326.31,76326.31,76326.31,76326.31,0.0,2026-04-21 12:25:00+00:00,BTC/USDT
1776774600000,76379.2,76500.0,76379.2,76500.0,0.0093,2026-04-21 12:30:00+00:00,BTC/USDT
1776774900000,76500.0,76518.79,76188.7,76188.7,0.01742,2026-04-21 12:35:00+00:00,BTC/USDT
1776775200000,76100.01,76106.34,75718.61,75798.4,0.24071,2026-04-21 12:40:00+00:00,BTC/USDT
1776775500000,75782.22,75897.0,75782.22,75842.51,0.10893,2026-04-21 12:45:00+00:00,BTC/USDT
1776775800000,75844.23,75865.63,75844.23,75865.63,0.00795,2026-04-21 12:50:00+00:00,BTC/USDT
1776776100000,75960.58,76028.57,75960.58,76028.57,0.03126,2026-04-21 12:55:00+00:00,BTC/USDT
1776776400000,76033.97,76075.52,76033.97,76045.36,0.05552,2026-04-21 13:00:00+00:00,BTC/USDT
1776776700000,76045.36,76045.36,76045.36,76045.36,0.0,2026-04-21 13:05:00+00:00,BTC/USDT
1776777000000,76023.59,76029.2,75988.26,76029.2,0.00939,2026-04-21 13:10:00+00:00,BTC/USDT
1776777300000,76034.63,76067.36,76034.63,76067.36,0.0001,2026-04-21 13:15:00+00:00,BTC/USDT
1776777600000,76032.99,76032.99,76032.99,76032.99,7e-05,2026-04-21 13:20:00+00:00,BTC/USDT
1776777900000,76084.93,76119.43,76025.04,76025.04,0.0008,2026-04-21 13:25:00+00:00,BTC/USDT
1776778200000,76001.1,76001.1,75900.0,75900.0,0.08663,2026-04-21 13:30:00+00:00,BTC/USDT
1776778500000,75802.35,75806.2,75802.35,75806.2,0.03636,2026-04-21 13:35:00+00:00,BTC/USDT
1776778800000,75771.43,76172.0,75732.52,76172.0,0.54171,2026-04-21 13:40:00+00:00,BTC/USDT
1776779100000,75900.0,75900.0,75851.79,75876.27,0.00854,2026-04-21 13:45:00+00:00,BTC/USDT
1776779400000,75798.4,75913.02,75776.43,75879.84,0.00312,2026-04-21 13:50:00+00:00,BTC/USDT
1776779700000,75934.82,75934.82,75934.82,75934.82,7e-05,2026-04-21 13:55:00+00:00,BTC/USDT
1776780000000,75917.44,75917.44,75764.22,75764.22,0.01498,2026-04-21 14:00:00+00:00,BTC/USDT
1776780300000,75827.42,75875.61,75806.71,75875.61,0.00197,2026-04-21 14:05:00+00:00,BTC/USDT
1776780600000,75818.14,75876.19,75818.14,75860.61,0.00819,2026-04-21 14:10:00+00:00,BTC/USDT
1776780900000,76017.19,76293.26,76017.19,76140.08,0.2591,2026-04-21 14:15:00+00:00,BTC/USDT
1776781200000,76146.97,76238.19,76108.58,76133.44,0.02819,2026-04-21 14:20:00+00:00,BTC/USDT
1776781500000,76133.44,76133.44,76133.44,76133.44,0.0,2026-04-21 14:25:00+00:00,BTC/USDT
1776781800000,76135.74,76135.74,76135.74,76135.74,0.01256,2026-04-21 14:30:00+00:00,BTC/USDT
1776782100000,76252.3,76355.31,76252.3,76355.31,0.00374,2026-04-21 14:35:00+00:00,BTC/USDT
1776782400000,76340.5,76592.57,76340.5,76592.57,0.22041,2026-04-21 14:40:00+00:00,BTC/USDT
1776782700000,76487.26,76487.26,76254.9,76254.9,0.03382,2026-04-21 14:45:00+00:00,BTC/USDT
1776783000000,76188.7,76188.7,76188.7,76188.7,0.00263,2026-04-21 14:50:00+00:00,BTC/USDT
1776783300000,76100.0,76100.0,75624.08,75778.82,0.22331,2026-04-21 14:55:00+00:00,BTC/USDT
1776783600000,75721.1,75800.36,75468.37,75654.31,0.10216,2026-04-21 15:00:00+00:00,BTC/USDT
1776783900000,75616.09,75734.64,75595.62,75734.64,0.04205,2026-04-21 15:05:00+00:00,BTC/USDT
1776784200000,75769.59,75811.96,75745.3,75776.59,0.00158,2026-04-21 15:10:00+00:00,BTC/USDT
1776784500000,75832.14,75960.58,75831.61,75960.58,0.01685,2026-04-21 15:15:00+00:00,BTC/USDT
1776784800000,75883.22,75883.22,75866.86,75866.86,0.00689,2026-04-21 15:20:00+00:00,BTC/USDT
1776785100000,75700.0,75700.0,75605.97,75680.66,0.00074,2026-04-21 15:25:00+00:00,BTC/USDT
1776785400000,75690.41,75690.41,75690.41,75690.41,0.00121,2026-04-21 15:30:00+00:00,BTC/USDT
1776785700000,75614.67,75614.67,75614.67,75614.67,0.0002,2026-04-21 15:35:00+00:00,BTC/USDT
1776786000000,75699.58,75699.58,75670.22,75670.22,0.00025,2026-04-21 15:40:00+00:00,BTC/USDT
1776786300000,75799.18,75815.56,75759.38,75815.56,0.07165,2026-04-21 15:45:00+00:00,BTC/USDT
1776786600000,75728.87,75728.87,75728.87,75728.87,0.00101,2026-04-21 15:50:00+00:00,BTC/USDT
1776786900000,75721.17,75721.17,75721.17,75721.17,4e-05,2026-04-21 15:55:00+00:00,BTC/USDT
1776787200000,75850.94,75968.17,75850.94,75901.66,0.05251,2026-04-21 16:00:00+00:00,BTC/USDT
1776787500000,75839.81,75936.1,75826.38,75935.05,0.00255,2026-04-21 16:05:00+00:00,BTC/USDT
1776787800000,75947.91,75971.05,75860.78,75924.27,0.00074,2026-04-21 16:10:00+00:00,BTC/USDT
1776788100000,75969.69,75969.69,75945.02,75962.14,0.0019,2026-04-21 16:15:00+00:00,BTC/USDT
1776788400000,75873.13,75873.13,75873.13,75873.13,0.00087,2026-04-21 16:20:00+00:00,BTC/USDT
1776788700000,75888.0,75977.24,75888.0,75977.24,0.00196,2026-04-21 16:25:00+00:00,BTC/USDT
1776789000000,75861.9,76086.36,75861.9,76086.36,0.00503,2026-04-21 16:30:00+00:00,BTC/USDT
1776789300000,76075.0,76176.45,76037.05,76037.05,0.00308,2026-04-21 16:35:00+00:00,BTC/USDT
1776789600000,76029.57,76029.57,75900.0,75900.0,0.0012,2026-04-21 16:40:00+00:00,BTC/USDT
1776789900000,75935.54,76028.49,75935.54,76028.49,0.00085,2026-04-21 16:45:00+00:00,BTC/USDT
1776790200000,76028.49,76028.49,76028.49,76028.49,0.0,2026-04-21 16:50:00+00:00,BTC/USDT
1776790500000,75771.43,75771.43,75732.84,75732.84,0.00085,2026-04-21 16:55:00+00:00,BTC/USDT
1776790800000,75778.42,75789.39,75726.52,75726.52,0.00185,2026-04-21 17:00:00+00:00,BTC/USDT
1776791100000,75700.0,75700.0,75616.41,75627.88,0.00343,2026-04-21 17:05:00+00:00,BTC/USDT
1776791400000,75555.84,75600.11,75458.64,75475.84,0.05684,2026-04-21 17:10:00+00:00,BTC/USDT
1776791700000,75489.59,75489.59,75129.09,75176.09,0.06755,2026-04-21 17:15:00+00:00,BTC/USDT
1776792000000,75071.17,75294.78,75071.17,75294.78,0.15397,2026-04-21 17:20:00+00:00,BTC/USDT
1776792300000,75341.83,75341.83,75250.0,75302.23,0.01059,2026-04-21 17:25:00+00:00,BTC/USDT
1776792600000,75327.1,75333.64,75296.72,75296.72,0.00169,2026-04-21 17:30:00+00:00,BTC/USDT
1776792900000,75333.56,75699.99,75333.56,75514.29,0.45014,2026-04-21 17:35:00+00:00,BTC/USDT
1776793200000,75700.0,75884.77,75700.0,75763.4,0.01011,2026-04-21 17:40:00+00:00,BTC/USDT
1776793500000,75768.4,75768.4,75624.44,75726.74,0.0112,2026-04-21 17:45:00+00:00,BTC/USDT
1776793800000,75728.17,75824.88,75652.25,75652.25,0.00706,2026-04-21 17:50:00+00:00,BTC/USDT
1776794100000,75514.29,75553.39,75494.77,75553.39,0.00185,2026-04-21 17:55:00+00:00,BTC/USDT
1776794400000,75511.06,75647.49,75511.05,75555.83,0.01043,2026-04-21 18:00:00+00:00,BTC/USDT
1776794700000,75632.96,75632.96,75574.38,75577.54,0.01707,2026-04-21 18:05:00+00:00,BTC/USDT
1776795000000,75580.5,75598.67,75524.13,75571.63,0.01722,2026-04-21 18:10:00+00:00,BTC/USDT
1776795300000,75519.55,75519.55,75455.86,75511.15,0.07709,2026-04-21 18:15:00+00:00,BTC/USDT
1776795600000,75432.49,75460.36,75432.49,75434.43,0.00969,2026-04-21 18:20:00+00:00,BTC/USDT
1776795900000,75456.26,75456.26,75375.88,75450.31,0.01153,2026-04-21 18:25:00+00:00,BTC/USDT
1776796200000,75565.33,75565.33,75565.33,75565.33,0.00185,2026-04-21 18:30:00+00:00,BTC/USDT
1776796500000,75534.35,75535.57,75463.27,75500.87,0.0132,2026-04-21 18:35:00+00:00,BTC/USDT
1776796800000,75513.81,75525.03,75472.81,75495.55,0.00848,2026-04-21 18:40:00+00:00,BTC/USDT
1776797100000,75487.06,75542.86,75396.39,75396.39,0.01161,2026-04-21 18:45:00+00:00,BTC/USDT
1776797400000,75381.86,75461.8,75294.77,75396.27,0.02434,2026-04-21 18:50:00+00:00,BTC/USDT
1776797700000,75498.71,75616.39,75481.81,75590.72,0.04286,2026-04-21 18:55:00+00:00,BTC/USDT
1776798000000,75614.86,75738.37,75614.86,75733.19,0.01569,2026-04-21 19:00:00+00:00,BTC/USDT
1776798300000,75744.13,75773.2,75710.63,75722.86,0.01542,2026-04-21 19:05:00+00:00,BTC/USDT
1776798600000,75735.48,75758.21,75592.66,75592.66,0.02242,2026-04-21 19:10:00+00:00,BTC/USDT
1776798900000,75624.6,75643.85,75551.92,75614.65,0.0379,2026-04-21 19:15:00+00:00,BTC/USDT
1776799200000,75616.4,75832.16,75616.4,75815.51,0.07849,2026-04-21 19:20:00+00:00,BTC/USDT
1776799500000,75860.16,75900.0,75748.48,75748.48,0.06167,2026-04-21 19:25:00+00:00,BTC/USDT
1776799800000,75760.52,75760.52,75588.9,75596.09,0.01689,2026-04-21 19:30:00+00:00,BTC/USDT
1776800100000,75525.52,75525.52,75173.56,75173.56,0.08338,2026-04-21 19:35:00+00:00,BTC/USDT
1776800400000,75186.39,75191.52,74828.7,74876.64,0.04823,2026-04-21 19:40:00+00:00,BTC/USDT
1776800700000,74859.01,75028.77,74828.7,75018.29,0.02169,2026-04-21 19:45:00+00:00,BTC/USDT
1776801000000,75018.46,75051.61,74901.61,74927.75,0.07933,2026-04-21 19:50:00+00:00,BTC/USDT
1776801300000,75002.34,75037.24,74951.67,75037.24,0.01326,2026-04-21 19:55:00+00:00,BTC/USDT
1776801600000,75020.3,75177.04,75015.59,75096.6,0.01802,2026-04-21 20:00:00+00:00,BTC/USDT
1776801900000,75128.9,75404.74,74961.72,75404.74,0.37353,2026-04-21 20:05:00+00:00,BTC/USDT
1776802200000,75347.48,75600.86,75325.14,75600.86,0.0974,2026-04-21 20:10:00+00:00,BTC/USDT
1776802500000,75495.11,75607.97,75465.85,75553.04,0.00937,2026-04-21 20:15:00+00:00,BTC/USDT
1776802800000,75555.64,75643.94,75539.13,75614.81,0.01758,2026-04-21 20:20:00+00:00,BTC/USDT
1776803100000,75633.51,75778.14,75631.29,75631.29,0.01778,2026-04-21 20:25:00+00:00,BTC/USDT
1776803400000,75683.3,75847.42,75665.6,75764.41,0.01864,2026-04-21 20:30:00+00:00,BTC/USDT
1776803700000,75787.15,75800.18,75683.28,75683.28,0.01052,2026-04-21 20:35:00+00:00,BTC/USDT
1776804000000,75728.22,75728.22,75651.35,75651.35,0.00808,2026-04-21 20:40:00+00:00,BTC/USDT
1776804300000,75668.38,75668.38,75645.78,75645.78,0.00026,2026-04-21 20:45:00+00:00,BTC/USDT
1776804600000,75717.91,75717.91,75679.96,75695.45,0.00792,2026-04-21 20:50:00+00:00,BTC/USDT
1776804900000,75697.65,75745.0,75690.05,75728.08,0.00929,2026-04-21 20:55:00+00:00,BTC/USDT
1776805200000,75734.23,75775.24,75678.29,75716.46,0.01109,2026-04-21 21:00:00+00:00,BTC/USDT
1776805500000,75667.28,75672.2,75612.94,75627.72,0.01212,2026-04-21 21:05:00+00:00,BTC/USDT
1776805800000,75589.83,75597.34,75522.37,75588.27,0.01028,2026-04-21 21:10:00+00:00,BTC/USDT
1776806100000,75574.29,75618.92,75549.9,75549.9,0.01025,2026-04-21 21:15:00+00:00,BTC/USDT
1776806400000,75657.12,75674.76,75594.61,75594.61,0.00858,2026-04-21 21:20:00+00:00,BTC/USDT
1776806700000,75623.46,75624.55,75591.08,75600.99,0.00792,2026-04-21 21:25:00+00:00,BTC/USDT
1776807000000,75585.12,75585.12,75556.22,75570.49,0.00795,2026-04-21 21:30:00+00:00,BTC/USDT
1776807300000,75616.52,75616.52,75582.48,75604.88,0.00939,2026-04-21 21:35:00+00:00,BTC/USDT
1776807600000,75600.31,75600.31,75500.0,75500.0,0.00705,2026-04-21 21:40:00+00:00,BTC/USDT
1776807900000,75499.32,75519.69,75499.32,75519.69,0.00029,2026-04-21 21:45:00+00:00,BTC/USDT
1776808200000,75545.56,75545.56,75545.56,75545.56,0.00026,2026-04-21 21:50:00+00:00,BTC/USDT
1776808500000,75566.8,75566.8,75566.8,75566.8,0.00011,2026-04-21 21:55:00+00:00,BTC/USDT
1776808800000,75550.5,75600.63,75533.5,75533.5,0.00039,2026-04-21 22:00:00+00:00,BTC/USDT
1776809100000,75531.24,75533.52,75500.27,75510.2,0.00143,2026-04-21 22:05:00+00:00,BTC/USDT
1776809400000,75507.9,75570.71,75507.9,75570.71,0.01281,2026-04-21 22:10:00+00:00,BTC/USDT
1776809700000,75481.66,75481.66,75432.49,75446.22,0.01367,2026-04-21 22:15:00+00:00,BTC/USDT
1776810000000,75421.0,75421.0,75318.42,75340.18,0.00311,2026-04-21 22:20:00+00:00,BTC/USDT
1776810300000,75366.31,75374.41,75357.69,75374.41,0.00396,2026-04-21 22:25:00+00:00,BTC/USDT
1776810600000,75367.7,75382.08,75322.98,75346.93,0.00687,2026-04-21 22:30:00+00:00,BTC/USDT
1776810900000,75362.35,75414.76,75351.64,75414.76,0.04802,2026-04-21 22:35:00+00:00,BTC/USDT
1776811200000,75366.07,75550.62,75365.97,75550.62,0.00957,2026-04-21 22:40:00+00:00,BTC/USDT
1776811500000,75524.85,75524.85,75511.82,75511.82,0.00396,2026-04-21 22:45:00+00:00,BTC/USDT
1776811800000,75489.02,75529.57,75489.02,75529.57,0.00137,2026-04-21 22:50:00+00:00,BTC/USDT
1776812100000,75570.32,75630.98,75570.32,75630.17,0.00628,2026-04-21 22:55:00+00:00,BTC/USDT
1776812400000,75620.93,75773.17,75620.93,75750.62,0.06913,2026-04-21 23:00:00+00:00,BTC/USDT
1776812700000,75764.56,75836.89,75764.56,75829.6,0.03712,2026-04-21 23:05:00+00:00,BTC/USDT
1776813000000,75802.96,75806.82,75770.17,75770.17,0.00684,2026-04-21 23:10:00+00:00,BTC/USDT
1776813300000,75784.66,75836.89,75784.66,75836.89,0.01753,2026-04-21 23:15:00+00:00,BTC/USDT
1776813600000,75836.89,75836.89,75836.89,75836.89,0.0,2026-04-21 23:20:00+00:00,BTC/USDT
1776813900000,75836.89,75836.89,75836.89,75836.89,0.0,2026-04-21 23:25:00+00:00,BTC/USDT
1776814200000,75838.26,75838.26,75807.44,75807.44,0.00019,2026-04-21 23:30:00+00:00,BTC/USDT
1776814500000,75853.09,75946.23,75853.09,75946.23,0.00524,2026-04-21 23:35:00+00:00,BTC/USDT
1776814800000,75960.58,76104.26,75936.05,76050.51,0.07861,2026-04-21 23:40:00+00:00,BTC/USDT
1776815100000,76134.54,76370.82,76134.54,76332.48,0.07486,2026-04-21 23:45:00+00:00,BTC/USDT
1776815400000,76342.83,76423.66,76300.01,76332.87,0.00969,2026-04-21 23:50:00+00:00,BTC/USDT
1776815700000,76323.77,76323.77,76305.28,76305.28,0.00195,2026-04-21 23:55:00+00:00,BTC/USDT
1776816000000,76373.03,76392.33,76322.38,76351.17,0.01409,2026-04-22 00:00:00+00:00,BTC/USDT
1776816300000,76300.0,76401.4,76300.0,76401.4,0.00249,2026-04-22 00:05:00+00:00,BTC/USDT
1776816600000,76430.17,76430.17,76306.11,76378.51,0.01184,2026-04-22 00:10:00+00:00,BTC/USDT
1776816900000,76365.91,76408.74,76300.0,76353.97,0.0314,2026-04-22 00:15:00+00:00,BTC/USDT
1776817200000,76364.59,76408.04,76338.07,76408.04,0.00125,2026-04-22 00:20:00+00:00,BTC/USDT
1776817500000,76255.65,76255.65,76228.23,76250.59,0.00195,2026-04-22 00:25:00+00:00,BTC/USDT
1776817800000,76308.05,76308.05,76251.47,76260.99,0.00032,2026-04-22 00:30:00+00:00,BTC/USDT
1776818100000,76293.49,76324.27,76293.49,76324.27,0.00014,2026-04-22 00:35:00+00:00,BTC/USDT
1776818400000,76397.79,76407.99,76297.72,76310.82,0.01464,2026-04-22 00:40:00+00:00,BTC/USDT
1776818700000,76335.43,76335.43,76309.61,76321.19,0.0073,2026-04-22 00:45:00+00:00,BTC/USDT
1776819000000,76260.07,76260.07,76260.07,76260.07,0.03007,2026-04-22 00:50:00+00:00,BTC/USDT
1776819300000,76280.44,76305.91,76280.44,76303.1,0.00474,2026-04-22 00:55:00+00:00,BTC/USDT
1776819600000,76333.55,76393.84,76333.55,76372.3,0.05507,2026-04-22 01:00:00+00:00,BTC/USDT
1776819900000,76369.86,76369.86,76318.42,76331.16,0.00926,2026-04-22 01:05:00+00:00,BTC/USDT
1776820200000,76303.2,76400.2,76260.99,76399.86,0.01633,2026-04-22 01:10:00+00:00,BTC/USDT
1776820500000,76348.47,76348.47,76148.57,76148.57,0.02132,2026-04-22 01:15:00+00:00,BTC/USDT
1776820800000,76155.05,76244.08,76141.92,76220.48,0.02453,2026-04-22 01:20:00+00:00,BTC/USDT
1776821100000,76185.67,76206.91,76148.3,76148.3,0.01456,2026-04-22 01:25:00+00:00,BTC/USDT
1776821400000,76184.66,76189.31,76174.67,76189.31,0.00065,2026-04-22 01:30:00+00:00,BTC/USDT
1776821700000,76196.0,76196.0,76196.0,76196.0,0.00582,2026-04-22 01:35:00+00:00,BTC/USDT
1776822000000,76237.5,76237.5,76237.5,76237.5,0.00062,2026-04-22 01:40:00+00:00,BTC/USDT
1776822300000,76269.65,76276.15,76227.14,76228.95,0.01281,2026-04-22 01:45:00+00:00,BTC/USDT
1776822600000,76323.09,76339.93,76259.68,76272.67,0.06369,2026-04-22 01:50:00+00:00,BTC/USDT
1776822900000,76272.67,76272.67,76272.67,76272.67,0.0,2026-04-22 01:55:00+00:00,BTC/USDT
1776823200000,76311.54,76341.06,76239.92,76285.89,0.03522,2026-04-22 02:00:00+00:00,BTC/USDT
1776823500000,76285.89,76300.0,76253.33,76300.0,0.16564,2026-04-22 02:05:00+00:00,BTC/USDT
1776823800000,76426.45,76849.15,76426.45,76791.77,0.08617,2026-04-22 02:10:00+00:00,BTC/USDT
1776824100000,76755.21,77150.12,76755.21,77052.03,0.66251,2026-04-22 02:15:00+00:00,BTC/USDT
1776824400000,76908.79,77087.09,76787.08,76993.08,0.17251,2026-04-22 02:20:00+00:00,BTC/USDT
1776824700000,77135.32,77262.17,77135.32,77217.66,0.93554,2026-04-22 02:25:00+00:00,BTC/USDT
1776825000000,77275.18,77331.98,77081.27,77081.27,0.01489,2026-04-22 02:30:00+00:00,BTC/USDT
1776825300000,77157.05,77192.0,77082.99,77108.7,0.05322,2026-04-22 02:35:00+00:00,BTC/USDT
1776825600000,77190.85,77257.31,77190.85,77257.31,0.01917,2026-04-22 02:40:00+00:00,BTC/USDT
1776825900000,77235.51,77256.61,77157.05,77157.05,0.07194,2026-04-22 02:45:00+00:00,BTC/USDT
1776826200000,77195.3,77500.0,77195.3,77500.0,0.07821,2026-04-22 02:50:00+00:00,BTC/USDT
1776826500000,77447.32,77627.68,77426.55,77607.14,0.08619,2026-04-22 02:55:00+00:00,BTC/USDT
1776826800000,77643.6,77644.04,77491.29,77569.61,0.15205,2026-04-22 03:00:00+00:00,BTC/USDT
1776827100000,77653.68,77702.11,77492.65,77597.55,0.11648,2026-04-22 03:05:00+00:00,BTC/USDT
1776827400000,77565.32,77646.19,77555.64,77623.75,0.04048,2026-04-22 03:10:00+00:00,BTC/USDT
1776827700000,77560.63,77560.63,77453.29,77453.29,0.00341,2026-04-22 03:15:00+00:00,BTC/USDT
1776828000000,77435.57,77468.23,77435.57,77465.05,0.0015,2026-04-22 03:20:00+00:00,BTC/USDT
1776828300000,77515.83,77601.41,77508.18,77508.18,0.02682,2026-04-22 03:25:00+00:00,BTC/USDT
1776828600000,77469.93,77469.93,77399.05,77399.05,0.00291,2026-04-22 03:30:00+00:00,BTC/USDT
1776828900000,77431.47,77431.47,77431.47,77431.47,5e-05,2026-04-22 03:35:00+00:00,BTC/USDT
1776829200000,77509.91,77580.45,77509.91,77580.45,0.00047,2026-04-22 03:40:00+00:00,BTC/USDT
1776829500000,77488.14,77488.14,77488.14,77488.14,0.00032,2026-04-22 03:45:00+00:00,BTC/USDT
1776829800000,77576.03,77601.41,77554.04,77554.04,0.03252,2026-04-22 03:50:00+00:00,BTC/USDT
1776830100000,77583.95,77583.95,77547.31,77547.31,0.14284,2026-04-22 03:55:00+00:00,BTC/USDT
1776830400000,77542.04,77590.28,77507.64,77578.5,0.05897,2026-04-22 04:00:00+00:00,BTC/USDT
1776830700000,77585.34,77585.34,77571.75,77571.75,0.0108,2026-04-22 04:05:00+00:00,BTC/USDT
1776831000000,77614.18,77614.18,77489.14,77502.28,0.05326,2026-04-22 04:10:00+00:00,BTC/USDT
1776831300000,77502.33,77502.33,77492.59,77492.59,0.00095,2026-04-22 04:15:00+00:00,BTC/USDT
1776831600000,77453.29,77453.29,77379.23,77453.29,0.00073,2026-04-22 04:20:00+00:00,BTC/USDT
1776831900000,77426.13,77506.66,77426.13,77506.66,0.00075,2026-04-22 04:25:00+00:00,BTC/USDT
1776832200000,77527.35,77527.35,77508.14,77508.14,8e-05,2026-04-22 04:30:00+00:00,BTC/USDT
1776832500000,77520.96,77663.39,77520.96,77663.39,0.23532,2026-04-22 04:35:00+00:00,BTC/USDT
1776832800000,77653.3,77688.05,77570.72,77570.72,0.00121,2026-04-22 04:40:00+00:00,BTC/USDT
1776833100000,77587.03,77594.25,77562.91,77562.91,0.01,2026-04-22 04:45:00+00:00,BTC/USDT
1776833400000,77527.35,77541.59,77490.84,77541.59,0.08709,2026-04-22 04:50:00+00:00,BTC/USDT
1776833700000,77459.31,77491.7,77459.31,77491.7,0.00847,2026-04-22 04:55:00+00:00,BTC/USDT
1776834000000,77489.85,77494.38,77459.52,77494.38,0.00355,2026-04-22 05:00:00+00:00,BTC/USDT
1776834300000,77469.07,77541.59,77469.07,77541.59,0.03483,2026-04-22 05:05:00+00:00,BTC/USDT
1776834600000,77574.67,77598.91,77561.4,77598.91,0.03367,2026-04-22 05:10:00+00:00,BTC/USDT
1776834900000,77534.04,77990.0,77534.04,77885.37,0.64654,2026-04-22 05:15:00+00:00,BTC/USDT
1776835200000,77925.78,78432.34,77925.59,78201.95,0.87554,2026-04-22 05:20:00+00:00,BTC/USDT
1776835500000,78200.79,78410.43,78136.5,78253.35,0.30194,2026-04-22 05:25:00+00:00,BTC/USDT
1776835800000,78267.94,78311.98,78158.89,78185.56,0.26107,2026-04-22 05:30:00+00:00,BTC/USDT
1776836100000,78177.74,78221.9,78010.25,78017.91,0.00961,2026-04-22 05:35:00+00:00,BTC/USDT
1776836400000,78068.64,78342.0,78068.64,78128.22,0.02356,2026-04-22 05:40:00+00:00,BTC/USDT
1776836700000,78119.82,78127.96,78087.14,78087.14,0.03796,2026-04-22 05:45:00+00:00,BTC/USDT
1776837000000,78104.1,78112.8,77960.3,78051.78,0.02013,2026-04-22 05:50:00+00:00,BTC/USDT
1776837300000,78119.82,78193.88,77986.77,77986.77,0.03261,2026-04-22 05:55:00+00:00,BTC/USDT
1776837600000,77971.7,77971.7,77903.02,77903.02,0.00457,2026-04-22 06:00:00+00:00,BTC/USDT
1776837900000,77903.02,77903.02,77903.02,77903.02,0.0,2026-04-22 06:05:00+00:00,BTC/USDT
1776838200000,77947.96,78015.3,77933.93,77953.47,0.01001,2026-04-22 06:10:00+00:00,BTC/USDT
1776838500000,77966.9,77994.02,77966.9,77994.02,0.0041,2026-04-22 06:15:00+00:00,BTC/USDT
1776838800000,78008.3,78040.66,78008.3,78040.66,0.00213,2026-04-22 06:20:00+00:00,BTC/USDT
1776839100000,78040.66,78040.66,78040.66,78040.66,0.0,2026-04-22 06:25:00+00:00,BTC/USDT
1776839400000,78040.66,78040.66,78040.66,78040.66,0.0,2026-04-22 06:30:00+00:00,BTC/USDT
1776839700000,77936.59,77936.59,77936.59,77936.59,0.00016,2026-04-22 06:35:00+00:00,BTC/USDT
1776840000000,77936.59,77936.59,77936.59,77936.59,0.0,2026-04-22 06:40:00+00:00,BTC/USDT
1776840300000,77968.2,77977.86,77968.2,77977.86,0.00221,2026-04-22 06:45:00+00:00,BTC/USDT
1776840600000,78020.84,78020.84,78020.84,78020.84,2e-05,2026-04-22 06:50:00+00:00,BTC/USDT
1776840900000,77985.53,78003.2,77985.53,77987.77,0.00033,2026-04-22 06:55:00+00:00,BTC/USDT
1776841200000,78015.83,78034.03,77981.5,77981.5,0.00063,2026-04-22 07:00:00+00:00,BTC/USDT
1776841500000,78020.77,78071.52,78020.77,78050.79,0.00473,2026-04-22 07:05:00+00:00,BTC/USDT
1776841800000,78059.15,78119.8,78012.15,78119.8,0.0179,2026-04-22 07:10:00+00:00,BTC/USDT
1776842100000,77971.7,77971.7,77951.37,77951.37,0.00033,2026-04-22 07:15:00+00:00,BTC/USDT
1776842400000,77897.65,77900.0,77885.37,77900.0,0.10447,2026-04-22 07:20:00+00:00,BTC/USDT
1776842700000,77900.0,77900.0,77832.0,77863.63,0.03984,2026-04-22 07:25:00+00:00,BTC/USDT
1776843000000,77863.63,77863.63,77863.63,77863.63,0.0,2026-04-22 07:30:00+00:00,BTC/USDT
1776843300000,77900.0,77900.0,77900.0,77900.0,0.05077,2026-04-22 07:35:00+00:00,BTC/USDT
1776843600000,77892.65,78083.64,77874.83,78083.64,0.01047,2026-04-22 07:40:00+00:00,BTC/USDT
1776843900000,78058.91,78106.96,78058.91,78084.98,0.01196,2026-04-22 07:45:00+00:00,BTC/USDT
1776844200000,78052.8,78061.32,77971.7,77971.7,0.02662,2026-04-22 07:50:00+00:00,BTC/USDT
1776844500000,78016.23,78071.3,78003.34,78017.79,0.03337,2026-04-22 07:55:00+00:00,BTC/USDT
1776844800000,78052.28,78154.66,78045.76,78065.28,0.00734,2026-04-22 08:00:00+00:00,BTC/USDT
1776845100000,78107.11,78119.82,78075.66,78119.82,0.00143,2026-04-22 08:05:00+00:00,BTC/USDT
1776845400000,78095.4,78161.54,78095.4,78157.82,0.00499,2026-04-22 08:10:00+00:00,BTC/USDT
1776845700000,78157.82,78157.82,78157.82,78157.82,0.0,2026-04-22 08:15:00+00:00,BTC/USDT
1776846000000,78172.53,78193.88,78045.76,78045.76,0.0007,2026-04-22 08:20:00+00:00,BTC/USDT
1776846300000,78049.21,78049.21,77993.43,78026.3,0.06675,2026-04-22 08:25:00+00:00,BTC/USDT
1776846600000,77971.7,78003.96,77946.19,77946.19,0.00528,2026-04-22 08:30:00+00:00,BTC/USDT
1776846900000,77974.78,77994.22,77959.84,77959.84,0.00236,2026-04-22 08:35:00+00:00,BTC/USDT
1776847200000,77971.36,77975.26,77944.17,77968.55,0.0011,2026-04-22 08:40:00+00:00,BTC/USDT
1776847500000,77948.78,77948.78,77948.78,77948.78,0.00025,2026-04-22 08:45:00+00:00,BTC/USDT
1776847800000,78011.89,78079.62,77913.03,78079.62,0.01655,2026-04-22 08:50:00+00:00,BTC/USDT
1776848100000,78068.19,78068.19,78068.19,78068.19,0.00025,2026-04-22 08:55:00+00:00,BTC/USDT
1776848400000,78054.97,78054.97,77954.99,77988.79,0.00849,2026-04-22 09:00:00+00:00,BTC/USDT
1776848700000,77997.87,78067.1,77958.64,78067.1,0.01138,2026-04-22 09:05:00+00:00,BTC/USDT
1776849000000,78090.24,78090.24,78022.27,78043.21,0.0078,2026-04-22 09:10:00+00:00,BTC/USDT
1776849300000,78051.94,78051.94,77970.3,77970.3,0.00512,2026-04-22 09:15:00+00:00,BTC/USDT
1776849600000,78029.68,78045.74,78010.45,78038.71,0.00277,2026-04-22 09:20:00+00:00,BTC/USDT
1776849900000,78045.76,78151.17,78045.76,78151.17,0.00309,2026-04-22 09:25:00+00:00,BTC/USDT
1776850200000,78151.34,78151.34,78103.24,78103.24,0.0051,2026-04-22 09:30:00+00:00,BTC/USDT
1776850500000,78116.51,78116.51,78100.67,78100.67,0.00027,2026-04-22 09:35:00+00:00,BTC/USDT
1776850800000,78138.31,78193.47,78138.31,78144.75,0.00143,2026-04-22 09:40:00+00:00,BTC/USDT
1776851100000,78144.75,78144.75,78144.75,78144.75,0.0,2026-04-22 09:45:00+00:00,BTC/USDT
1776851400000,78123.47,78123.47,78045.76,78045.76,0.00228,2026-04-22 09:50:00+00:00,BTC/USDT
1776851700000,77983.16,77983.16,77983.16,77983.16,0.00128,2026-04-22 09:55:00+00:00,BTC/USDT
1776852000000,77971.7,77971.7,77962.11,77962.11,0.00034,2026-04-22 10:00:00+00:00,BTC/USDT
1776852300000,77993.69,77993.69,77993.69,77993.69,0.00128,2026-04-22 10:05:00+00:00,BTC/USDT
1776852600000,77973.69,78048.68,77973.69,78020.61,0.05819,2026-04-22 10:10:00+00:00,BTC/USDT
1776852900000,77989.05,77989.05,77972.84,77972.84,0.01928,2026-04-22 10:15:00+00:00,BTC/USDT
1776853200000,77987.97,77987.97,77987.97,77987.97,0.00128,2026-04-22 10:20:00+00:00,BTC/USDT
1776853500000,77995.51,78085.11,77995.51,78084.77,0.01954,2026-04-22 10:25:00+00:00,BTC/USDT
1776853800000,78103.97,78156.76,78095.1,78156.76,0.00247,2026-04-22 10:30:00+00:00,BTC/USDT
1776854100000,78173.46,78173.46,78134.12,78157.7,0.00264,2026-04-22 10:35:00+00:00,BTC/USDT
1776854400000,78148.48,78148.48,78148.48,78148.48,5e-05,2026-04-22 10:40:00+00:00,BTC/USDT
1776854700000,78102.42,78102.42,78102.42,78102.42,0.00127,2026-04-22 10:45:00+00:00,BTC/USDT
1776855000000,78119.8,78119.8,78119.8,78119.8,0.00014,2026-04-22 10:50:00+00:00,BTC/USDT
1776855300000,78116.81,78178.49,78088.52,78178.49,0.01163,2026-04-22 10:55:00+00:00,BTC/USDT
1776855600000,78192.75,78281.5,78192.75,78275.38,0.00819,2026-04-22 11:00:00+00:00,BTC/USDT
1776855900000,78300.98,78300.98,78119.82,78119.82,0.00225,2026-04-22 11:05:00+00:00,BTC/USDT
1776856200000,78119.82,78230.45,78118.27,78156.3,1.01127,2026-04-22 11:10:00+00:00,BTC/USDT
1776856500000,78176.7,78209.6,78077.7,78209.6,0.10136,2026-04-22 11:15:00+00:00,BTC/USDT
1776856800000,78225.12,78248.05,78225.12,78248.05,0.0001,2026-04-22 11:20:00+00:00,BTC/USDT
1776857100000,78232.96,78299.1,78232.96,78299.1,0.00167,2026-04-22 11:25:00+00:00,BTC/USDT
1776857400000,78311.86,78341.54,78286.93,78286.93,0.00415,2026-04-22 11:30:00+00:00,BTC/USDT
1776857700000,78342.0,78378.33,78342.0,78378.33,0.00378,2026-04-22 11:35:00+00:00,BTC/USDT
1776858000000,78210.41,78217.86,78210.0,78217.86,0.15864,2026-04-22 11:40:00+00:00,BTC/USDT
1776858300000,78267.94,78296.53,78267.94,78296.53,0.00141,2026-04-22 11:45:00+00:00,BTC/USDT
1776858600000,78259.59,78259.59,78259.59,78259.59,0.00023,2026-04-22 11:50:00+00:00,BTC/USDT
1776858900000,78284.55,78284.55,78246.28,78277.69,0.0109,2026-04-22 11:55:00+00:00,BTC/USDT
1776859200000,78296.77,78398.06,78257.95,78348.14,0.07716,2026-04-22 12:00:00+00:00,BTC/USDT
1776859500000,78267.94,78326.01,78231.27,78326.01,0.00122,2026-04-22 12:05:00+00:00,BTC/USDT
1776859800000,78338.28,78448.63,78335.78,78426.08,0.01215,2026-04-22 12:10:00+00:00,BTC/USDT
1776860100000,78436.67,78490.12,78342.0,78342.0,0.07546,2026-04-22 12:15:00+00:00,BTC/USDT
1776860400000,78353.2,78372.11,78239.11,78260.18,0.02981,2026-04-22 12:20:00+00:00,BTC/USDT
1776860700000,78237.14,78261.28,78152.41,78204.89,0.01804,2026-04-22 12:25:00+00:00,BTC/USDT
1776861000000,78159.54,78159.54,78153.21,78153.21,0.00512,2026-04-22 12:30:00+00:00,BTC/USDT
1776861300000,78190.2,78225.97,78190.2,78223.25,0.05522,2026-04-22 12:35:00+00:00,BTC/USDT
1776861600000,78245.85,78245.85,78193.69,78193.69,0.01809,2026-04-22 12:40:00+00:00,BTC/USDT
1776861900000,78242.68,78305.63,78193.88,78193.88,0.00968,2026-04-22 12:45:00+00:00,BTC/USDT
1776862200000,78214.01,78241.79,78207.76,78241.79,0.00142,2026-04-22 12:50:00+00:00,BTC/USDT
1776862500000,78260.74,78310.52,78238.16,78238.16,0.00702,2026-04-22 12:55:00+00:00,BTC/USDT
1776862800000,78210.17,78317.67,78177.51,78296.27,0.01237,2026-04-22 13:00:00+00:00,BTC/USDT
1776863100000,78318.64,78416.06,78267.94,78416.06,0.0706,2026-04-22 13:05:00+00:00,BTC/USDT
1776863400000,78302.37,78353.92,78271.22,78340.07,0.00479,2026-04-22 13:10:00+00:00,BTC/USDT
1776863700000,78444.32,78475.13,78364.48,78475.13,0.02267,2026-04-22 13:15:00+00:00,BTC/USDT
1776864000000,78475.13,78490.12,78419.54,78487.93,0.00396,2026-04-22 13:20:00+00:00,BTC/USDT
1776864300000,78416.06,78463.86,78416.06,78454.45,0.01085,2026-04-22 13:25:00+00:00,BTC/USDT
1776864600000,78425.36,78659.91,78362.63,78434.22,0.04676,2026-04-22 13:30:00+00:00,BTC/USDT
1776864900000,78381.06,78507.64,78342.0,78426.39,0.01592,2026-04-22 13:35:00+00:00,BTC/USDT
1776865200000,78436.78,78600.0,78436.78,78575.75,0.16339,2026-04-22 13:40:00+00:00,BTC/USDT
1776865500000,78619.58,78775.29,78552.33,78611.0,0.389,2026-04-22 13:45:00+00:00,BTC/USDT
1776865800000,78638.24,78786.28,78638.24,78746.14,0.00815,2026-04-22 13:50:00+00:00,BTC/USDT
1776866100000,78759.47,78835.61,78759.47,78835.61,0.00577,2026-04-22 13:55:00+00:00,BTC/USDT
1776866400000,78835.63,78912.34,78801.02,78898.46,0.19466,2026-04-22 14:00:00+00:00,BTC/USDT
1776866700000,78888.88,78903.08,78727.21,78867.69,0.00453,2026-04-22 14:05:00+00:00,BTC/USDT
1776867000000,78874.08,79074.01,78874.08,79074.01,0.60736,2026-04-22 14:10:00+00:00,BTC/USDT
1776867300000,79057.22,79063.39,78845.34,78854.17,0.03355,2026-04-22 14:15:00+00:00,BTC/USDT
1776867600000,78922.25,79156.65,78922.25,79093.69,0.1032,2026-04-22 14:20:00+00:00,BTC/USDT
1776867900000,79050.86,79082.59,79049.35,79079.15,0.00376,2026-04-22 14:25:00+00:00,BTC/USDT
1776868200000,79008.53,79008.53,78607.97,78802.11,0.05203,2026-04-22 14:30:00+00:00,BTC/USDT
1776868500000,78750.94,78848.67,78747.69,78846.39,0.00308,2026-04-22 14:35:00+00:00,BTC/USDT
1776868800000,78846.39,78944.45,78712.3,78712.3,0.01707,2026-04-22 14:40:00+00:00,BTC/USDT
1776869100000,78756.88,78905.74,78726.03,78905.74,0.00922,2026-04-22 14:45:00+00:00,BTC/USDT
1776869400000,78925.37,79000.0,78906.45,79000.0,0.00333,2026-04-22 14:50:00+00:00,BTC/USDT
1776869700000,78902.67,79100.0,78902.67,79072.01,0.00629,2026-04-22 14:55:00+00:00,BTC/USDT
1776870000000,79033.58,79096.14,78999.99,78999.99,0.01193,2026-04-22 15:00:00+00:00,BTC/USDT
1776870300000,78943.81,79024.33,78902.67,78958.14,0.00894,2026-04-22 15:05:00+00:00,BTC/USDT
1776870600000,79007.08,79100.0,78934.47,78934.47,0.08271,2026-04-22 15:10:00+00:00,BTC/USDT
1776870900000,78981.62,79008.53,78883.0,78950.3,0.00535,2026-04-22 15:15:00+00:00,BTC/USDT
1776871200000,78956.66,79034.82,78956.66,79034.82,0.00374,2026-04-22 15:20:00+00:00,BTC/USDT
1776871500000,78934.47,79094.45,78837.22,79094.45,0.03801,2026-04-22 15:25:00+00:00,BTC/USDT
1776871800000,79100.0,79257.83,79021.2,79111.18,0.79703,2026-04-22 15:30:00+00:00,BTC/USDT
1776872100000,79027.96,79273.61,79027.96,79260.16,0.02785,2026-04-22 15:35:00+00:00,BTC/USDT
1776872400000,79243.89,79304.76,79221.63,79241.81,0.14434,2026-04-22 15:40:00+00:00,BTC/USDT
1776872700000,79274.94,79336.88,79259.48,79294.41,0.03543,2026-04-22 15:45:00+00:00,BTC/USDT
1776873000000,79230.71,79378.83,79230.71,79357.99,0.03058,2026-04-22 15:50:00+00:00,BTC/USDT
1776873300000,79382.76,79382.76,79304.77,79304.77,0.01037,2026-04-22 15:55:00+00:00,BTC/USDT
1776873600000,79304.77,79411.83,79292.72,79411.83,0.4833,2026-04-22 16:00:00+00:00,BTC/USDT
1776873900000,79443.0,79452.89,79309.86,79309.86,0.04776,2026-04-22 16:05:00+00:00,BTC/USDT
1776874200000,79299.09,79303.65,79156.65,79189.17,0.08525,2026-04-22 16:10:00+00:00,BTC/USDT
1776874500000,79182.47,79182.47,79129.23,79129.23,0.0276,2026-04-22 16:15:00+00:00,BTC/USDT
1776874800000,79168.09,79168.09,78966.18,78966.18,0.00311,2026-04-22 16:20:00+00:00,BTC/USDT
1776875100000,79006.73,79006.73,78902.93,78947.61,0.00439,2026-04-22 16:25:00+00:00,BTC/USDT
1776875400000,78912.19,78947.61,78912.19,78947.61,0.00346,2026-04-22 16:30:00+00:00,BTC/USDT
1776875700000,79001.61,79001.61,78956.6,78956.6,0.01219,2026-04-22 16:35:00+00:00,BTC/USDT
1776876000000,78966.65,78966.65,78786.36,78786.36,0.51283,2026-04-22 16:40:00+00:00,BTC/USDT
1776876300000,78786.98,78852.58,78739.5,78852.58,0.01057,2026-04-22 16:45:00+00:00,BTC/USDT
1776876600000,78813.11,78813.11,78736.46,78736.46,0.00291,2026-04-22 16:50:00+00:00,BTC/USDT
1776876900000,78712.3,78733.77,78649.01,78733.77,0.0242,2026-04-22 16:55:00+00:00,BTC/USDT
1776877200000,78792.84,78909.19,78792.84,78904.65,0.03664,2026-04-22 17:00:00+00:00,BTC/USDT
1776877500000,78916.52,78923.91,78838.71,78892.59,0.42213,2026-04-22 17:05:00+00:00,BTC/USDT
1776877800000,78930.3,79047.27,78930.3,78979.14,0.0413,2026-04-22 17:10:00+00:00,BTC/USDT
1776878100000,79003.78,79004.77,78775.19,78816.99,0.09823,2026-04-22 17:15:00+00:00,BTC/USDT
1776878400000,78825.46,78825.46,78750.0,78750.0,0.00251,2026-04-22 17:20:00+00:00,BTC/USDT
1776878700000,78813.27,78905.31,78813.27,78852.11,0.00397,2026-04-22 17:25:00+00:00,BTC/USDT
1776879000000,78878.36,78884.6,78806.36,78806.36,0.02095,2026-04-22 17:30:00+00:00,BTC/USDT
1776879300000,78802.07,78832.98,78780.68,78832.98,0.00816,2026-04-22 17:35:00+00:00,BTC/USDT
1776879600000,78832.98,78832.98,78832.98,78832.98,0.0,2026-04-22 17:40:00+00:00,BTC/USDT
1776879900000,78823.06,78896.07,78728.24,78896.07,0.00447,2026-04-22 17:45:00+00:00,BTC/USDT
1776880200000,78932.62,79000.0,78932.62,78999.81,0.00408,2026-04-22 17:50:00+00:00,BTC/USDT
1776880500000,78997.99,78997.99,78934.47,78934.47,0.00115,2026-04-22 17:55:00+00:00,BTC/USDT
1776880800000,78932.99,78970.98,78894.35,78947.98,0.01548,2026-04-22 18:00:00+00:00,BTC/USDT
1776881100000,78906.98,78938.49,78850.28,78938.49,0.01117,2026-04-22 18:05:00+00:00,BTC/USDT
1776881400000,78922.16,78997.98,78904.54,78997.98,0.01532,2026-04-22 18:10:00+00:00,BTC/USDT
1776881700000,78972.9,78972.9,78945.53,78945.53,0.00038,2026-04-22 18:15:00+00:00,BTC/USDT
1776882000000,78954.67,78954.67,78896.32,78919.8,0.0055,2026-04-22 18:20:00+00:00,BTC/USDT
1776882300000,78953.0,78953.01,78926.39,78930.4,0.01713,2026-04-22 18:25:00+00:00,BTC/USDT
1776882600000,78921.41,78949.46,78905.14,78905.14,0.00377,2026-04-22 18:30:00+00:00,BTC/USDT
1776882900000,78901.48,78968.31,78901.48,78968.31,0.00554,2026-04-22 18:35:00+00:00,BTC/USDT
1776883200000,78997.9,79024.05,78997.9,79024.05,0.02781,2026-04-22 18:40:00+00:00,BTC/USDT
1776883500000,78946.11,79082.59,78946.11,79082.59,0.00407,2026-04-22 18:45:00+00:00,BTC/USDT
1776883800000,79095.65,79156.15,79095.65,79141.37,0.00581,2026-04-22 18:50:00+00:00,BTC/USDT
1776884100000,79029.28,79029.28,79008.53,79008.53,0.00027,2026-04-22 18:55:00+00:00,BTC/USDT
1776884400000,78966.66,78966.66,78750.0,78750.0,0.00708,2026-04-22 19:00:00+00:00,BTC/USDT
1776884700000,78751.46,78903.66,78738.67,78792.53,0.01612,2026-04-22 19:05:00+00:00,BTC/USDT
1776885000000,78784.38,78849.91,78784.38,78840.3,0.00438,2026-04-22 19:10:00+00:00,BTC/USDT
1776885300000,78867.91,78878.13,78867.91,78878.13,0.01683,2026-04-22 19:15:00+00:00,BTC/USDT
1776885600000,78977.3,78985.85,78934.47,78934.47,0.01062,2026-04-22 19:20:00+00:00,BTC/USDT
1776885900000,78998.99,79071.88,78998.99,79022.31,0.0228,2026-04-22 19:25:00+00:00,BTC/USDT
1776886200000,79025.85,79062.71,78944.55,78984.1,0.20528,2026-04-22 19:30:00+00:00,BTC/USDT
1776886500000,78934.47,78934.47,78826.51,78840.49,0.127,2026-04-22 19:35:00+00:00,BTC/USDT
1776886800000,78862.45,78879.28,78838.35,78879.28,0.00992,2026-04-22 19:40:00+00:00,BTC/USDT
1776887100000,78898.06,78898.06,78898.06,78898.06,0.00317,2026-04-22 19:45:00+00:00,BTC/USDT
1776887400000,78874.91,78874.91,78846.12,78846.12,0.00187,2026-04-22 19:50:00+00:00,BTC/USDT
1776887700000,78907.49,78966.52,78907.49,78934.47,0.00913,2026-04-22 19:55:00+00:00,BTC/USDT
1776888000000,78878.8,78897.14,78856.28,78897.14,0.004,2026-04-22 20:00:00+00:00,BTC/USDT
1776888300000,78881.91,78881.91,78832.99,78832.99,0.00086,2026-04-22 20:05:00+00:00,BTC/USDT
1776888600000,78786.36,78790.82,78754.48,78789.61,0.00697,2026-04-22 20:10:00+00:00,BTC/USDT
1776888900000,78750.0,78759.75,78665.82,78686.62,0.08571,2026-04-22 20:15:00+00:00,BTC/USDT
1776889200000,78638.24,78638.24,78471.15,78471.15,0.42359,2026-04-22 20:20:00+00:00,BTC/USDT
1776889500000,78602.0,78609.74,78602.0,78609.74,0.00444,2026-04-22 20:25:00+00:00,BTC/USDT
1776889800000,78593.59,78625.43,78557.44,78557.44,0.0102,2026-04-22 20:30:00+00:00,BTC/USDT
1776890100000,78527.4,78527.4,78513.7,78513.7,0.0072,2026-04-22 20:35:00+00:00,BTC/USDT
1776890400000,78513.42,78552.34,78513.42,78522.45,0.00445,2026-04-22 20:40:00+00:00,BTC/USDT
1776890700000,78514.49,78523.76,78491.29,78516.36,0.01105,2026-04-22 20:45:00+00:00,BTC/USDT
1776891000000,78517.29,78517.29,78438.37,78450.87,0.01108,2026-04-22 20:50:00+00:00,BTC/USDT
1776891300000,78450.87,78450.87,78450.87,78450.87,0.0,2026-04-22 20:55:00+00:00,BTC/USDT
1776891600000,78478.04,78546.15,78454.67,78545.6,0.01227,2026-04-22 21:00:00+00:00,BTC/USDT
1776891900000,78566.38,78594.42,78562.21,78594.42,0.00675,2026-04-22 21:05:00+00:00,BTC/USDT
1776892200000,78581.03,78597.19,78573.18,78577.54,0.0052,2026-04-22 21:10:00+00:00,BTC/USDT
1776892500000,78605.5,78610.43,78573.75,78573.75,0.00717,2026-04-22 21:15:00+00:00,BTC/USDT
1776892800000,78580.66,78608.9,78580.66,78599.94,0.00267,2026-04-22 21:20:00+00:00,BTC/USDT
1776893100000,78586.83,78586.84,78581.55,78581.55,0.01229,2026-04-22 21:25:00+00:00,BTC/USDT
1776893400000,78643.67,78671.24,78623.46,78671.24,0.00394,2026-04-22 21:30:00+00:00,BTC/USDT
1776893700000,78691.21,78742.87,78691.21,78742.86,0.017,2026-04-22 21:35:00+00:00,BTC/USDT
1776894000000,78740.86,78750.0,78719.22,78750.0,0.00066,2026-04-22 21:40:00+00:00,BTC/USDT
1776894300000,78750.0,78804.14,78744.47,78804.14,0.44995,2026-04-22 21:45:00+00:00,BTC/USDT
1776894600000,78789.14,78789.14,78765.78,78766.67,0.12828,2026-04-22 21:50:00+00:00,BTC/USDT
1776894900000,78784.19,78830.5,78784.19,78817.73,0.00297,2026-04-22 21:55:00+00:00,BTC/USDT
1776895200000,78798.26,78813.24,78705.32,78763.95,0.02172,2026-04-22 22:00:00+00:00,BTC/USDT
1776895500000,78771.7,78834.29,78750.46,78822.77,0.15089,2026-04-22 22:05:00+00:00,BTC/USDT
1776895800000,78831.12,78831.18,78802.33,78802.33,0.12895,2026-04-22 22:10:00+00:00,BTC/USDT
1776896100000,78758.41,78779.03,78756.82,78766.32,0.06584,2026-04-22 22:15:00+00:00,BTC/USDT
1776896400000,78638.88,78638.88,78638.88,78638.88,0.00127,2026-04-22 22:20:00+00:00,BTC/USDT
1776896700000,78612.86,78612.86,78538.77,78550.85,0.00565,2026-04-22 22:25:00+00:00,BTC/USDT
1776897000000,78590.65,78608.58,78490.12,78500.02,0.00355,2026-04-22 22:30:00+00:00,BTC/USDT
1776897300000,78558.42,78558.43,78498.8,78540.61,0.00673,2026-04-22 22:35:00+00:00,BTC/USDT
1776897600000,78556.25,78572.36,78548.0,78551.37,0.00327,2026-04-22 22:40:00+00:00,BTC/USDT
1776897900000,78478.52,78478.52,78478.52,78478.52,8e-05,2026-04-22 22:45:00+00:00,BTC/USDT
1776898200000,78515.04,78554.32,78515.04,78538.85,0.00248,2026-04-22 22:50:00+00:00,BTC/USDT
1776898500000,78551.79,78634.24,78524.61,78634.24,0.00509,2026-04-22 22:55:00+00:00,BTC/USDT
1776898800000,78616.2,78616.2,78483.27,78483.27,0.00568,2026-04-22 23:00:00+00:00,BTC/USDT
1776899100000,78491.8,78530.65,78460.79,78530.65,0.01035,2026-04-22 23:05:00+00:00,BTC/USDT
1776899400000,78543.5,78596.15,78543.5,78550.6,0.01169,2026-04-22 23:10:00+00:00,BTC/USDT
1776899700000,78571.54,78571.54,78548.3,78554.53,0.0009,2026-04-22 23:15:00+00:00,BTC/USDT
1776900000000,78415.66,78415.66,78250.0,78250.0,0.06247,2026-04-22 23:20:00+00:00,BTC/USDT
1776900300000,78220.86,78292.71,78183.45,78234.6,0.00638,2026-04-22 23:25:00+00:00,BTC/USDT
1776900600000,78271.73,78277.72,78234.6,78263.31,0.09098,2026-04-22 23:30:00+00:00,BTC/USDT
1776900900000,78257.25,78298.36,78257.25,78260.0,0.00848,2026-04-22 23:35:00+00:00,BTC/USDT
1776901200000,78260.0,78297.35,78230.38,78230.38,0.00284,2026-04-22 23:40:00+00:00,BTC/USDT
1776901500000,78230.38,78230.38,78230.38,78230.38,0.0,2026-04-22 23:45:00+00:00,BTC/USDT
1776901800000,78276.37,78300.5,78266.67,78292.72,0.00177,2026-04-22 23:50:00+00:00,BTC/USDT
1776902100000,78183.45,78208.89,78172.17,78208.89,0.00124,2026-04-22 23:55:00+00:00,BTC/USDT
1776902400000,78193.38,78400.01,78126.0,78393.75,0.11698,2026-04-23 00:00:00+00:00,BTC/USDT
1776902700000,78308.6,78337.08,78182.12,78182.12,0.00409,2026-04-23 00:05:00+00:00,BTC/USDT
1776903000000,78126.0,78126.0,77909.41,77909.41,0.01643,2026-04-23 00:10:00+00:00,BTC/USDT
1776903300000,77900.0,78367.86,77598.3,78367.86,0.15596,2026-04-23 00:15:00+00:00,BTC/USDT
1776903600000,78388.13,78388.13,78197.8,78288.9,0.02671,2026-04-23 00:20:00+00:00,BTC/USDT
1776903900000,78300.94,78471.15,78300.94,78471.15,0.00133,2026-04-23 00:25:00+00:00,BTC/USDT
1776904200000,78471.14,78571.2,78313.25,78350.7,0.00916,2026-04-23 00:30:00+00:00,BTC/USDT
1776904500000,78461.31,78570.34,78461.31,78487.96,0.02731,2026-04-23 00:35:00+00:00,BTC/USDT
1776904800000,78465.68,78486.14,78433.04,78433.04,0.00372,2026-04-23 00:40:00+00:00,BTC/USDT
1776905100000,78452.06,78452.06,78316.33,78384.87,0.0031,2026-04-23 00:45:00+00:00,BTC/USDT
1776905400000,78335.16,78421.83,78335.16,78421.83,0.00024,2026-04-23 00:50:00+00:00,BTC/USDT
1776905700000,78369.29,78410.53,78369.29,78410.53,0.00029,2026-04-23 00:55:00+00:00,BTC/USDT
1776906000000,78410.17,78410.17,78320.41,78320.41,0.00092,2026-04-23 01:00:00+00:00,BTC/USDT
1776906300000,78327.44,78426.0,78326.76,78352.68,0.00131,2026-04-23 01:05:00+00:00,BTC/USDT
1776906600000,78346.79,78346.79,78243.28,78280.17,0.00202,2026-04-23 01:10:00+00:00,BTC/USDT
1776906900000,78270.33,78274.41,78270.33,78274.41,0.00013,2026-04-23 01:15:00+00:00,BTC/USDT
1776907200000,78169.0,78177.59,78080.75,78080.75,0.01694,2026-04-23 01:20:00+00:00,BTC/USDT
1776907500000,78110.11,78266.24,78085.5,78125.67,0.05181,2026-04-23 01:25:00+00:00,BTC/USDT
1776907800000,78233.06,78233.06,78101.55,78123.83,0.00173,2026-04-23 01:30:00+00:00,BTC/USDT
1776908100000,78123.83,78123.83,78123.83,78123.83,0.0,2026-04-23 01:35:00+00:00,BTC/USDT
1776908400000,78274.41,78401.74,78274.41,78299.82,0.0099,2026-04-23 01:40:00+00:00,BTC/USDT
1776908700000,78293.52,78303.5,78248.19,78248.19,0.04167,2026-04-23 01:45:00+00:00,BTC/USDT
1776909000000,78427.33,78428.64,78378.71,78378.71,0.01383,2026-04-23 01:50:00+00:00,BTC/USDT
1776909300000,78357.17,78381.16,78355.61,78381.16,0.00097,2026-04-23 01:55:00+00:00,BTC/USDT
1776909600000,78365.12,78365.12,78273.05,78273.05,0.00183,2026-04-23 02:00:00+00:00,BTC/USDT
1776909900000,78250.2,78303.52,78247.31,78253.87,0.00348,2026-04-23 02:05:00+00:00,BTC/USDT
1776910200000,78252.38,78288.27,78200.11,78200.11,0.00285,2026-04-23 02:10:00+00:00,BTC/USDT
1776910500000,78119.06,78193.97,78078.71,78193.97,0.04835,2026-04-23 02:15:00+00:00,BTC/USDT
1776910800000,78181.7,78181.7,78181.7,78181.7,0.00024,2026-04-23 02:20:00+00:00,BTC/USDT
1776911100000,78091.33,78091.33,77967.86,78043.08,0.0884,2026-04-23 02:25:00+00:00,BTC/USDT
1776911400000,78033.72,78033.72,78014.73,78014.73,0.00693,2026-04-23 02:30:00+00:00,BTC/USDT
1776911700000,78114.65,78114.65,77847.15,77874.0,0.05054,2026-04-23 02:35:00+00:00,BTC/USDT
1776912000000,77875.9,77889.11,77778.11,77885.81,0.02109,2026-04-23 02:40:00+00:00,BTC/USDT
1776912300000,77885.01,77912.03,77782.23,77782.23,0.26198,2026-04-23 02:45:00+00:00,BTC/USDT
1776912600000,77839.47,78034.34,77839.47,77979.69,0.02084,2026-04-23 02:50:00+00:00,BTC/USDT
1776912900000,77947.22,78020.49,77932.63,77981.33,0.06625,2026-04-23 02:55:00+00:00,BTC/USDT
1776913200000,77945.1,78019.55,77945.1,77981.58,0.00633,2026-04-23 03:00:00+00:00,BTC/USDT
1776913500000,77942.48,77942.48,77858.48,77858.48,0.01033,2026-04-23 03:05:00+00:00,BTC/USDT
1776913800000,77830.57,77835.38,77779.39,77779.39,0.00238,2026-04-23 03:10:00+00:00,BTC/USDT
1776914100000,77720.99,77729.35,77692.29,77692.29,0.01131,2026-04-23 03:15:00+00:00,BTC/USDT
1776914400000,77720.5,77720.5,77628.62,77664.29,0.02378,2026-04-23 03:20:00+00:00,BTC/USDT
1776914700000,77730.1,77730.1,77656.34,77691.77,0.00188,2026-04-23 03:25:00+00:00,BTC/USDT
1776915000000,77686.73,77686.73,77603.11,77603.11,0.00043,2026-04-23 03:30:00+00:00,BTC/USDT
1776915300000,77645.0,77656.07,77555.95,77555.95,0.16366,2026-04-23 03:35:00+00:00,BTC/USDT
1776915600000,77598.08,77598.08,77493.13,77569.49,0.0139,2026-04-23 03:40:00+00:00,BTC/USDT
1776915900000,77650.27,77689.05,77575.19,77575.19,0.0144,2026-04-23 03:45:00+00:00,BTC/USDT
1776916200000,77633.5,77654.08,77633.5,77654.08,0.00098,2026-04-23 03:50:00+00:00,BTC/USDT
1776916500000,77767.13,77767.13,77721.09,77721.09,0.00076,2026-04-23 03:55:00+00:00,BTC/USDT
1776916800000,77697.1,77732.2,77694.83,77701.83,0.06594,2026-04-23 04:00:00+00:00,BTC/USDT
1776917100000,77761.1,77795.05,77702.11,77795.05,0.05851,2026-04-23 04:05:00+00:00,BTC/USDT
1776917400000,77822.0,77863.13,77822.0,77828.98,0.00927,2026-04-23 04:10:00+00:00,BTC/USDT
1776917700000,77826.25,77894.95,77802.15,77851.54,0.07194,2026-04-23 04:15:00+00:00,BTC/USDT
1776918000000,77893.28,77893.28,77893.28,77893.28,0.00012,2026-04-23 04:20:00+00:00,BTC/USDT
1776918300000,77750.0,77750.0,77750.0,77750.0,0.0183,2026-04-23 04:25:00+00:00,BTC/USDT
1776918600000,77807.24,77901.1,77807.24,77901.1,0.01822,2026-04-23 04:30:00+00:00,BTC/USDT
1776918900000,77906.97,77906.97,77889.17,77889.17,0.0001,2026-04-23 04:35:00+00:00,BTC/USDT
1776919200000,77889.17,77889.17,77889.17,77889.17,0.0,2026-04-23 04:40:00+00:00,BTC/USDT
1776919500000,77903.51,77926.15,77840.09,77870.64,0.00805,2026-04-23 04:45:00+00:00,BTC/USDT
1776919800000,77901.36,77901.36,77901.36,77901.36,0.00013,2026-04-23 04:50:00+00:00,BTC/USDT
1776920100000,77926.79,77935.29,77926.79,77935.29,0.00049,2026-04-23 04:55:00+00:00,BTC/USDT
1776920400000,77936.3,78028.29,77920.61,78028.29,0.00611,2026-04-23 05:00:00+00:00,BTC/USDT
1776920700000,78002.0,78002.0,77985.39,77985.39,0.00042,2026-04-23 05:05:00+00:00,BTC/USDT
1776921000000,78007.08,78007.08,78001.39,78003.07,0.00081,2026-04-23 05:10:00+00:00,BTC/USDT
1776921300000,77974.42,77974.42,77918.52,77925.98,0.04392,2026-04-23 05:15:00+00:00,BTC/USDT
1776921600000,77990.35,77990.35,77990.35,77990.35,0.00506,2026-04-23 05:20:00+00:00,BTC/USDT
1776921900000,77891.31,77891.31,77891.31,77891.31,0.00015,2026-04-23 05:25:00+00:00,BTC/USDT
1776922200000,77853.31,77853.31,77793.92,77822.83,0.05025,2026-04-23 05:30:00+00:00,BTC/USDT
1776922500000,77804.21,77870.93,77750.01,77821.72,0.09756,2026-04-23 05:35:00+00:00,BTC/USDT
1776922800000,77856.24,77856.24,77843.14,77843.14,0.00064,2026-04-23 05:40:00+00:00,BTC/USDT
1776923100000,77843.14,77843.14,77843.14,77843.14,0.0,2026-04-23 05:45:00+00:00,BTC/USDT
1776923400000,78038.5,78111.16,78017.95,78024.48,0.02422,2026-04-23 05:50:00+00:00,BTC/USDT
1776923700000,78024.48,78024.48,78017.32,78017.32,0.00461,2026-04-23 05:55:00+00:00,BTC/USDT
1776924000000,78097.76,78097.76,78097.76,78097.76,0.00128,2026-04-23 06:00:00+00:00,BTC/USDT
1776924300000,78129.12,78257.68,78129.12,78257.68,0.00539,2026-04-23 06:05:00+00:00,BTC/USDT
1776924600000,78230.0,78286.0,78195.06,78208.58,0.0071,2026-04-23 06:10:00+00:00,BTC/USDT
1776924900000,78206.39,78212.39,78206.39,78212.39,0.00801,2026-04-23 06:15:00+00:00,BTC/USDT
1776925200000,78210.09,78325.6,78178.31,78325.6,0.14002,2026-04-23 06:20:00+00:00,BTC/USDT
1776925500000,78293.73,78293.73,78284.8,78284.8,0.00311,2026-04-23 06:25:00+00:00,BTC/USDT
1776925800000,78294.0,78323.19,78294.0,78323.19,0.08193,2026-04-23 06:30:00+00:00,BTC/USDT
1776926100000,78252.97,78252.97,78223.25,78223.25,0.00082,2026-04-23 06:35:00+00:00,BTC/USDT
1776926400000,78223.25,78223.25,78223.25,78223.25,0.0,2026-04-23 06:40:00+00:00,BTC/USDT
1776926700000,78181.23,78181.23,78181.23,78181.23,0.00191,2026-04-23 06:45:00+00:00,BTC/USDT
1776927000000,78181.23,78181.23,78181.23,78181.23,0.0,2026-04-23 06:50:00+00:00,BTC/USDT
1776927300000,78181.23,78181.23,78181.23,78181.23,0.0,2026-04-23 06:55:00+00:00,BTC/USDT
1776927600000,78246.5,78246.5,78208.01,78212.2,0.0003,2026-04-23 07:00:00+00:00,BTC/USDT
1776927900000,78232.83,78232.83,78223.66,78223.66,0.00184,2026-04-23 07:05:00+00:00,BTC/USDT
1776928200000,78197.33,78197.33,78143.98,78143.98,0.00264,2026-04-23 07:10:00+00:00,BTC/USDT
1776928500000,78107.75,78107.75,78107.75,78107.75,0.00118,2026-04-23 07:15:00+00:00,BTC/USDT
1776928800000,78162.85,78162.85,78162.85,78162.85,8e-05,2026-04-23 07:20:00+00:00,BTC/USDT
1776929100000,78156.28,78187.68,78156.28,78187.68,0.00012,2026-04-23 07:25:00+00:00,BTC/USDT
1776929400000,78187.68,78187.68,78187.68,78187.68,0.0,2026-04-23 07:30:00+00:00,BTC/USDT
1776929700000,78157.62,78157.62,78107.75,78107.75,9e-05,2026-04-23 07:35:00+00:00,BTC/USDT
1776930000000,78107.75,78107.75,78107.75,78107.75,0.0,2026-04-23 07:40:00+00:00,BTC/USDT
1776930300000,78107.75,78107.75,78107.75,78107.75,0.0,2026-04-23 07:45:00+00:00,BTC/USDT
1776930600000,78011.43,78011.44,77982.91,77982.91,0.01448,2026-04-23 07:50:00+00:00,BTC/USDT
1776930900000,78042.26,78052.52,78029.07,78052.52,0.02878,2026-04-23 07:55:00+00:00,BTC/USDT
1776931200000,78031.73,78031.73,78002.55,78002.55,0.00271,2026-04-23 08:00:00+00:00,BTC/USDT
1776931500000,77996.12,77996.12,77988.52,77988.52,0.00813,2026-04-23 08:05:00+00:00,BTC/USDT
1776931800000,78073.7,78146.52,78048.1,78146.52,0.03386,2026-04-23 08:10:00+00:00,BTC/USDT
1776932100000,78146.52,78146.52,78146.52,78146.52,0.0,2026-04-23 08:15:00+00:00,BTC/USDT
1776932400000,78146.52,78146.52,78146.52,78146.52,0.0,2026-04-23 08:20:00+00:00,BTC/USDT
1776932700000,78011.63,78011.63,77944.57,77998.64,0.00258,2026-04-23 08:25:00+00:00,BTC/USDT
1776933000000,77953.05,77953.05,77876.83,77876.83,0.0073,2026-04-23 08:30:00+00:00,BTC/USDT
1776933300000,77845.95,77845.95,77845.95,77845.95,0.00064,2026-04-23 08:35:00+00:00,BTC/USDT
1776933600000,77814.77,77814.77,77750.0,77750.0,0.96261,2026-04-23 08:40:00+00:00,BTC/USDT
1776933900000,77736.82,77817.6,77736.82,77817.6,0.00332,2026-04-23 08:45:00+00:00,BTC/USDT
1776934200000,77857.54,77857.54,77857.54,77857.54,0.00064,2026-04-23 08:50:00+00:00,BTC/USDT
1776934500000,77860.44,77860.44,77860.44,77860.44,0.00064,2026-04-23 08:55:00+00:00,BTC/USDT
1776934800000,77837.16,77852.21,77688.65,77688.65,0.01479,2026-04-23 09:00:00+00:00,BTC/USDT
1776935100000,77603.91,77603.91,77465.86,77496.2,0.02309,2026-04-23 09:05:00+00:00,BTC/USDT
1776935400000,77581.68,77581.68,77581.68,77581.68,3e-05,2026-04-23 09:10:00+00:00,BTC/USDT
1776935700000,77559.03,77594.55,77559.03,77591.56,0.01706,2026-04-23 09:15:00+00:00,BTC/USDT
1776936000000,77617.02,77617.02,77617.02,77617.02,0.01579,2026-04-23 09:20:00+00:00,BTC/USDT
1776936300000,77587.35,77611.58,77587.35,77609.47,0.00032,2026-04-23 09:25:00+00:00,BTC/USDT
1776936600000,77637.1,77673.33,77397.6,77669.74,0.80371,2026-04-23 09:30:00+00:00,BTC/USDT
1776936900000,77662.19,77683.05,77662.19,77683.05,0.00207,2026-04-23 09:35:00+00:00,BTC/USDT
1776937200000,77690.35,77756.6,77690.35,77753.93,0.00069,2026-04-23 09:40:00+00:00,BTC/USDT
1776937500000,77622.69,77622.69,77622.69,77622.69,0.00012,2026-04-23 09:45:00+00:00,BTC/USDT
1776937800000,77622.69,77622.69,77622.69,77622.69,0.0,2026-04-23 09:50:00+00:00,BTC/USDT
1776938100000,77618.89,77618.89,77618.89,77618.89,6e-05,2026-04-23 09:55:00+00:00,BTC/USDT
1776938400000,77660.99,77660.99,77660.99,77660.99,0.00028,2026-04-23 10:00:00+00:00,BTC/USDT
1776938700000,77560.41,77560.41,77216.28,77357.21,0.11642,2026-04-23 10:05:00+00:00,BTC/USDT
1776939000000,77206.21,77209.43,77199.49,77209.42,0.01234,2026-04-23 10:10:00+00:00,BTC/USDT
1776939300000,77209.42,77209.42,77209.42,77209.42,0.0,2026-04-23 10:15:00+00:00,BTC/USDT
1776939600000,77351.76,77378.49,77351.76,77378.49,0.0138,2026-04-23 10:20:00+00:00,BTC/USDT
1776939900000,77382.48,77384.8,77382.48,77384.8,0.01289,2026-04-23 10:25:00+00:00,BTC/USDT
1776940200000,77384.8,77425.54,77384.8,77410.3,0.15497,2026-04-23 10:30:00+00:00,BTC/USDT
1776940500000,77415.65,77415.65,77415.65,77415.65,0.00096,2026-04-23 10:35:00+00:00,BTC/USDT
1776940800000,77433.59,77433.59,77388.07,77407.78,0.00025,2026-04-23 10:40:00+00:00,BTC/USDT
1776941100000,77418.82,77478.08,77372.6,77372.6,0.00052,2026-04-23 10:45:00+00:00,BTC/USDT
1776941400000,77375.12,77375.12,77333.46,77333.47,0.02726,2026-04-23 10:50:00+00:00,BTC/USDT
1776941700000,77401.61,77401.61,77401.61,77401.61,0.00027,2026-04-23 10:55:00+00:00,BTC/USDT
1776942000000,77491.91,77510.54,77491.91,77510.54,0.0001,2026-04-23 11:00:00+00:00,BTC/USDT
1776942300000,77510.46,77510.46,77433.07,77476.41,0.00147,2026-04-23 11:05:00+00:00,BTC/USDT
1776942600000,77446.03,77461.02,77414.05,77414.05,0.04748,2026-04-23 11:10:00+00:00,BTC/USDT
1776942900000,77394.35,77394.35,77394.35,77394.35,0.00016,2026-04-23 11:15:00+00:00,BTC/USDT
1776943200000,77394.35,77394.35,77394.35,77394.35,0.0,2026-04-23 11:20:00+00:00,BTC/USDT
1776943500000,77448.88,77448.88,77448.88,77448.88,0.00017,2026-04-23 11:25:00+00:00,BTC/USDT
1776943800000,77477.33,77477.33,77477.33,77477.33,0.00643,2026-04-23 11:30:00+00:00,BTC/USDT
1776944100000,77534.14,77571.59,77531.88,77531.88,0.01761,2026-04-23 11:35:00+00:00,BTC/USDT
1776944400000,77519.49,77534.04,77519.49,77532.16,0.00063,2026-04-23 11:40:00+00:00,BTC/USDT
1776944700000,77597.88,77668.64,77597.88,77662.66,0.0129,2026-04-23 11:45:00+00:00,BTC/USDT
1776945000000,77657.8,77679.55,77657.8,77676.9,0.00201,2026-04-23 11:50:00+00:00,BTC/USDT
1776945300000,77692.29,77733.9,77692.29,77724.02,0.01157,2026-04-23 11:55:00+00:00,BTC/USDT
1776945600000,77739.46,77752.47,77739.42,77752.47,0.0006,2026-04-23 12:00:00+00:00,BTC/USDT
1776945900000,77778.11,77858.2,77778.11,77829.99,0.0192,2026-04-23 12:05:00+00:00,BTC/USDT
1776946200000,77770.85,77809.74,77731.6,77731.6,0.02569,2026-04-23 12:10:00+00:00,BTC/USDT
1776946500000,77695.49,77695.49,77663.6,77687.21,0.29748,2026-04-23 12:15:00+00:00,BTC/USDT
1776946800000,77653.98,77668.98,77653.98,77665.53,0.00356,2026-04-23 12:20:00+00:00,BTC/USDT
1776947100000,77751.66,77767.78,77710.97,77767.78,0.00372,2026-04-23 12:25:00+00:00,BTC/USDT
1776947400000,77769.59,77805.39,77769.59,77780.03,0.03194,2026-04-23 12:30:00+00:00,BTC/USDT
1776947700000,77799.16,77799.16,77777.08,77777.08,0.00022,2026-04-23 12:35:00+00:00,BTC/USDT
1776948000000,77791.27,77791.27,77791.27,77791.27,0.00142,2026-04-23 12:40:00+00:00,BTC/USDT
1776948300000,77748.36,77748.36,77540.2,77649.72,0.02155,2026-04-23 12:45:00+00:00,BTC/USDT
1776948600000,77649.72,77649.72,77649.72,77649.72,0.0,2026-04-23 12:50:00+00:00,BTC/USDT
1776948900000,77781.08,77781.08,77781.08,77781.08,0.00026,2026-04-23 12:55:00+00:00,BTC/USDT
1776949200000,77889.71,77895.64,77802.6,77826.13,0.01076,2026-04-23 13:00:00+00:00,BTC/USDT
1776949500000,77795.9,77795.9,77795.9,77795.9,0.00096,2026-04-23 13:05:00+00:00,BTC/USDT
1776949800000,77815.25,77831.39,77622.9,77630.7,0.0145,2026-04-23 13:10:00+00:00,BTC/USDT
1776950100000,77630.7,77630.7,77630.7,77630.7,0.0,2026-04-23 13:15:00+00:00,BTC/USDT
1776950400000,77685.18,77712.57,77630.7,77712.57,0.07111,2026-04-23 13:20:00+00:00,BTC/USDT
1776950700000,77712.57,77712.57,77712.57,77712.57,0.0,2026-04-23 13:25:00+00:00,BTC/USDT
1776951000000,77587.8,77649.88,77580.55,77610.57,0.01602,2026-04-23 13:30:00+00:00,BTC/USDT
1776951300000,77658.86,77658.86,77546.07,77573.09,0.00082,2026-04-23 13:35:00+00:00,BTC/USDT
1776951600000,77626.0,77626.0,77626.0,77626.0,0.01048,2026-04-23 13:40:00+00:00,BTC/USDT
1776951900000,77477.8,77587.64,77477.8,77587.64,0.00439,2026-04-23 13:45:00+00:00,BTC/USDT
1776952200000,77500.0,77500.0,77419.19,77426.4,0.00666,2026-04-23 13:50:00+00:00,BTC/USDT
1776952500000,77430.34,77561.52,77430.0,77518.68,0.21871,2026-04-23 13:55:00+00:00,BTC/USDT
1776952800000,77491.89,77581.62,77431.32,77581.62,0.01445,2026-04-23 14:00:00+00:00,BTC/USDT
1776953100000,77590.5,77622.74,77555.89,77622.74,0.01095,2026-04-23 14:05:00+00:00,BTC/USDT
1776953400000,77609.48,77609.48,77513.72,77513.72,0.00787,2026-04-23 14:10:00+00:00,BTC/USDT
1776953700000,77526.98,77526.98,77526.98,77526.98,0.00365,2026-04-23 14:15:00+00:00,BTC/USDT
1776954000000,77548.98,77698.97,77548.98,77698.97,0.0143,2026-04-23 14:20:00+00:00,BTC/USDT
1776954300000,77703.5,77948.19,77695.5,77707.6,0.02034,2026-04-23 14:25:00+00:00,BTC/USDT
1776954600000,77704.0,77704.0,77704.0,77704.0,0.00016,2026-04-23 14:30:00+00:00,BTC/USDT
1776954900000,77948.21,77948.21,77948.21,77948.21,0.00234,2026-04-23 14:35:00+00:00,BTC/USDT
1776955200000,77755.49,77755.49,77755.49,77755.49,0.00064,2026-04-23 14:40:00+00:00,BTC/USDT
1776955500000,77951.95,77955.21,77951.95,77955.21,0.00089,2026-04-23 14:45:00+00:00,BTC/USDT
1776955800000,77858.04,78038.67,77858.04,78038.67,0.00257,2026-04-23 14:50:00+00:00,BTC/USDT
1776956100000,78071.43,78207.98,78071.43,78207.98,0.02578,2026-04-23 14:55:00+00:00,BTC/USDT
1776956400000,78186.77,78197.0,78026.24,78026.24,0.00392,2026-04-23 15:00:00+00:00,BTC/USDT
1776956700000,78033.47,78081.52,78023.32,78023.32,0.00044,2026-04-23 15:05:00+00:00,BTC/USDT
1776957000000,78105.98,78107.49,78068.07,78103.24,0.00443,2026-04-23 15:10:00+00:00,BTC/USDT
1776957300000,78266.87,78440.16,78266.87,78440.16,0.0369,2026-04-23 15:15:00+00:00,BTC/USDT
1776957600000,78418.56,78651.8,78397.72,78651.8,0.04783,2026-04-23 15:20:00+00:00,BTC/USDT
1776957900000,78573.05,78573.05,78469.45,78469.45,0.02486,2026-04-23 15:25:00+00:00,BTC/USDT
1776958200000,78355.0,78380.83,78334.52,78380.83,0.00286,2026-04-23 15:30:00+00:00,BTC/USDT
1776958500000,78508.71,78523.89,78473.69,78520.14,0.00417,2026-04-23 15:35:00+00:00,BTC/USDT
1776958800000,78537.9,78568.66,78510.93,78523.9,0.14787,2026-04-23 15:40:00+00:00,BTC/USDT
1776959100000,78285.71,78356.9,78268.53,78356.9,0.00476,2026-04-23 15:45:00+00:00,BTC/USDT
1776959400000,78303.47,78324.63,78303.47,78324.63,0.09312,2026-04-23 15:50:00+00:00,BTC/USDT
1776959700000,78324.63,78324.63,78324.63,78324.63,0.0,2026-04-23 15:55:00+00:00,BTC/USDT
1776960000000,78412.08,78456.1,78300.01,78309.5,0.03624,2026-04-23 16:00:00+00:00,BTC/USDT
1776960300000,78339.24,78500.0,78339.05,78400.68,0.50958,2026-04-23 16:05:00+00:00,BTC/USDT
1776960600000,78421.43,78421.43,78306.23,78306.23,1.20588,2026-04-23 16:10:00+00:00,BTC/USDT
1776960900000,78303.59,78338.74,78303.59,78317.97,1.21242,2026-04-23 16:15:00+00:00,BTC/USDT
1776961200000,78408.56,78408.56,78371.71,78403.48,0.04503,2026-04-23 16:20:00+00:00,BTC/USDT
1776961500000,78320.22,78320.22,78320.22,78320.22,0.00127,2026-04-23 16:25:00+00:00,BTC/USDT
1776961800000,78395.38,78395.38,78395.38,78395.38,0.00127,2026-04-23 16:30:00+00:00,BTC/USDT
1776962100000,78451.01,78451.01,78451.01,78451.01,0.00016,2026-04-23 16:35:00+00:00,BTC/USDT
1776962400000,78335.06,78335.06,78317.2,78317.21,0.00763,2026-04-23 16:40:00+00:00,BTC/USDT
1776962700000,78315.72,78315.72,78315.72,78315.72,0.00035,2026-04-23 16:45:00+00:00,BTC/USDT
1776963000000,78362.08,78362.08,78106.45,78106.45,0.00804,2026-04-23 16:50:00+00:00,BTC/USDT
1776963300000,78120.71,78120.71,78022.72,78075.59,0.00389,2026-04-23 16:55:00+00:00,BTC/USDT
1776963600000,78073.9,78073.9,77908.5,78000.79,0.05493,2026-04-23 17:00:00+00:00,BTC/USDT
1776963900000,77924.0,77924.0,77744.54,77744.54,0.01957,2026-04-23 17:05:00+00:00,BTC/USDT
1776964200000,77692.29,77901.68,77661.67,77835.81,0.01212,2026-04-23 17:10:00+00:00,BTC/USDT
1776964500000,77820.94,77820.94,77587.27,77643.5,0.01972,2026-04-23 17:15:00+00:00,BTC/USDT
1776964800000,77584.86,77699.78,77584.86,77692.21,0.09528,2026-04-23 17:20:00+00:00,BTC/USDT
1776965100000,77673.98,77681.37,77653.48,77653.48,0.00886,2026-04-23 17:25:00+00:00,BTC/USDT
1776965400000,77555.95,77628.77,77520.27,77628.77,0.03263,2026-04-23 17:30:00+00:00,BTC/USDT
1776965700000,77500.0,77500.0,77251.39,77251.39,0.01752,2026-04-23 17:35:00+00:00,BTC/USDT
1776966000000,77240.4,77240.4,76983.93,77191.5,0.04289,2026-04-23 17:40:00+00:00,BTC/USDT
1776966300000,77156.72,77333.22,76965.05,77280.1,0.05773,2026-04-23 17:45:00+00:00,BTC/USDT
1776966600000,77295.45,77800.07,77244.69,77626.93,0.12905,2026-04-23 17:50:00+00:00,BTC/USDT
1776966900000,77750.16,77788.81,77750.16,77788.81,0.02705,2026-04-23 17:55:00+00:00,BTC/USDT
1776967200000,77787.1,77972.24,77787.1,77869.04,0.01992,2026-04-23 18:00:00+00:00,BTC/USDT
1776967500000,77888.63,78080.75,77888.63,77989.23,0.03134,2026-04-23 18:05:00+00:00,BTC/USDT
1776967800000,77995.97,78117.69,77991.91,78006.4,0.01117,2026-04-23 18:10:00+00:00,BTC/USDT
1776968100000,78069.69,78069.69,77954.65,77954.65,0.0146,2026-04-23 18:15:00+00:00,BTC/USDT
1776968400000,77904.64,77904.64,77857.14,77857.14,0.00789,2026-04-23 18:20:00+00:00,BTC/USDT
1776968700000,77899.46,77899.46,77876.95,77881.14,0.00304,2026-04-23 18:25:00+00:00,BTC/USDT
1776969000000,77990.3,78016.11,77989.06,77989.06,0.00023,2026-04-23 18:30:00+00:00,BTC/USDT
1776969300000,77983.11,78071.43,77983.11,78047.46,0.00037,2026-04-23 18:35:00+00:00,BTC/USDT
1776969600000,78078.46,78078.46,78065.94,78065.94,0.00855,2026-04-23 18:40:00+00:00,BTC/USDT
1776969900000,78040.06,78040.06,77995.58,77995.58,0.02611,2026-04-23 18:45:00+00:00,BTC/USDT
1776970200000,77857.14,77886.57,77857.14,77886.57,0.00023,2026-04-23 18:50:00+00:00,BTC/USDT
1776970500000,77861.33,77861.33,77692.29,77700.13,0.01601,2026-04-23 18:55:00+00:00,BTC/USDT
1776970800000,77742.39,77742.39,77642.86,77662.0,0.00124,2026-04-23 19:00:00+00:00,BTC/USDT
1776971100000,77608.33,77779.59,77608.33,77740.6,0.05011,2026-04-23 19:05:00+00:00,BTC/USDT
1776971400000,77698.33,77753.78,77666.96,77724.7,0.00207,2026-04-23 19:10:00+00:00,BTC/USDT
1776971700000,77766.76,77857.14,77766.76,77857.14,0.00535,2026-04-23 19:15:00+00:00,BTC/USDT
1776972000000,77830.5,77882.04,77815.76,77822.6,0.00476,2026-04-23 19:20:00+00:00,BTC/USDT
1776972300000,77824.81,77863.05,77824.81,77863.05,0.00132,2026-04-23 19:25:00+00:00,BTC/USDT
1776972600000,77710.53,77715.04,77710.53,77715.04,0.00113,2026-04-23 19:30:00+00:00,BTC/USDT
1776972900000,77669.5,77735.3,77669.5,77715.45,0.01024,2026-04-23 19:35:00+00:00,BTC/USDT
1776973200000,77694.7,77694.7,77694.7,77694.7,0.00026,2026-04-23 19:40:00+00:00,BTC/USDT
1776973500000,77702.78,77795.91,77686.87,77795.91,0.0031,2026-04-23 19:45:00+00:00,BTC/USDT
1776973800000,77680.34,77744.8,77642.86,77744.8,0.01726,2026-04-23 19:50:00+00:00,BTC/USDT
1776974100000,77744.8,77744.8,77744.8,77744.8,0.0,2026-04-23 19:55:00+00:00,BTC/USDT
1776974400000,77705.93,77792.26,77677.72,77792.26,0.0147,2026-04-23 20:00:00+00:00,BTC/USDT
1776974700000,77841.85,77891.65,77829.12,77883.42,0.011,2026-04-23 20:05:00+00:00,BTC/USDT
1776975000000,77870.99,77870.99,77834.86,77834.86,0.00791,2026-04-23 20:10:00+00:00,BTC/USDT
1776975300000,77700.0,77779.05,77700.0,77779.0,0.0968,2026-04-23 20:15:00+00:00,BTC/USDT
1776975600000,77730.67,77730.67,77708.67,77708.67,0.00161,2026-04-23 20:20:00+00:00,BTC/USDT
1776975900000,77766.28,77766.28,77735.49,77735.49,0.00037,2026-04-23 20:25:00+00:00,BTC/USDT
1776976200000,77740.0,77869.13,77740.0,77869.13,0.13824,2026-04-23 20:30:00+00:00,BTC/USDT
1776976500000,77860.16,77921.13,77860.16,77921.13,0.01418,2026-04-23 20:35:00+00:00,BTC/USDT
1776976800000,77995.86,77995.86,77995.86,77995.86,3e-05,2026-04-23 20:40:00+00:00,BTC/USDT
1776977100000,77995.86,77995.86,77995.86,77995.86,0.0,2026-04-23 20:45:00+00:00,BTC/USDT
1776977400000,77923.81,77923.81,77875.72,77875.72,0.00078,2026-04-23 20:50:00+00:00,BTC/USDT
1776977700000,77875.72,77875.72,77875.72,77875.72,0.0,2026-04-23 20:55:00+00:00,BTC/USDT
1776978000000,77867.3,77867.3,77813.97,77854.26,0.01045,2026-04-23 21:00:00+00:00,BTC/USDT
1776978300000,77873.93,77879.78,77849.42,77849.42,0.00343,2026-04-23 21:05:00+00:00,BTC/USDT
1776978600000,77859.2,77917.28,77859.2,77917.28,0.00133,2026-04-23 21:10:00+00:00,BTC/USDT
1776978900000,77895.63,77895.63,77868.42,77868.42,0.00045,2026-04-23 21:15:00+00:00,BTC/USDT
1776979200000,77849.42,77849.42,77813.52,77813.52,0.00598,2026-04-23 21:20:00+00:00,BTC/USDT
1776979500000,77834.41,77850.0,77834.41,77850.0,0.00403,2026-04-23 21:25:00+00:00,BTC/USDT
1776979800000,77932.97,78013.24,77932.97,78013.24,0.0291,2026-04-23 21:30:00+00:00,BTC/USDT
1776980100000,78018.68,78018.68,78018.68,78018.68,0.00639,2026-04-23 21:35:00+00:00,BTC/USDT
1776980400000,78024.21,78041.46,78001.79,78041.46,0.04604,2026-04-23 21:40:00+00:00,BTC/USDT
1776980700000,78034.88,78034.88,78034.88,78034.88,0.00083,2026-04-23 21:45:00+00:00,BTC/USDT
1776981000000,78003.52,78026.03,77987.85,77987.85,0.06909,2026-04-23 21:50:00+00:00,BTC/USDT
1776981300000,77980.0,78003.42,77948.47,77952.08,0.00411,2026-04-23 21:55:00+00:00,BTC/USDT
1776981600000,78013.02,78022.48,78002.27,78022.48,0.00164,2026-04-23 22:00:00+00:00,BTC/USDT
1776981900000,78022.48,78160.46,78022.48,78095.06,0.03219,2026-04-23 22:05:00+00:00,BTC/USDT
1776982200000,78162.58,78162.58,78088.65,78088.65,0.01238,2026-04-23 22:10:00+00:00,BTC/USDT
1776982500000,78088.5,78238.29,78088.5,78238.29,0.05828,2026-04-23 22:15:00+00:00,BTC/USDT
1776982800000,78194.64,78194.64,78194.64,78194.64,0.00096,2026-04-23 22:20:00+00:00,BTC/USDT
1776983100000,78129.87,78154.97,78129.87,78154.97,0.00065,2026-04-23 22:25:00+00:00,BTC/USDT
1776983400000,78174.33,78174.33,78174.33,78174.33,0.00082,2026-04-23 22:30:00+00:00,BTC/USDT
1776983700000,78198.59,78266.43,78198.59,78220.35,0.0021,2026-04-23 22:35:00+00:00,BTC/USDT
1776984000000,78236.94,78288.87,78236.94,78288.87,0.00287,2026-04-23 22:40:00+00:00,BTC/USDT
1776984300000,78304.82,78314.78,78283.92,78298.48,0.00217,2026-04-23 22:45:00+00:00,BTC/USDT
1776984600000,78270.03,78270.03,78270.03,78270.03,0.00025,2026-04-23 22:50:00+00:00,BTC/USDT
1776984900000,78246.77,78246.77,78192.24,78213.21,0.01407,2026-04-23 22:55:00+00:00,BTC/USDT
1776985200000,78227.84,78232.91,78183.9,78213.5,0.00266,2026-04-23 23:00:00+00:00,BTC/USDT
1776985500000,78223.22,78228.86,78223.22,78228.86,0.00133,2026-04-23 23:05:00+00:00,BTC/USDT
1776985800000,78132.21,78149.58,78080.24,78104.89,0.00637,2026-04-23 23:10:00+00:00,BTC/USDT
1776986100000,78082.95,78082.95,78034.25,78034.25,0.00153,2026-04-23 23:15:00+00:00,BTC/USDT
1776986400000,78105.48,78135.57,78105.48,78135.57,0.00587,2026-04-23 23:20:00+00:00,BTC/USDT
1776986700000,78136.4,78144.69,78114.59,78144.69,0.0056,2026-04-23 23:25:00+00:00,BTC/USDT
1776987000000,78164.44,78165.8,78137.77,78137.77,0.0402,2026-04-23 23:30:00+00:00,BTC/USDT
1776987300000,78177.08,78209.57,78143.55,78178.9,0.00163,2026-04-23 23:35:00+00:00,BTC/USDT
1776987600000,78252.83,78252.83,78233.65,78233.65,0.00201,2026-04-23 23:40:00+00:00,BTC/USDT
1776987900000,78257.07,78257.07,78257.07,78257.07,0.0008,2026-04-23 23:45:00+00:00,BTC/USDT
1776988200000,78233.41,78299.3,78233.41,78259.83,0.01763,2026-04-23 23:50:00+00:00,BTC/USDT
1776988500000,78224.67,78254.34,78224.67,78254.34,0.00578,2026-04-23 23:55:00+00:00,BTC/USDT
1776988800000,78265.13,78282.25,78264.39,78264.39,0.01443,2026-04-24 00:00:00+00:00,BTC/USDT
1776989100000,78190.79,78302.17,78163.72,78302.17,0.00442,2026-04-24 00:05:00+00:00,BTC/USDT
1776989400000,78326.98,78326.98,78284.39,78295.53,0.00385,2026-04-24 00:10:00+00:00,BTC/USDT
1776989700000,78329.03,78342.45,78275.57,78342.45,0.01472,2026-04-24 00:15:00+00:00,BTC/USDT
1776990000000,78353.49,78451.91,78345.28,78398.52,0.02406,2026-04-24 00:20:00+00:00,BTC/USDT
1776990300000,78345.66,78448.28,78345.66,78406.6,0.00137,2026-04-24 00:25:00+00:00,BTC/USDT
1776990600000,78420.26,78452.09,78400.68,78400.68,0.01067,2026-04-24 00:30:00+00:00,BTC/USDT
1776990900000,78433.41,78478.22,78433.41,78478.22,0.00677,2026-04-24 00:35:00+00:00,BTC/USDT
1776991200000,78445.02,78445.73,78355.87,78402.46,0.01361,2026-04-24 00:40:00+00:00,BTC/USDT
1776991500000,78371.99,78475.78,78371.99,78451.03,0.00623,2026-04-24 00:45:00+00:00,BTC/USDT
1776991800000,78435.92,78448.58,78364.29,78381.93,0.00389,2026-04-24 00:50:00+00:00,BTC/USDT
1776992100000,78320.29,78373.72,78315.87,78353.89,0.04833,2026-04-24 00:55:00+00:00,BTC/USDT
1776992400000,78419.93,78419.93,78256.31,78280.24,0.04013,2026-04-24 01:00:00+00:00,BTC/USDT
1776992700000,78244.42,78244.79,78081.07,78088.07,0.01353,2026-04-24 01:05:00+00:00,BTC/USDT
1776993000000,78137.87,78174.31,78137.87,78172.77,0.00339,2026-04-24 01:10:00+00:00,BTC/USDT
1776993300000,78176.7,78176.7,78088.95,78088.95,0.00143,2026-04-24 01:15:00+00:00,BTC/USDT
1776993600000,78080.75,78080.75,78030.47,78043.89,0.01453,2026-04-24 01:20:00+00:00,BTC/USDT
1776993900000,78038.2,78097.75,78038.2,78050.0,0.00716,2026-04-24 01:25:00+00:00,BTC/USDT
1776994200000,78046.62,78046.62,77955.96,77955.96,0.01032,2026-04-24 01:30:00+00:00,BTC/USDT
1776994500000,78043.58,78078.32,78043.58,78078.32,0.06698,2026-04-24 01:35:00+00:00,BTC/USDT
1776994800000,78121.16,78138.85,78056.26,78056.27,0.02035,2026-04-24 01:40:00+00:00,BTC/USDT
1776995100000,78157.91,78243.68,78157.91,78224.64,0.04207,2026-04-24 01:45:00+00:00,BTC/USDT
1776995400000,78280.34,78440.56,78280.34,78411.7,0.04436,2026-04-24 01:50:00+00:00,BTC/USDT
1776995700000,78431.86,78461.81,78393.84,78461.81,0.00469,2026-04-24 01:55:00+00:00,BTC/USDT
1776996000000,78430.34,78563.95,78430.34,78472.72,0.06043,2026-04-24 02:00:00+00:00,BTC/USDT
1776996300000,78403.8,78403.8,78341.5,78341.5,0.07502,2026-04-24 02:05:00+00:00,BTC/USDT
1776996600000,78357.51,78424.06,78357.51,78424.06,0.00114,2026-04-24 02:10:00+00:00,BTC/USDT
1776996900000,78403.45,78403.46,78356.28,78361.67,0.00983,2026-04-24 02:15:00+00:00,BTC/USDT
1776997200000,78343.51,78349.05,78295.11,78295.11,0.03182,2026-04-24 02:20:00+00:00,BTC/USDT
1776997500000,78273.86,78273.86,78247.15,78268.65,0.00483,2026-04-24 02:25:00+00:00,BTC/USDT
1776997800000,78293.74,78293.74,78293.74,78293.74,0.00028,2026-04-24 02:30:00+00:00,BTC/USDT
1776998100000,78319.88,78319.89,78297.16,78297.16,0.0052,2026-04-24 02:35:00+00:00,BTC/USDT
1776998400000,78332.78,78367.14,78332.78,78367.14,0.00359,2026-04-24 02:40:00+00:00,BTC/USDT
1776998700000,78426.88,78426.88,78353.53,78353.53,0.04127,2026-04-24 02:45:00+00:00,BTC/USDT
1776999000000,78389.13,78389.13,78080.75,78080.75,0.00584,2026-04-24 02:50:00+00:00,BTC/USDT
1776999300000,78131.88,78151.72,78131.88,78151.72,0.0014,2026-04-24 02:55:00+00:00,BTC/USDT
1776999600000,78167.18,78167.18,78111.7,78118.68,0.0038,2026-04-24 03:00:00+00:00,BTC/USDT
1776999900000,78122.16,78159.54,78122.16,78156.36,0.00264,2026-04-24 03:05:00+00:00,BTC/USDT
1777000200000,78149.09,78178.74,78118.68,78138.23,0.00468,2026-04-24 03:10:00+00:00,BTC/USDT
1777000500000,78118.68,78118.68,77995.13,78043.89,0.00303,2026-04-24 03:15:00+00:00,BTC/USDT
1777000800000,78039.53,78039.53,77700.0,77781.69,0.10527,2026-04-24 03:20:00+00:00,BTC/USDT
1777001100000,77776.0,77816.88,77756.1,77816.88,0.00156,2026-04-24 03:25:00+00:00,BTC/USDT
1777001400000,77759.41,77759.41,77555.95,77598.63,0.15378,2026-04-24 03:30:00+00:00,BTC/USDT
1777001700000,77670.37,77717.6,77670.37,77707.19,0.00095,2026-04-24 03:35:00+00:00,BTC/USDT
1777002000000,77675.44,77675.44,77675.44,77675.44,0.00128,2026-04-24 03:40:00+00:00,BTC/USDT
1777002300000,77713.76,77715.6,77713.76,77715.6,0.01296,2026-04-24 03:45:00+00:00,BTC/USDT
1777002600000,77722.47,77743.98,77722.47,77743.98,0.00256,2026-04-24 03:50:00+00:00,BTC/USDT
1777002900000,77730.74,77744.57,77730.74,77744.57,0.00552,2026-04-24 03:55:00+00:00,BTC/USDT
1777003200000,77712.87,77712.87,77698.04,77708.38,0.00834,2026-04-24 04:00:00+00:00,BTC/USDT
1777003500000,77721.53,77737.55,77674.96,77674.96,0.00368,2026-04-24 04:05:00+00:00,BTC/USDT
1777003800000,77674.96,77674.96,77674.96,77674.96,0.0,2026-04-24 04:10:00+00:00,BTC/USDT
1777004100000,77685.57,77737.7,77685.57,77737.7,0.00349,2026-04-24 04:15:00+00:00,BTC/USDT
1777004400000,77791.75,77832.54,77791.75,77832.54,0.00384,2026-04-24 04:20:00+00:00,BTC/USDT
1777004700000,77821.62,77821.62,77779.69,77779.69,0.00128,2026-04-24 04:25:00+00:00,BTC/USDT
1777005000000,77593.49,77595.56,77593.49,77595.56,0.01906,2026-04-24 04:30:00+00:00,BTC/USDT
1777005300000,77619.35,77619.35,77500.0,77500.0,0.0112,2026-04-24 04:35:00+00:00,BTC/USDT
1777005600000,77620.39,77620.39,77620.39,77620.39,0.00103,2026-04-24 04:40:00+00:00,BTC/USDT
1777005900000,77612.65,77612.65,77612.65,77612.65,3e-05,2026-04-24 04:45:00+00:00,BTC/USDT
1777006200000,77730.34,77730.34,77714.05,77714.05,0.00166,2026-04-24 04:50:00+00:00,BTC/USDT
1777006500000,77714.05,77714.05,77714.05,77714.05,0.0,2026-04-24 04:55:00+00:00,BTC/USDT
1777006800000,77676.36,77676.36,77640.95,77640.95,0.00028,2026-04-24 05:00:00+00:00,BTC/USDT
1777007100000,77640.95,77640.95,77640.95,77640.95,0.0,2026-04-24 05:05:00+00:00,BTC/USDT
1777007400000,77640.95,77640.95,77640.95,77640.95,0.0,2026-04-24 05:10:00+00:00,BTC/USDT
1777007700000,77588.38,77588.38,77475.17,77475.17,0.00061,2026-04-24 05:15:00+00:00,BTC/USDT
1777008000000,77541.23,77541.23,77525.86,77525.86,0.00089,2026-04-24 05:20:00+00:00,BTC/USDT
1777008300000,77584.7,77584.7,77584.7,77584.7,6e-05,2026-04-24 05:25:00+00:00,BTC/USDT
1777008600000,77697.72,77699.81,77697.72,77699.81,0.0002,2026-04-24 05:30:00+00:00,BTC/USDT
1777008900000,77699.81,77699.81,77699.81,77699.81,0.0,2026-04-24 05:35:00+00:00,BTC/USDT
1777009200000,77699.81,77699.81,77699.81,77699.81,0.0,2026-04-24 05:40:00+00:00,BTC/USDT
1777009500000,77782.23,77790.79,77782.23,77790.79,0.0646,2026-04-24 05:45:00+00:00,BTC/USDT
1777009800000,77790.79,77790.79,77790.79,77790.79,0.0,2026-04-24 05:50:00+00:00,BTC/USDT
1777010100000,77816.59,78011.37,77816.59,78011.37,0.10397,2026-04-24 05:55:00+00:00,BTC/USDT
1777010400000,78011.37,78011.37,78011.37,78011.37,0.0,2026-04-24 06:00:00+00:00,BTC/USDT
1777010700000,77921.57,77921.57,77900.12,77900.12,0.00109,2026-04-24 06:05:00+00:00,BTC/USDT
1777011000000,77934.12,77934.12,77934.12,77934.12,0.00777,2026-04-24 06:10:00+00:00,BTC/USDT
1777011300000,77955.99,77955.99,77955.99,77955.99,0.00076,2026-04-24 06:15:00+00:00,BTC/USDT
1777011600000,77951.32,77951.32,77951.32,77951.32,0.00106,2026-04-24 06:20:00+00:00,BTC/USDT
1777011900000,77951.32,77951.32,77951.32,77951.32,0.0,2026-04-24 06:25:00+00:00,BTC/USDT
1777012200000,77794.49,77795.09,77794.49,77795.09,0.0552,2026-04-24 06:30:00+00:00,BTC/USDT
1777012500000,77795.09,77795.09,77795.09,77795.09,0.0,2026-04-24 06:35:00+00:00,BTC/USDT
1777012800000,77795.09,77795.09,77795.09,77795.09,0.0,2026-04-24 06:40:00+00:00,BTC/USDT
1777013100000,77795.09,77795.09,77795.09,77795.09,0.0,2026-04-24 06:45:00+00:00,BTC/USDT
1777013400000,77852.2,77852.2,77852.2,77852.2,0.00013,2026-04-24 06:50:00+00:00,BTC/USDT
1777013700000,77860.69,77860.69,77860.69,77860.69,0.00013,2026-04-24 06:55:00+00:00,BTC/USDT
1777014000000,77788.9,77788.9,77788.9,77788.9,0.00011,2026-04-24 07:00:00+00:00,BTC/USDT
1777014300000,77832.75,77832.75,77832.75,77832.75,0.00068,2026-04-24 07:05:00+00:00,BTC/USDT
1777014600000,77842.77,77842.77,77787.17,77787.17,0.01285,2026-04-24 07:10:00+00:00,BTC/USDT
1777014900000,77749.39,77760.8,77739.84,77739.84,0.01595,2026-04-24 07:15:00+00:00,BTC/USDT
1777015200000,77692.01,77692.01,77692.01,77692.01,0.00112,2026-04-24 07:20:00+00:00,BTC/USDT
1777015500000,77672.89,77711.44,77650.0,77692.82,0.00407,2026-04-24 07:25:00+00:00,BTC/USDT
1777015800000,77735.0,77735.0,77735.0,77735.0,0.00128,2026-04-24 07:30:00+00:00,BTC/USDT
1777016100000,77735.0,77735.0,77735.0,77735.0,0.0,2026-04-24 07:35:00+00:00,BTC/USDT
1777016400000,77647.24,77665.64,77647.24,77651.92,0.00399,2026-04-24 07:40:00+00:00,BTC/USDT
1777016700000,77723.72,77729.15,77723.72,77729.15,0.00022,2026-04-24 07:45:00+00:00,BTC/USDT
1777017000000,77723.57,77723.57,77700.0,77700.0,0.04263,2026-04-24 07:50:00+00:00,BTC/USDT
1777017300000,77609.0,77626.07,77607.04,77626.07,0.01043,2026-04-24 07:55:00+00:00,BTC/USDT
1777017600000,77626.07,77626.07,77626.07,77626.07,0.0,2026-04-24 08:00:00+00:00,BTC/USDT
1777017900000,77626.07,77626.07,77626.07,77626.07,0.0,2026-04-24 08:05:00+00:00,BTC/USDT
1777018200000,77634.5,77652.9,77632.46,77632.46,0.00093,2026-04-24 08:10:00+00:00,BTC/USDT
1777018500000,77850.0,77867.11,77834.73,77866.13,0.00163,2026-04-24 08:15:00+00:00,BTC/USDT
1777018800000,77834.72,77973.75,77828.08,77923.35,0.3842,2026-04-24 08:20:00+00:00,BTC/USDT
1777019100000,77902.11,77902.11,77851.35,77851.35,0.00763,2026-04-24 08:25:00+00:00,BTC/USDT
1777019400000,77812.83,77837.51,77812.83,77837.51,0.0007,2026-04-24 08:30:00+00:00,BTC/USDT
1777019700000,77768.12,77814.1,77768.12,77814.1,0.00031,2026-04-24 08:35:00+00:00,BTC/USDT
1777020000000,77761.2,77761.2,77761.2,77761.2,3e-05,2026-04-24 08:40:00+00:00,BTC/USDT
1777020300000,77789.78,77789.78,77789.78,77789.78,1e-05,2026-04-24 08:45:00+00:00,BTC/USDT
1777020600000,77849.95,77858.21,77849.95,77856.49,0.00516,2026-04-24 08:50:00+00:00,BTC/USDT
1777020900000,77834.35,77834.36,77834.35,77834.36,0.01409,2026-04-24 08:55:00+00:00,BTC/USDT
1777021200000,77697.77,77697.77,77697.77,77697.77,0.00016,2026-04-24 09:00:00+00:00,BTC/USDT
1777021500000,77650.0,77650.0,77433.4,77446.73,0.14111,2026-04-24 09:05:00+00:00,BTC/USDT
1777021800000,77446.73,77446.73,77446.73,77446.73,0.00103,2026-04-24 09:10:00+00:00,BTC/USDT
1777022100000,77536.9,77536.9,77523.66,77523.66,0.0009,2026-04-24 09:15:00+00:00,BTC/USDT
1777022400000,77531.67,77574.6,77523.66,77523.66,0.00598,2026-04-24 09:20:00+00:00,BTC/USDT
1777022700000,77492.39,77492.39,77492.39,77492.39,0.00025,2026-04-24 09:25:00+00:00,BTC/USDT
1777023000000,77518.78,77518.78,77431.12,77431.12,0.00369,2026-04-24 09:30:00+00:00,BTC/USDT
1777023300000,77562.82,77562.82,77562.82,77562.82,0.00204,2026-04-24 09:35:00+00:00,BTC/USDT
1777023600000,77562.82,77562.82,77562.82,77562.82,0.00052,2026-04-24 09:40:00+00:00,BTC/USDT
1777023900000,77545.82,77545.82,77541.2,77541.2,0.01018,2026-04-24 09:45:00+00:00,BTC/USDT
1777024200000,77491.65,77524.01,77491.65,77524.01,0.0063,2026-04-24 09:50:00+00:00,BTC/USDT
1777024500000,77524.01,77524.85,77524.01,77524.85,0.02399,2026-04-24 09:55:00+00:00,BTC/USDT
1777024800000,77524.01,77524.01,77455.49,77515.07,0.14223,2026-04-24 10:00:00+00:00,BTC/USDT
1777025100000,77502.32,77511.35,77455.05,77468.37,0.00688,2026-04-24 10:05:00+00:00,BTC/USDT
1777025400000,77494.54,77499.57,77494.54,77499.57,0.0127,2026-04-24 10:10:00+00:00,BTC/USDT
1777025700000,77580.96,77580.96,77580.96,77580.96,0.00128,2026-04-24 10:15:00+00:00,BTC/USDT
1777026000000,77579.21,77620.65,77546.8,77620.65,0.01638,2026-04-24 10:20:00+00:00,BTC/USDT
1777026300000,77718.18,77718.18,77703.66,77703.66,0.00156,2026-04-24 10:25:00+00:00,BTC/USDT
1777026600000,77703.66,77703.66,77703.66,77703.66,0.0,2026-04-24 10:30:00+00:00,BTC/USDT
1777026900000,77670.88,77670.88,77646.12,77646.12,0.00265,2026-04-24 10:35:00+00:00,BTC/USDT
1777027200000,77646.12,77646.12,77646.12,77646.12,0.0,2026-04-24 10:40:00+00:00,BTC/USDT
1777027500000,77712.13,77712.13,77712.13,77712.13,0.01155,2026-04-24 10:45:00+00:00,BTC/USDT
1777027800000,77678.92,77679.32,77678.92,77679.32,0.00256,2026-04-24 10:50:00+00:00,BTC/USDT
1777028100000,77725.89,77769.86,77725.89,77769.86,0.06814,2026-04-24 10:55:00+00:00,BTC/USDT
1777028400000,77762.32,77992.68,77762.32,77992.68,0.15832,2026-04-24 11:00:00+00:00,BTC/USDT
1777028700000,77967.9,78266.87,77967.9,78190.9,0.01248,2026-04-24 11:05:00+00:00,BTC/USDT
1777029000000,78190.9,78190.9,78190.9,78190.9,0.0,2026-04-24 11:10:00+00:00,BTC/USDT
1777029300000,78207.11,78207.11,78127.91,78183.23,0.01195,2026-04-24 11:15:00+00:00,BTC/USDT
1777029600000,78101.67,78288.19,78101.67,78288.19,0.01489,2026-04-24 11:20:00+00:00,BTC/USDT
1777029900000,78217.2,78304.82,78217.2,78304.82,0.00052,2026-04-24 11:25:00+00:00,BTC/USDT
1777030200000,78312.06,78342.45,78312.06,78342.45,0.01081,2026-04-24 11:30:00+00:00,BTC/USDT
1777030500000,78331.38,78358.72,78261.45,78261.45,0.04395,2026-04-24 11:35:00+00:00,BTC/USDT
1777030800000,78271.79,78271.79,78271.79,78271.79,0.00073,2026-04-24 11:40:00+00:00,BTC/USDT
1777031100000,78231.89,78231.89,78231.89,78231.89,0.00038,2026-04-24 11:45:00+00:00,BTC/USDT
1777031400000,78239.31,78239.31,78228.01,78228.01,0.0061,2026-04-24 11:50:00+00:00,BTC/USDT
1777031700000,78228.01,78228.01,78228.01,78228.01,0.0,2026-04-24 11:55:00+00:00,BTC/USDT
1777032000000,78242.73,78299.91,78242.73,78299.91,0.01893,2026-04-24 12:00:00+00:00,BTC/USDT
1777032300000,78219.24,78220.51,78219.24,78220.51,0.0022,2026-04-24 12:05:00+00:00,BTC/USDT
1777032600000,78220.0,78245.88,78220.0,78245.88,0.00032,2026-04-24 12:10:00+00:00,BTC/USDT
1777032900000,78332.62,78342.58,78227.6,78231.11,0.00371,2026-04-24 12:15:00+00:00,BTC/USDT
1777033200000,78218.15,78347.31,78175.41,78347.31,0.07744,2026-04-24 12:20:00+00:00,BTC/USDT
1777033500000,78331.6,78331.84,78279.19,78279.19,0.00121,2026-04-24 12:25:00+00:00,BTC/USDT
1777033800000,78278.89,78278.89,78234.75,78242.66,0.00067,2026-04-24 12:30:00+00:00,BTC/USDT
1777034100000,78239.32,78245.53,78180.0,78180.0,0.23942,2026-04-24 12:35:00+00:00,BTC/USDT
1777034400000,78223.64,78225.71,78207.98,78207.98,0.02857,2026-04-24 12:40:00+00:00,BTC/USDT
1777034700000,78177.36,78263.45,78177.36,78263.45,0.00227,2026-04-24 12:45:00+00:00,BTC/USDT
1777035000000,78117.88,78117.88,78092.23,78092.23,0.00029,2026-04-24 12:50:00+00:00,BTC/USDT
1777035300000,78095.17,78131.61,78095.17,78131.61,0.00014,2026-04-24 12:55:00+00:00,BTC/USDT
1777035600000,78350.0,78392.81,78339.19,78365.75,0.0095,2026-04-24 13:00:00+00:00,BTC/USDT
1777035900000,78365.75,78365.75,78355.82,78355.82,0.00223,2026-04-24 13:05:00+00:00,BTC/USDT
1777036200000,78421.62,78434.72,78421.62,78434.72,0.00207,2026-04-24 13:10:00+00:00,BTC/USDT
1777036500000,78355.01,78355.01,78355.01,78355.01,4e-05,2026-04-24 13:15:00+00:00,BTC/USDT
1777036800000,78235.65,78235.65,78235.65,78235.65,0.00128,2026-04-24 13:20:00+00:00,BTC/USDT
1777037100000,78179.03,78179.03,78179.03,78179.03,0.00128,2026-04-24 13:25:00+00:00,BTC/USDT
1777037400000,78153.6,78215.69,78058.0,78124.52,0.04807,2026-04-24 13:30:00+00:00,BTC/USDT
1777037700000,78246.14,78246.14,78216.5,78218.61,0.02104,2026-04-24 13:35:00+00:00,BTC/USDT
1777038000000,78169.78,78169.78,78169.78,78169.78,0.00025,2026-04-24 13:40:00+00:00,BTC/USDT
1777038300000,78169.78,78169.78,78169.78,78169.78,0.0,2026-04-24 13:45:00+00:00,BTC/USDT
1777038600000,78169.78,78169.78,78169.78,78169.78,0.0,2026-04-24 13:50:00+00:00,BTC/USDT
1777038900000,77948.21,78088.8,77926.42,78088.8,0.0037,2026-04-24 13:55:00+00:00,BTC/USDT
1777039200000,78030.9,78051.31,77828.91,77828.91,0.00312,2026-04-24 14:00:00+00:00,BTC/USDT
1777039500000,77828.91,77964.38,77811.32,77964.38,0.02235,2026-04-24 14:05:00+00:00,BTC/USDT
1777039800000,78008.55,78008.55,77969.92,77981.71,0.00079,2026-04-24 14:10:00+00:00,BTC/USDT
1777040100000,77981.71,77981.71,77981.71,77981.71,0.0,2026-04-24 14:15:00+00:00,BTC/USDT
1777040400000,77989.1,77989.1,77900.38,77900.38,0.00349,2026-04-24 14:20:00+00:00,BTC/USDT
1777040700000,77833.45,77833.45,77692.29,77740.63,0.00384,2026-04-24 14:25:00+00:00,BTC/USDT
1777041000000,77703.96,77839.56,77703.96,77830.64,0.01592,2026-04-24 14:30:00+00:00,BTC/USDT
1777041300000,77970.7,77984.1,77883.51,77952.3,0.06724,2026-04-24 14:35:00+00:00,BTC/USDT
1777041600000,77992.68,77992.68,77992.68,77992.68,0.00036,2026-04-24 14:40:00+00:00,BTC/USDT
1777041900000,77992.68,77992.68,77992.68,77992.68,2e-05,2026-04-24 14:45:00+00:00,BTC/USDT
1777042200000,77925.28,77992.68,77925.28,77992.68,0.003,2026-04-24 14:50:00+00:00,BTC/USDT
1777042500000,78049.14,78049.14,78002.89,78002.9,0.04005,2026-04-24 14:55:00+00:00,BTC/USDT
1777042800000,78003.22,78003.22,77992.68,77992.68,0.01448,2026-04-24 15:00:00+00:00,BTC/USDT
1777043100000,77814.62,77814.62,77628.68,77628.68,0.01143,2026-04-24 15:05:00+00:00,BTC/USDT
1777043400000,77630.47,77738.93,77630.47,77738.93,0.00782,2026-04-24 15:10:00+00:00,BTC/USDT
1777043700000,77756.89,77756.89,77723.68,77723.68,0.00675,2026-04-24 15:15:00+00:00,BTC/USDT
1777044000000,77755.7,77870.54,77734.23,77824.47,0.00311,2026-04-24 15:20:00+00:00,BTC/USDT
1777044300000,77811.45,77841.28,77796.93,77830.69,0.00869,2026-04-24 15:25:00+00:00,BTC/USDT
1777044600000,77828.87,77870.92,77821.76,77821.76,0.0041,2026-04-24 15:30:00+00:00,BTC/USDT
1777044900000,77727.53,77727.53,77727.53,77727.53,6e-05,2026-04-24 15:35:00+00:00,BTC/USDT
1777045200000,77767.95,77992.68,77760.83,77992.68,0.002,2026-04-24 15:40:00+00:00,BTC/USDT
1777045500000,77992.68,78251.59,77923.01,77923.01,0.07015,2026-04-24 15:45:00+00:00,BTC/USDT
1777045800000,78036.1,78036.1,78000.18,78000.18,0.00427,2026-04-24 15:50:00+00:00,BTC/USDT
1777046100000,78000.18,78064.33,77987.95,77987.95,0.00678,2026-04-24 15:55:00+00:00,BTC/USDT
1777046400000,78064.41,78064.41,77956.81,77989.29,0.00464,2026-04-24 16:00:00+00:00,BTC/USDT
1777046700000,78033.91,78033.91,77925.7,77925.83,0.00514,2026-04-24 16:05:00+00:00,BTC/USDT
1777047000000,77934.28,77934.37,77865.75,77865.75,0.04506,2026-04-24 16:10:00+00:00,BTC/USDT
1777047300000,77756.62,77756.62,77692.29,77692.29,0.04592,2026-04-24 16:15:00+00:00,BTC/USDT
1777047600000,77724.8,77726.08,77655.13,77726.08,0.03633,2026-04-24 16:20:00+00:00,BTC/USDT
1777047900000,77729.53,77729.53,77697.82,77725.76,0.00081,2026-04-24 16:25:00+00:00,BTC/USDT
1777048200000,77772.03,77881.24,77772.03,77881.24,0.00674,2026-04-24 16:30:00+00:00,BTC/USDT
1777048500000,77873.68,77912.16,77855.72,77857.52,0.01616,2026-04-24 16:35:00+00:00,BTC/USDT
1777048800000,77668.92,77671.29,77592.54,77668.64,0.07981,2026-04-24 16:40:00+00:00,BTC/USDT
1777049100000,77734.45,77734.87,77704.74,77716.78,0.00164,2026-04-24 16:45:00+00:00,BTC/USDT
1777049400000,77654.88,77682.53,77643.13,77682.53,0.01729,2026-04-24 16:50:00+00:00,BTC/USDT
1777049700000,77713.3,77738.8,77713.3,77738.8,0.01765,2026-04-24 16:55:00+00:00,BTC/USDT
1777050000000,77750.77,77750.77,77668.44,77700.61,0.05293,2026-04-24 17:00:00+00:00,BTC/USDT
1777050300000,77673.98,77673.98,77659.1,77659.1,0.00133,2026-04-24 17:05:00+00:00,BTC/USDT
1777050600000,77768.61,77768.61,77649.97,77673.24,0.00954,2026-04-24 17:10:00+00:00,BTC/USDT
1777050900000,77710.84,77710.84,77710.84,77710.84,0.00128,2026-04-24 17:15:00+00:00,BTC/USDT
1777051200000,77650.0,77650.0,77588.93,77589.44,0.08044,2026-04-24 17:20:00+00:00,BTC/USDT
1777051500000,77709.91,77709.91,77665.45,77665.45,0.00141,2026-04-24 17:25:00+00:00,BTC/USDT
1777051800000,77677.64,77677.64,77500.0,77516.0,0.02298,2026-04-24 17:30:00+00:00,BTC/USDT
1777052100000,77507.91,77584.28,77507.91,77584.28,0.00176,2026-04-24 17:35:00+00:00,BTC/USDT
1777052400000,77586.09,77607.87,77585.12,77592.87,0.004,2026-04-24 17:40:00+00:00,BTC/USDT
1777052700000,77592.07,77592.07,77592.07,77592.07,0.00128,2026-04-24 17:45:00+00:00,BTC/USDT
1777053000000,77665.91,77766.33,77644.68,77766.33,0.00472,2026-04-24 17:50:00+00:00,BTC/USDT
1777053300000,77777.71,77803.49,77717.37,77724.85,0.09189,2026-04-24 17:55:00+00:00,BTC/USDT
1777053600000,77650.89,77696.62,77650.89,77696.62,0.11813,2026-04-24 18:00:00+00:00,BTC/USDT
1777053900000,77622.68,77642.12,77577.44,77577.44,0.01481,2026-04-24 18:05:00+00:00,BTC/USDT
1777054200000,77637.64,77645.48,77573.82,77573.82,0.00435,2026-04-24 18:10:00+00:00,BTC/USDT
1777054500000,77500.16,77516.47,77375.17,77423.61,0.0335,2026-04-24 18:15:00+00:00,BTC/USDT
1777054800000,77419.68,77518.33,77407.52,77518.33,0.01144,2026-04-24 18:20:00+00:00,BTC/USDT
1777055100000,77494.62,77532.75,77494.62,77524.83,0.0171,2026-04-24 18:25:00+00:00,BTC/USDT
1777055400000,77569.94,77569.94,77569.94,77569.94,0.00132,2026-04-24 18:30:00+00:00,BTC/USDT
1777055700000,77588.93,77600.0,77588.93,77600.0,0.23352,2026-04-24 18:35:00+00:00,BTC/USDT
1777056000000,77552.18,77552.19,77552.18,77552.19,0.04237,2026-04-24 18:40:00+00:00,BTC/USDT
1777056300000,77613.68,77616.93,77553.43,77553.43,0.00291,2026-04-24 18:45:00+00:00,BTC/USDT
1777056600000,77560.87,77602.88,77560.86,77588.72,0.00712,2026-04-24 18:50:00+00:00,BTC/USDT
1777056900000,77588.72,77588.72,77588.72,77588.72,0.0,2026-04-24 18:55:00+00:00,BTC/USDT
1777057200000,77700.0,77759.94,77639.3,77639.3,0.01626,2026-04-24 19:00:00+00:00,BTC/USDT
1777057500000,77605.55,77630.38,77590.05,77590.05,0.00373,2026-04-24 19:05:00+00:00,BTC/USDT
1777057800000,77611.54,77611.54,77589.3,77589.3,0.00416,2026-04-24 19:10:00+00:00,BTC/USDT
1777058100000,77669.39,77669.39,77640.0,77640.0,0.00138,2026-04-24 19:15:00+00:00,BTC/USDT
1777058400000,77608.92,77608.92,77587.09,77587.09,0.00032,2026-04-24 19:20:00+00:00,BTC/USDT
1777058700000,77569.29,77578.77,77569.29,77578.77,0.00255,2026-04-24 19:25:00+00:00,BTC/USDT
1777059000000,77595.77,77662.33,77578.21,77662.33,0.00343,2026-04-24 19:30:00+00:00,BTC/USDT
1777059300000,77602.11,77602.11,77602.11,77602.11,0.00026,2026-04-24 19:35:00+00:00,BTC/USDT
1777059600000,77655.63,77655.63,77634.84,77634.84,0.00889,2026-04-24 19:40:00+00:00,BTC/USDT
1777059900000,77598.71,77598.71,77598.71,77598.71,0.00128,2026-04-24 19:45:00+00:00,BTC/USDT
1777060200000,77598.71,77598.71,77598.71,77598.71,0.0,2026-04-24 19:50:00+00:00,BTC/USDT
1777060500000,77584.06,77629.4,77584.06,77629.4,0.0027,2026-04-24 19:55:00+00:00,BTC/USDT
1777060800000,77609.3,77629.99,77580.0,77580.0,0.11592,2026-04-24 20:00:00+00:00,BTC/USDT
1777061100000,77580.0,77587.38,77560.0,77560.0,0.01345,2026-04-24 20:05:00+00:00,BTC/USDT
1777061400000,77560.0,77644.87,77557.75,77644.87,0.24053,2026-04-24 20:10:00+00:00,BTC/USDT
1777061700000,77644.24,77644.24,77558.63,77566.9,0.00311,2026-04-24 20:15:00+00:00,BTC/USDT
1777062000000,77580.24,77590.34,77511.26,77520.94,0.02802,2026-04-24 20:20:00+00:00,BTC/USDT
1777062300000,77500.0,77500.0,77500.0,77500.0,0.00025,2026-04-24 20:25:00+00:00,BTC/USDT
1777062600000,77556.21,77591.68,77538.71,77554.14,0.09545,2026-04-24 20:30:00+00:00,BTC/USDT
1777062900000,77600.3,77664.56,77600.3,77636.48,0.00271,2026-04-24 20:35:00+00:00,BTC/USDT
1777063200000,77636.48,77648.99,77636.48,77648.99,0.13201,2026-04-24 20:40:00+00:00,BTC/USDT
1777063500000,77623.04,77651.01,77623.04,77651.01,0.00256,2026-04-24 20:45:00+00:00,BTC/USDT
1777063800000,77669.25,77669.25,77658.81,77658.81,0.02819,2026-04-24 20:50:00+00:00,BTC/USDT
1777064100000,77664.15,77750.24,77664.15,77750.24,0.00066,2026-04-24 20:55:00+00:00,BTC/USDT
1777064400000,77723.94,77723.94,77706.21,77712.57,0.04337,2026-04-24 21:00:00+00:00,BTC/USDT
1777064700000,77712.57,77712.57,77712.57,77712.57,0.0,2026-04-24 21:05:00+00:00,BTC/USDT
1777065000000,77709.84,77709.84,77686.19,77708.71,0.0077,2026-04-24 21:10:00+00:00,BTC/USDT
1777065300000,77708.71,77708.71,77708.71,77708.71,0.0,2026-04-24 21:15:00+00:00,BTC/USDT
1777065600000,77620.3,77620.3,77571.87,77573.7,0.00276,2026-04-24 21:20:00+00:00,BTC/USDT
1777065900000,77646.04,77646.04,77615.38,77621.92,0.00462,2026-04-24 21:25:00+00:00,BTC/USDT
1777066200000,77620.05,77642.18,77591.94,77642.18,0.00228,2026-04-24 21:30:00+00:00,BTC/USDT
1777066500000,77591.59,77591.59,77553.86,77568.07,0.0237,2026-04-24 21:35:00+00:00,BTC/USDT
1777066800000,77557.52,77606.85,77557.52,77593.17,0.00774,2026-04-24 21:40:00+00:00,BTC/USDT
1777067100000,77553.86,77568.22,77535.35,77564.56,0.02147,2026-04-24 21:45:00+00:00,BTC/USDT
1777067400000,77562.79,77562.79,77560.29,77560.29,0.0153,2026-04-24 21:50:00+00:00,BTC/USDT
1777067700000,77566.93,77575.77,77566.93,77575.77,0.00592,2026-04-24 21:55:00+00:00,BTC/USDT
1777068000000,77540.91,77606.83,77540.91,77567.84,0.04404,2026-04-24 22:00:00+00:00,BTC/USDT
1777068300000,77599.09,77599.09,77599.09,77599.09,0.00128,2026-04-24 22:05:00+00:00,BTC/USDT
1777068600000,77552.54,77595.69,77552.54,77595.69,0.0083,2026-04-24 22:10:00+00:00,BTC/USDT
1777068900000,77599.56,77599.56,77574.39,77595.47,0.00303,2026-04-24 22:15:00+00:00,BTC/USDT
1777069200000,77593.0,77606.04,77568.34,77606.04,0.02459,2026-04-24 22:20:00+00:00,BTC/USDT
1777069500000,77579.98,77579.98,77554.59,77554.59,0.00153,2026-04-24 22:25:00+00:00,BTC/USDT
1777069800000,77544.63,77544.63,77500.0,77500.0,0.00875,2026-04-24 22:30:00+00:00,BTC/USDT
1777070100000,77460.59,77484.79,77234.23,77234.23,0.09298,2026-04-24 22:35:00+00:00,BTC/USDT
1777070400000,77326.46,77326.47,77301.85,77303.9,0.00568,2026-04-24 22:40:00+00:00,BTC/USDT
1777070700000,77318.53,77395.03,77318.53,77353.39,0.02778,2026-04-24 22:45:00+00:00,BTC/USDT
1777071000000,77312.59,77336.27,77312.59,77336.27,0.00046,2026-04-24 22:50:00+00:00,BTC/USDT
1777071300000,77323.22,77362.67,77317.12,77341.53,0.00338,2026-04-24 22:55:00+00:00,BTC/USDT
1777071600000,77354.31,77360.0,77329.23,77329.23,0.06513,2026-04-24 23:00:00+00:00,BTC/USDT
1777071900000,77351.55,77374.78,77351.55,77352.79,0.00162,2026-04-24 23:05:00+00:00,BTC/USDT
1777072200000,77388.58,77405.87,77368.7,77405.87,0.00964,2026-04-24 23:10:00+00:00,BTC/USDT
1777072500000,77361.6,77392.14,77361.6,77392.14,0.00299,2026-04-24 23:15:00+00:00,BTC/USDT
1777072800000,77331.87,77356.64,77331.87,77356.05,0.01522,2026-04-24 23:20:00+00:00,BTC/USDT
1777073100000,77351.86,77411.95,77351.86,77411.95,0.02517,2026-04-24 23:25:00+00:00,BTC/USDT
1777073400000,77387.14,77427.41,77387.14,77427.41,0.00295,2026-04-24 23:30:00+00:00,BTC/USDT
1777073700000,77419.94,77445.45,77419.94,77445.45,0.00046,2026-04-24 23:35:00+00:00,BTC/USDT
1777074000000,77421.84,77451.24,77417.01,77443.58,0.00446,2026-04-24 23:40:00+00:00,BTC/USDT
1777074300000,77437.55,77437.55,77401.32,77401.32,0.00277,2026-04-24 23:45:00+00:00,BTC/USDT
1777074600000,77441.08,77450.15,77424.18,77450.15,0.0029,2026-04-24 23:50:00+00:00,BTC/USDT
1777074900000,77440.0,77440.0,77438.57,77438.57,0.00191,2026-04-24 23:55:00+00:00,BTC/USDT
1777075200000,77438.57,77438.57,77438.57,77438.57,0.0,2026-04-25 00:00:00+00:00,BTC/USDT
1777075500000,77411.22,77464.34,77411.21,77464.34,0.00458,2026-04-25 00:05:00+00:00,BTC/USDT
1777075800000,77391.71,77432.77,77391.7,77432.77,0.00099,2026-04-25 00:10:00+00:00,BTC/USDT
1777076100000,77420.32,77420.32,77348.91,77379.56,0.01024,2026-04-25 00:15:00+00:00,BTC/USDT
1777076400000,77357.79,77379.85,77357.79,77379.85,0.00819,2026-04-25 00:20:00+00:00,BTC/USDT
1777076700000,77380.96,77380.96,77296.54,77308.24,0.00096,2026-04-25 00:25:00+00:00,BTC/USDT
1777077000000,77299.84,77360.59,77299.84,77360.59,0.00523,2026-04-25 00:30:00+00:00,BTC/USDT
1777077300000,77360.59,77384.1,77343.75,77384.1,0.00431,2026-04-25 00:35:00+00:00,BTC/USDT
1777077600000,77377.56,77432.15,77370.0,77370.0,0.02402,2026-04-25 00:40:00+00:00,BTC/USDT
1777077900000,77386.9,77424.37,77369.64,77424.37,0.00759,2026-04-25 00:45:00+00:00,BTC/USDT
1777078200000,77423.69,77423.69,77390.11,77418.57,0.00213,2026-04-25 00:50:00+00:00,BTC/USDT
1777078500000,77446.28,77471.49,77446.28,77471.49,0.13065,2026-04-25 00:55:00+00:00,BTC/USDT
1777078800000,77483.2,77492.25,77455.21,77482.62,0.10502,2026-04-25 01:00:00+00:00,BTC/USDT
1777079100000,77433.67,77453.98,77433.67,77453.98,0.00274,2026-04-25 01:05:00+00:00,BTC/USDT
1777079400000,77468.65,77469.28,77468.65,77469.28,0.00412,2026-04-25 01:10:00+00:00,BTC/USDT
1777079700000,77492.76,77552.69,77492.76,77532.01,0.00308,2026-04-25 01:15:00+00:00,BTC/USDT
1777080000000,77530.73,77530.73,77509.16,77509.16,0.00245,2026-04-25 01:20:00+00:00,BTC/USDT
1777080300000,77481.58,77493.36,77481.58,77493.36,0.00288,2026-04-25 01:25:00+00:00,BTC/USDT
1777080600000,77502.09,77527.72,77481.0,77527.72,0.00618,2026-04-25 01:30:00+00:00,BTC/USDT
1777080900000,77555.87,77555.87,77547.15,77549.41,0.00272,2026-04-25 01:35:00+00:00,BTC/USDT
1777081200000,77549.41,77549.41,77549.41,77549.41,0.0,2026-04-25 01:40:00+00:00,BTC/USDT
1777081500000,77565.2,77565.2,77565.2,77565.2,0.00128,2026-04-25 01:45:00+00:00,BTC/USDT
1777081800000,77576.45,77588.82,77576.45,77586.27,0.00136,2026-04-25 01:50:00+00:00,BTC/USDT
1777082100000,77560.92,77560.92,77560.92,77560.92,0.00031,2026-04-25 01:55:00+00:00,BTC/USDT
1777082400000,77555.05,77559.51,77477.45,77477.45,0.00354,2026-04-25 02:00:00+00:00,BTC/USDT
1777082700000,77477.45,77477.45,77477.45,77477.45,0.0,2026-04-25 02:05:00+00:00,BTC/USDT
1777083000000,77563.99,77640.06,77512.87,77512.87,0.00885,2026-04-25 02:10:00+00:00,BTC/USDT
1777083300000,77512.87,77512.87,77512.87,77512.87,0.0,2026-04-25 02:15:00+00:00,BTC/USDT
1777083600000,77550.4,77551.63,77550.4,77551.63,0.00045,2026-04-25 02:20:00+00:00,BTC/USDT
1777083900000,77587.17,77590.41,77587.17,77590.41,0.0014,2026-04-25 02:25:00+00:00,BTC/USDT
1777084200000,77634.84,77644.2,77616.56,77644.2,0.00256,2026-04-25 02:30:00+00:00,BTC/USDT
1777084500000,77637.76,77637.76,77630.0,77634.78,0.0086,2026-04-25 02:35:00+00:00,BTC/USDT
1777084800000,77633.46,77633.46,77597.65,77632.33,0.00628,2026-04-25 02:40:00+00:00,BTC/USDT
1777085100000,77634.44,77634.44,77619.17,77622.13,0.00751,2026-04-25 02:45:00+00:00,BTC/USDT
1777085400000,77630.39,77634.73,77630.39,77634.73,0.03703,2026-04-25 02:50:00+00:00,BTC/USDT
1777085700000,77636.82,77638.99,77614.84,77614.84,0.00897,2026-04-25 02:55:00+00:00,BTC/USDT
1777086000000,77637.56,77637.56,77591.47,77612.28,0.00272,2026-04-25 03:00:00+00:00,BTC/USDT
1777086300000,77631.56,77631.56,77631.56,77631.56,0.001,2026-04-25 03:05:00+00:00,BTC/USDT
1777086600000,77591.52,77596.76,77550.18,77582.09,0.00383,2026-04-25 03:10:00+00:00,BTC/USDT
1777086900000,77580.86,77581.13,77573.22,77573.22,0.00254,2026-04-25 03:15:00+00:00,BTC/USDT
1777087200000,77608.57,77608.57,77582.09,77582.09,0.00228,2026-04-25 03:20:00+00:00,BTC/USDT
1777087500000,77558.27,77558.27,77550.76,77550.76,0.00217,2026-04-25 03:25:00+00:00,BTC/USDT
1777087800000,77574.06,77574.06,77574.06,77574.06,0.00128,2026-04-25 03:30:00+00:00,BTC/USDT
1777088100000,77601.59,77601.59,77601.59,77601.59,0.001,2026-04-25 03:35:00+00:00,BTC/USDT
1777088400000,77672.8,77689.23,77667.73,77677.66,0.00683,2026-04-25 03:40:00+00:00,BTC/USDT
1777088700000,77674.47,77693.09,77674.47,77693.09,0.00396,2026-04-25 03:45:00+00:00,BTC/USDT
1777089000000,77627.84,77627.84,77627.83,77627.83,0.00351,2026-04-25 03:50:00+00:00,BTC/USDT
1777089300000,77682.37,77682.37,77682.37,77682.37,0.00144,2026-04-25 03:55:00+00:00,BTC/USDT
1777089600000,77668.37,77668.37,77648.39,77659.72,0.03618,2026-04-25 04:00:00+00:00,BTC/USDT
1777089900000,77659.72,77659.72,77659.72,77659.72,0.0,2026-04-25 04:05:00+00:00,BTC/USDT
1777090200000,77699.98,77699.98,77659.7,77659.7,0.01709,2026-04-25 04:10:00+00:00,BTC/USDT
1777090500000,77688.3,77688.3,77688.3,77688.3,0.00128,2026-04-25 04:15:00+00:00,BTC/USDT
1777090800000,77660.0,77662.97,77660.0,77662.97,0.0043,2026-04-25 04:20:00+00:00,BTC/USDT
1777091100000,77663.78,77663.78,77661.63,77661.63,0.00141,2026-04-25 04:25:00+00:00,BTC/USDT
1777091400000,77661.63,77661.63,77661.63,77661.63,0.0,2026-04-25 04:30:00+00:00,BTC/USDT
1777091700000,77611.19,77611.19,77523.38,77523.38,0.05048,2026-04-25 04:35:00+00:00,BTC/USDT
1777092000000,77617.86,77617.86,77599.27,77617.42,0.01329,2026-04-25 04:40:00+00:00,BTC/USDT
1777092300000,77617.42,77617.42,77617.42,77617.42,0.0,2026-04-25 04:45:00+00:00,BTC/USDT
1777092600000,77617.42,77617.42,77617.42,77617.42,0.0,2026-04-25 04:50:00+00:00,BTC/USDT
1777092900000,77628.4,77628.4,77628.4,77628.4,0.00128,2026-04-25 04:55:00+00:00,BTC/USDT
1777093200000,77599.27,77599.27,77500.0,77500.0,0.00136,2026-04-25 05:00:00+00:00,BTC/USDT
1777093500000,77500.0,77500.0,77500.0,77500.0,0.0,2026-04-25 05:05:00+00:00,BTC/USDT
1777093800000,77502.81,77502.81,77502.81,77502.81,0.00039,2026-04-25 05:10:00+00:00,BTC/USDT
1777094100000,77504.37,77504.37,77504.37,77504.37,0.00013,2026-04-25 05:15:00+00:00,BTC/USDT
1777094400000,77502.63,77502.63,77502.63,77502.63,0.00385,2026-04-25 05:20:00+00:00,BTC/USDT
1777094700000,77525.54,77525.54,77525.54,77525.54,0.00032,2026-04-25 05:25:00+00:00,BTC/USDT
1777095000000,77502.64,77502.64,77502.64,77502.64,0.00177,2026-04-25 05:30:00+00:00,BTC/USDT
1777095300000,77525.36,77525.36,77525.36,77525.36,0.00147,2026-04-25 05:35:00+00:00,BTC/USDT
1777095600000,77535.85,77563.36,77535.85,77561.39,0.00161,2026-04-25 05:40:00+00:00,BTC/USDT
1777095900000,77544.43,77546.18,77544.43,77545.18,0.00581,2026-04-25 05:45:00+00:00,BTC/USDT
1777096200000,77537.39,77537.39,77537.39,77537.39,3e-05,2026-04-25 05:50:00+00:00,BTC/USDT
1777096500000,77535.0,77535.0,77502.63,77502.63,0.00274,2026-04-25 05:55:00+00:00,BTC/USDT
1777096800000,77502.63,77502.63,77502.63,77502.63,0.0,2026-04-25 06:00:00+00:00,BTC/USDT
1777097100000,77502.63,77502.63,77502.63,77502.63,0.0,2026-04-25 06:05:00+00:00,BTC/USDT
1777097400000,77502.63,77502.63,77502.63,77502.63,0.0,2026-04-25 06:10:00+00:00,BTC/USDT
1777097700000,77555.64,77555.64,77555.64,77555.64,0.00026,2026-04-25 06:15:00+00:00,BTC/USDT
1777098000000,77513.84,77513.85,77482.18,77482.18,0.00707,2026-04-25 06:20:00+00:00,BTC/USDT
1777098300000,77482.18,77482.18,77482.18,77482.18,0.0,2026-04-25 06:25:00+00:00,BTC/USDT
1777098600000,77529.44,77548.36,77529.44,77548.36,0.00193,2026-04-25 06:30:00+00:00,BTC/USDT
1777098900000,77514.39,77514.39,77514.39,77514.39,2e-05,2026-04-25 06:35:00+00:00,BTC/USDT
1777099200000,77514.39,77514.39,77514.39,77514.39,0.0,2026-04-25 06:40:00+00:00,BTC/USDT
1777099500000,77514.39,77514.39,77514.39,77514.39,0.0,2026-04-25 06:45:00+00:00,BTC/USDT
1777099800000,77514.39,77514.39,77514.39,77514.39,0.0,2026-04-25 06:50:00+00:00,BTC/USDT
1777100100000,77518.49,77518.49,77514.39,77514.39,0.00962,2026-04-25 06:55:00+00:00,BTC/USDT
1777100400000,77474.11,77474.11,77442.47,77442.47,0.00106,2026-04-25 07:00:00+00:00,BTC/USDT
1777100700000,77489.89,77489.89,77487.88,77487.88,0.00165,2026-04-25 07:05:00+00:00,BTC/USDT
1777101000000,77477.59,77477.59,77477.59,77477.59,3e-05,2026-04-25 07:10:00+00:00,BTC/USDT
1777101300000,77477.59,77477.59,77477.59,77477.59,0.0,2026-04-25 07:15:00+00:00,BTC/USDT
1777101600000,77512.81,77520.6,77499.41,77499.41,0.00222,2026-04-25 07:20:00+00:00,BTC/USDT
1777101900000,77499.41,77499.41,77499.41,77499.41,0.0,2026-04-25 07:25:00+00:00,BTC/USDT
1777102200000,77499.41,77499.41,77499.41,77499.41,0.0,2026-04-25 07:30:00+00:00,BTC/USDT
1777102500000,77564.49,77564.49,77564.49,77564.49,0.00242,2026-04-25 07:35:00+00:00,BTC/USDT
1777102800000,77572.14,77572.14,77525.71,77525.71,0.00072,2026-04-25 07:40:00+00:00,BTC/USDT
1777103100000,77525.71,77525.71,77525.71,77525.71,0.00024,2026-04-25 07:45:00+00:00,BTC/USDT
1777103400000,77525.71,77525.71,77525.71,77525.71,0.0,2026-04-25 07:50:00+00:00,BTC/USDT
1777103700000,77525.71,77525.71,77525.71,77525.71,0.0,2026-04-25 07:55:00+00:00,BTC/USDT
1777104000000,77525.71,77525.71,77525.71,77525.71,0.0,2026-04-25 08:00:00+00:00,BTC/USDT
1777104300000,77525.71,77525.71,77525.71,77525.71,0.0,2026-04-25 08:05:00+00:00,BTC/USDT
1777104600000,77525.71,77525.71,77525.71,77525.71,0.0,2026-04-25 08:10:00+00:00,BTC/USDT
1777104900000,77525.71,77525.71,77525.71,77525.71,0.0,2026-04-25 08:15:00+00:00,BTC/USDT
1777105200000,77525.71,77525.71,77525.71,77525.71,0.0,2026-04-25 08:20:00+00:00,BTC/USDT
1777105500000,77525.71,77525.71,77525.71,77525.71,0.0,2026-04-25 08:25:00+00:00,BTC/USDT
1777105800000,77564.47,77638.07,77564.47,77620.14,0.00559,2026-04-25 08:30:00+00:00,BTC/USDT
1777106100000,77638.07,77638.07,77638.07,77638.07,0.00013,2026-04-25 08:35:00+00:00,BTC/USDT
1777106400000,77638.07,77638.07,77638.07,77638.07,0.0,2026-04-25 08:40:00+00:00,BTC/USDT
1777106700000,77638.07,77638.07,77638.07,77638.07,0.0,2026-04-25 08:45:00+00:00,BTC/USDT
1777107000000,77638.07,77638.07,77638.07,77638.07,0.0,2026-04-25 08:50:00+00:00,BTC/USDT
1777107300000,77638.07,77638.07,77638.07,77638.07,0.0,2026-04-25 08:55:00+00:00,BTC/USDT
1777107600000,77638.07,77671.31,77598.75,77598.75,0.00304,2026-04-25 09:00:00+00:00,BTC/USDT
1777107900000,77613.03,77613.03,77613.02,77613.02,0.0085,2026-04-25 09:05:00+00:00,BTC/USDT
1777108200000,77610.18,77610.18,77610.18,77610.18,0.00023,2026-04-25 09:10:00+00:00,BTC/USDT
1777108500000,77634.89,77637.55,77634.89,77637.55,8e-05,2026-04-25 09:15:00+00:00,BTC/USDT
1777108800000,77618.25,77618.25,77618.25,77618.25,0.00026,2026-04-25 09:20:00+00:00,BTC/USDT
1777109100000,77620.25,77637.54,77620.25,77637.54,0.12845,2026-04-25 09:25:00+00:00,BTC/USDT
1777109400000,77594.38,77596.83,77594.38,77596.83,0.00051,2026-04-25 09:30:00+00:00,BTC/USDT
1777109700000,77636.31,77700.0,77636.31,77697.19,0.00756,2026-04-25 09:35:00+00:00,BTC/USDT
1777110000000,77697.19,77697.19,77697.19,77697.19,0.0,2026-04-25 09:40:00+00:00,BTC/USDT
1777110300000,77697.19,77697.19,77697.19,77697.19,0.0,2026-04-25 09:45:00+00:00,BTC/USDT
1777110600000,77757.9,77757.9,77757.9,77757.9,0.00023,2026-04-25 09:50:00+00:00,BTC/USDT
1777110900000,77757.9,77757.9,77757.9,77757.9,0.0,2026-04-25 09:55:00+00:00,BTC/USDT
1777111200000,77758.27,77777.49,77758.27,77777.49,0.01258,2026-04-25 10:00:00+00:00,BTC/USDT
1777111500000,77777.49,77777.49,77777.49,77777.49,0.0,2026-04-25 10:05:00+00:00,BTC/USDT
1777111800000,77755.68,77755.68,77755.68,77755.68,0.0045,2026-04-25 10:10:00+00:00,BTC/USDT
1777112100000,77755.68,77755.68,77755.68,77755.68,0.0,2026-04-25 10:15:00+00:00,BTC/USDT
1777112400000,77775.43,77778.11,77775.43,77778.11,0.00071,2026-04-25 10:20:00+00:00,BTC/USDT
1777112700000,77800.08,77828.91,77800.08,77828.91,0.00111,2026-04-25 10:25:00+00:00,BTC/USDT
1777113000000,77828.91,77870.13,77828.91,77870.13,0.00565,2026-04-25 10:30:00+00:00,BTC/USDT
1777113300000,77857.6,77857.6,77845.6,77845.6,0.00262,2026-04-25 10:35:00+00:00,BTC/USDT
1777113600000,77845.6,77845.6,77845.6,77845.6,0.0,2026-04-25 10:40:00+00:00,BTC/USDT
1777113900000,77835.53,77835.53,77835.53,77835.53,0.00025,2026-04-25 10:45:00+00:00,BTC/USDT
1777114200000,77835.53,77835.53,77835.53,77835.53,0.0,2026-04-25 10:50:00+00:00,BTC/USDT
1777114500000,77835.53,77835.53,77835.53,77835.53,0.0,2026-04-25 10:55:00+00:00,BTC/USDT
1777114800000,77835.53,77835.53,77835.53,77835.53,0.0,2026-04-25 11:00:00+00:00,BTC/USDT
1777115100000,77771.07,77771.07,77771.07,77771.07,0.00013,2026-04-25 11:05:00+00:00,BTC/USDT
1777115400000,77762.04,77762.05,77762.04,77762.05,0.02577,2026-04-25 11:10:00+00:00,BTC/USDT
1777115700000,77762.05,77762.05,77762.05,77762.05,0.0,2026-04-25 11:15:00+00:00,BTC/USDT
1777116000000,77658.34,77658.34,77642.15,77642.15,0.00801,2026-04-25 11:20:00+00:00,BTC/USDT
1777116300000,77680.97,77688.18,77680.97,77688.18,0.00103,2026-04-25 11:25:00+00:00,BTC/USDT
1777116600000,77681.02,77681.02,77681.02,77681.02,2e-05,2026-04-25 11:30:00+00:00,BTC/USDT
1777116900000,77630.93,77630.93,77630.93,77630.93,0.01873,2026-04-25 11:35:00+00:00,BTC/USDT
1777117200000,77630.93,77630.93,77630.93,77630.93,0.0,2026-04-25 11:40:00+00:00,BTC/USDT
1777117500000,77630.93,77630.93,77630.93,77630.93,0.0,2026-04-25 11:45:00+00:00,BTC/USDT
1777117800000,77694.99,77712.18,77673.32,77673.32,0.00254,2026-04-25 11:50:00+00:00,BTC/USDT
1777118100000,77673.32,77673.32,77673.32,77673.32,0.0,2026-04-25 11:55:00+00:00,BTC/USDT
1777118400000,77665.63,77665.63,77665.63,77665.63,0.00241,2026-04-25 12:00:00+00:00,BTC/USDT
1777118700000,77665.63,77665.63,77665.63,77665.63,0.0,2026-04-25 12:05:00+00:00,BTC/USDT
1777119000000,77665.63,77665.63,77665.63,77665.63,0.0,2026-04-25 12:10:00+00:00,BTC/USDT
1777119300000,77665.63,77665.63,77665.63,77665.63,0.0,2026-04-25 12:15:00+00:00,BTC/USDT
1777119600000,77668.74,77668.74,77668.74,77668.74,0.00103,2026-04-25 12:20:00+00:00,BTC/USDT
1777119900000,77668.74,77668.74,77668.74,77668.74,0.0,2026-04-25 12:25:00+00:00,BTC/USDT
1777120200000,77668.74,77668.74,77668.74,77668.74,0.0,2026-04-25 12:30:00+00:00,BTC/USDT
1777120500000,77599.39,77599.39,77579.87,77579.87,0.00673,2026-04-25 12:35:00+00:00,BTC/USDT
1777120800000,77583.2,77583.2,77541.38,77569.46,0.00225,2026-04-25 12:40:00+00:00,BTC/USDT
1777121100000,77537.05,77537.05,77537.05,77537.05,0.00013,2026-04-25 12:45:00+00:00,BTC/USDT
1777121400000,77588.66,77588.66,77588.66,77588.66,0.00013,2026-04-25 12:50:00+00:00,BTC/USDT
1777121700000,77578.81,77578.81,77578.81,77578.81,0.00193,2026-04-25 12:55:00+00:00,BTC/USDT
1777122000000,77575.03,77597.35,77575.03,77597.35,0.00187,2026-04-25 13:00:00+00:00,BTC/USDT
1777122300000,77593.58,77628.57,77593.58,77628.57,0.00237,2026-04-25 13:05:00+00:00,BTC/USDT
1777122600000,77602.21,77647.47,77602.21,77647.47,0.01356,2026-04-25 13:10:00+00:00,BTC/USDT
1777122900000,77635.63,77635.63,77635.63,77635.63,0.00014,2026-04-25 13:15:00+00:00,BTC/USDT
1777123200000,77657.38,77657.38,77657.38,77657.38,0.00012,2026-04-25 13:20:00+00:00,BTC/USDT
1777123500000,77640.87,77640.87,77640.87,77640.87,0.00045,2026-04-25 13:25:00+00:00,BTC/USDT
1777123800000,77609.75,77609.75,77609.75,77609.75,0.00041,2026-04-25 13:30:00+00:00,BTC/USDT
1777124100000,77612.9,77617.81,77600.11,77617.81,0.01063,2026-04-25 13:35:00+00:00,BTC/USDT
1777124400000,77636.97,77636.97,77619.65,77619.65,0.0024,2026-04-25 13:40:00+00:00,BTC/USDT
1777124700000,77686.89,77694.56,77686.89,77694.56,0.00206,2026-04-25 13:45:00+00:00,BTC/USDT
1777125000000,77657.39,77657.39,77640.1,77640.1,0.01645,2026-04-25 13:50:00+00:00,BTC/USDT
1777125300000,77695.0,77695.0,77695.0,77695.0,0.00032,2026-04-25 13:55:00+00:00,BTC/USDT
1777125600000,77695.0,77712.16,77688.76,77712.16,0.00537,2026-04-25 14:00:00+00:00,BTC/USDT
1777125900000,77641.51,77712.16,77628.43,77671.89,1.02808,2026-04-25 14:05:00+00:00,BTC/USDT
1777126200000,77654.49,77654.49,77649.52,77649.52,0.00017,2026-04-25 14:10:00+00:00,BTC/USDT
1777126500000,77649.52,77649.52,77649.52,77649.52,0.0,2026-04-25 14:15:00+00:00,BTC/USDT
1777126800000,77680.54,77680.54,77680.54,77680.54,0.00112,2026-04-25 14:20:00+00:00,BTC/USDT
1777127100000,77698.86,77745.17,77698.86,77745.17,0.00898,2026-04-25 14:25:00+00:00,BTC/USDT
1777127400000,77745.17,77745.17,77745.17,77745.17,0.0,2026-04-25 14:30:00+00:00,BTC/USDT
1777127700000,77726.65,77726.66,77726.65,77726.66,0.004,2026-04-25 14:35:00+00:00,BTC/USDT
1777128000000,77732.53,77732.53,77732.53,77732.53,0.00176,2026-04-25 14:40:00+00:00,BTC/USDT
1777128300000,77732.53,77732.53,77732.53,77732.53,0.0,2026-04-25 14:45:00+00:00,BTC/USDT
1777128600000,77740.63,77740.63,77668.54,77668.54,0.00549,2026-04-25 14:50:00+00:00,BTC/USDT
1777128900000,77660.28,77668.85,77638.54,77668.85,0.00776,2026-04-25 14:55:00+00:00,BTC/USDT
1777129200000,77648.87,77678.21,77648.87,77678.21,0.00501,2026-04-25 15:00:00+00:00,BTC/USDT
1777129500000,77687.58,77687.58,77687.58,77687.58,3e-05,2026-04-25 15:05:00+00:00,BTC/USDT
1777129800000,77670.52,77676.55,77670.52,77676.55,0.00018,2026-04-25 15:10:00+00:00,BTC/USDT
1777130100000,77676.55,77676.55,77676.55,77676.55,0.0,2026-04-25 15:15:00+00:00,BTC/USDT
1777130400000,77676.55,77676.55,77676.55,77676.55,0.0,2026-04-25 15:20:00+00:00,BTC/USDT
1777130700000,77707.37,77721.4,77707.37,77721.4,0.00154,2026-04-25 15:25:00+00:00,BTC/USDT
1777131000000,77713.82,77713.82,77713.82,77713.82,0.00251,2026-04-25 15:30:00+00:00,BTC/USDT
1777131300000,77713.82,77713.82,77713.82,77713.82,0.0,2026-04-25 15:35:00+00:00,BTC/USDT
1777131600000,77682.54,77682.54,77682.54,77682.54,0.00064,2026-04-25 15:40:00+00:00,BTC/USDT
1777131900000,77652.57,77652.57,77500.0,77500.0,0.0016,2026-04-25 15:45:00+00:00,BTC/USDT
1777132200000,77500.0,77521.71,77328.96,77328.96,0.02078,2026-04-25 15:50:00+00:00,BTC/USDT
1777132500000,77336.33,77403.99,77321.82,77321.82,0.02111,2026-04-25 15:55:00+00:00,BTC/USDT
1777132800000,77324.77,77400.4,77324.77,77395.29,0.01395,2026-04-25 16:00:00+00:00,BTC/USDT
1777133100000,77350.6,77430.51,77350.6,77430.51,0.001,2026-04-25 16:05:00+00:00,BTC/USDT
1777133400000,77456.19,77456.19,77456.19,77456.19,0.00014,2026-04-25 16:10:00+00:00,BTC/USDT
1777133700000,77460.15,77460.15,77454.42,77456.91,0.00518,2026-04-25 16:15:00+00:00,BTC/USDT
1777134000000,77427.69,77427.69,77427.69,77427.69,0.0023,2026-04-25 16:20:00+00:00,BTC/USDT
1777134300000,77373.44,77399.88,77373.44,77399.88,0.01521,2026-04-25 16:25:00+00:00,BTC/USDT
1777134600000,77408.97,77408.97,77398.88,77398.88,0.04143,2026-04-25 16:30:00+00:00,BTC/USDT
1777134900000,77402.69,77402.69,77165.67,77224.61,0.04698,2026-04-25 16:35:00+00:00,BTC/USDT
1777135200000,77304.69,77341.24,77304.69,77341.24,0.01412,2026-04-25 16:40:00+00:00,BTC/USDT
1777135500000,77341.24,77341.24,77341.24,77341.24,0.0,2026-04-25 16:45:00+00:00,BTC/USDT
1777135800000,77395.95,77395.95,77395.95,77395.95,0.00023,2026-04-25 16:50:00+00:00,BTC/USDT
1777136100000,77387.18,77387.18,77387.18,77387.18,0.00129,2026-04-25 16:55:00+00:00,BTC/USDT
1777136400000,77387.18,77390.12,77387.18,77390.12,0.00996,2026-04-25 17:00:00+00:00,BTC/USDT
1777136700000,77365.95,77373.17,77352.95,77373.17,0.0044,2026-04-25 17:05:00+00:00,BTC/USDT
1777137000000,77347.88,77369.42,77347.88,77350.52,0.00311,2026-04-25 17:10:00+00:00,BTC/USDT
1777137300000,77342.59,77342.59,77320.26,77320.32,0.03254,2026-04-25 17:15:00+00:00,BTC/USDT
1777137600000,77336.61,77336.62,77336.61,77336.62,0.00516,2026-04-25 17:20:00+00:00,BTC/USDT
1777137900000,77398.6,77412.97,77398.6,77412.97,0.0001,2026-04-25 17:25:00+00:00,BTC/USDT
1777138200000,77335.25,77344.07,77300.0,77300.0,0.13162,2026-04-25 17:30:00+00:00,BTC/USDT
1777138500000,77303.83,77342.82,77303.83,77342.82,0.00035,2026-04-25 17:35:00+00:00,BTC/USDT
1777138800000,77330.47,77330.47,77329.82,77329.82,0.00292,2026-04-25 17:40:00+00:00,BTC/USDT
1777139100000,77311.12,77311.13,77311.12,77311.13,0.00645,2026-04-25 17:45:00+00:00,BTC/USDT
1777139400000,77260.58,77260.58,77260.58,77260.58,5e-05,2026-04-25 17:50:00+00:00,BTC/USDT
1777139700000,77261.97,77261.98,77250.43,77250.43,0.01,2026-04-25 17:55:00+00:00,BTC/USDT
1777140000000,77239.16,77242.81,77239.16,77242.81,0.01316,2026-04-25 18:00:00+00:00,BTC/USDT
1777140300000,77242.81,77242.81,77242.81,77242.81,0.0,2026-04-25 18:05:00+00:00,BTC/USDT
1777140600000,77261.51,77299.68,77261.51,77296.47,0.00748,2026-04-25 18:10:00+00:00,BTC/USDT
1777140900000,77296.47,77296.47,77296.47,77296.47,0.0,2026-04-25 18:15:00+00:00,BTC/USDT
1777141200000,77275.03,77303.58,77275.03,77303.58,0.00753,2026-04-25 18:20:00+00:00,BTC/USDT
1777141500000,77307.38,77323.48,77287.02,77318.11,0.00374,2026-04-25 18:25:00+00:00,BTC/USDT
1777141800000,77323.48,77397.49,77323.48,77397.49,0.00024,2026-04-25 18:30:00+00:00,BTC/USDT
1777142100000,77387.58,77402.18,77367.38,77367.38,0.00054,2026-04-25 18:35:00+00:00,BTC/USDT
1777142400000,77362.74,77362.74,77329.96,77329.96,0.00052,2026-04-25 18:40:00+00:00,BTC/USDT
1777142700000,77353.87,77353.87,77353.07,77353.08,0.00344,2026-04-25 18:45:00+00:00,BTC/USDT
1777143000000,77309.26,77309.26,77309.26,77309.26,0.00013,2026-04-25 18:50:00+00:00,BTC/USDT
1777143300000,77309.26,77309.26,77309.26,77309.26,0.0,2026-04-25 18:55:00+00:00,BTC/USDT
1777143600000,77301.99,77301.99,77301.99,77301.99,0.00019,2026-04-25 19:00:00+00:00,BTC/USDT
1777143900000,77299.98,77299.98,77299.98,77299.98,0.00045,2026-04-25 19:05:00+00:00,BTC/USDT
1777144200000,77299.98,77299.98,77299.98,77299.98,0.0,2026-04-25 19:10:00+00:00,BTC/USDT
1777144500000,77339.47,77341.34,77339.47,77341.34,0.002,2026-04-25 19:15:00+00:00,BTC/USDT
1777144800000,77341.54,77341.54,77341.54,77341.54,0.00012,2026-04-25 19:20:00+00:00,BTC/USDT
1777145100000,77278.5,77278.5,77278.5,77278.5,0.00013,2026-04-25 19:25:00+00:00,BTC/USDT
1777145400000,77255.45,77255.45,77255.45,77255.45,2e-05,2026-04-25 19:30:00+00:00,BTC/USDT
1777145700000,77230.54,77252.43,77230.54,77236.31,0.00023,2026-04-25 19:35:00+00:00,BTC/USDT
1777146000000,77212.05,77212.05,77212.04,77212.04,0.00044,2026-04-25 19:40:00+00:00,BTC/USDT
1777146300000,77230.6,77230.6,77230.6,77230.6,0.00065,2026-04-25 19:45:00+00:00,BTC/USDT
1777146600000,77247.38,77278.75,77247.38,77278.75,0.02784,2026-04-25 19:50:00+00:00,BTC/USDT
1777146900000,77294.87,77330.58,77294.87,77311.22,0.02478,2026-04-25 19:55:00+00:00,BTC/USDT
1777147200000,77345.03,77378.9,77345.03,77378.9,0.0001,2026-04-25 20:00:00+00:00,BTC/USDT
1777147500000,77339.76,77339.77,77339.76,77339.77,0.00536,2026-04-25 20:05:00+00:00,BTC/USDT
1777147800000,77361.79,77377.58,77345.51,77364.31,0.00139,2026-04-25 20:10:00+00:00,BTC/USDT
1777148100000,77364.31,77364.31,77364.31,77364.31,0.0,2026-04-25 20:15:00+00:00,BTC/USDT
1777148400000,77393.76,77415.58,77392.67,77415.58,0.00074,2026-04-25 20:20:00+00:00,BTC/USDT
1777148700000,77402.36,77402.36,77402.36,77402.36,0.00034,2026-04-25 20:25:00+00:00,BTC/USDT
1777149000000,77422.2,77433.59,77404.48,77404.49,0.00952,2026-04-25 20:30:00+00:00,BTC/USDT
1777149300000,77419.19,77419.19,77419.19,77419.19,0.00035,2026-04-25 20:35:00+00:00,BTC/USDT
1777149600000,77403.01,77403.37,77403.01,77403.36,0.01608,2026-04-25 20:40:00+00:00,BTC/USDT
1777149900000,77403.36,77403.36,77403.36,77403.36,0.0,2026-04-25 20:45:00+00:00,BTC/USDT
1777150200000,77424.86,77428.09,77424.86,77428.09,0.12882,2026-04-25 20:50:00+00:00,BTC/USDT
1777150500000,77443.67,77474.53,77443.67,77474.53,0.001,2026-04-25 20:55:00+00:00,BTC/USDT
1777150800000,77509.99,77509.99,77509.99,77509.99,0.04608,2026-04-25 21:00:00+00:00,BTC/USDT
1777151100000,77509.99,77509.99,77509.99,77509.99,0.0,2026-04-25 21:05:00+00:00,BTC/USDT
1777151400000,77515.5,77515.5,77515.5,77515.5,0.00026,2026-04-25 21:10:00+00:00,BTC/USDT
1777151700000,77510.75,77519.58,77484.26,77484.26,0.00887,2026-04-25 21:15:00+00:00,BTC/USDT
1777152000000,77520.37,77520.37,77520.37,77520.37,0.00073,2026-04-25 21:20:00+00:00,BTC/USDT
1777152300000,77485.79,77514.41,77485.79,77514.41,0.00143,2026-04-25 21:25:00+00:00,BTC/USDT
1777152600000,77497.97,77497.97,77472.56,77472.56,0.00194,2026-04-25 21:30:00+00:00,BTC/USDT
1777152900000,77472.56,77472.56,77472.56,77472.56,0.0,2026-04-25 21:35:00+00:00,BTC/USDT
1777153200000,77449.69,77455.28,77449.69,77455.28,0.02223,2026-04-25 21:40:00+00:00,BTC/USDT
1777153500000,77498.34,77499.2,77475.43,77475.43,0.03009,2026-04-25 21:45:00+00:00,BTC/USDT
1777153800000,77501.0,77501.0,77501.0,77501.0,5e-05,2026-04-25 21:50:00+00:00,BTC/USDT
1777154100000,77521.99,77528.88,77516.77,77516.77,0.00076,2026-04-25 21:55:00+00:00,BTC/USDT
1777154400000,77516.07,77530.17,77508.48,77508.48,0.00161,2026-04-25 22:00:00+00:00,BTC/USDT
1777154700000,77522.41,77553.37,77508.72,77530.73,0.00966,2026-04-25 22:05:00+00:00,BTC/USDT
1777155000000,77514.6,77530.36,77491.22,77500.58,0.00926,2026-04-25 22:10:00+00:00,BTC/USDT
1777155300000,77490.12,77528.98,77481.08,77520.52,0.00722,2026-04-25 22:15:00+00:00,BTC/USDT
1777155600000,77502.17,77528.97,77502.17,77528.97,0.00728,2026-04-25 22:20:00+00:00,BTC/USDT
1777155900000,77548.18,77548.18,77548.18,77548.18,0.00128,2026-04-25 22:25:00+00:00,BTC/USDT
1777156200000,77555.95,77629.17,77555.95,77629.17,1.4983,2026-04-25 22:30:00+00:00,BTC/USDT
1777156500000,77614.73,77614.73,77598.68,77598.68,0.00064,2026-04-25 22:35:00+00:00,BTC/USDT
1777156800000,77593.08,77593.08,77593.08,77593.08,0.00026,2026-04-25 22:40:00+00:00,BTC/USDT
1777157100000,77582.63,77582.63,77561.2,77561.2,0.00057,2026-04-25 22:45:00+00:00,BTC/USDT
1777157400000,77540.76,77540.76,77540.76,77540.76,0.00147,2026-04-25 22:50:00+00:00,BTC/USDT
1777157700000,77540.76,77540.76,77540.76,77540.76,0.0,2026-04-25 22:55:00+00:00,BTC/USDT
1777158000000,77563.04,77575.97,77554.34,77555.68,0.01092,2026-04-25 23:00:00+00:00,BTC/USDT
1777158300000,77568.09,77599.98,77568.09,77599.98,0.00262,2026-04-25 23:05:00+00:00,BTC/USDT
1777158600000,77573.11,77573.11,77573.11,77573.11,0.00077,2026-04-25 23:10:00+00:00,BTC/USDT
1777158900000,77595.06,77595.06,77573.11,77573.11,0.00508,2026-04-25 23:15:00+00:00,BTC/USDT
1777159200000,77576.86,77595.76,77549.87,77569.46,0.00542,2026-04-25 23:20:00+00:00,BTC/USDT
1777159500000,77578.88,77579.57,77572.13,77579.57,0.00253,2026-04-25 23:25:00+00:00,BTC/USDT
1777159800000,77573.71,77609.02,77573.71,77604.86,0.09239,2026-04-25 23:30:00+00:00,BTC/USDT
1777160100000,77606.27,77614.41,77602.5,77614.41,0.00039,2026-04-25 23:35:00+00:00,BTC/USDT
1777160400000,77617.92,77617.93,77617.92,77617.93,0.00265,2026-04-25 23:40:00+00:00,BTC/USDT
1777160700000,77613.26,77626.42,77586.33,77610.51,0.00266,2026-04-25 23:45:00+00:00,BTC/USDT
1777161000000,77610.84,77610.84,77610.84,77610.84,0.00137,2026-04-25 23:50:00+00:00,BTC/USDT
1777161300000,77610.68,77610.68,77610.68,77610.68,0.00385,2026-04-25 23:55:00+00:00,BTC/USDT
1777161600000,77631.64,77631.64,77631.64,77631.64,0.00075,2026-04-26 00:00:00+00:00,BTC/USDT
1777161900000,77573.19,77583.2,77473.91,77574.75,0.12529,2026-04-26 00:05:00+00:00,BTC/USDT
1777162200000,77526.73,77526.74,77526.73,77526.74,0.00135,2026-04-26 00:10:00+00:00,BTC/USDT
1777162500000,77504.9,77515.1,77477.96,77477.96,0.00188,2026-04-26 00:15:00+00:00,BTC/USDT
1777162800000,77505.77,77509.87,77505.77,77509.87,0.00503,2026-04-26 00:20:00+00:00,BTC/USDT
1777163100000,77492.63,77492.63,77461.18,77461.18,0.00063,2026-04-26 00:25:00+00:00,BTC/USDT
1777163400000,77483.92,77511.12,77483.92,77502.89,0.00261,2026-04-26 00:30:00+00:00,BTC/USDT
1777163700000,77497.87,77527.35,77482.63,77488.91,0.00448,2026-04-26 00:35:00+00:00,BTC/USDT
1777164000000,77534.25,77558.39,77512.82,77521.66,0.00641,2026-04-26 00:40:00+00:00,BTC/USDT
1777164300000,77534.73,77559.18,77514.82,77539.37,0.0299,2026-04-26 00:45:00+00:00,BTC/USDT
1777164600000,77532.81,77579.53,77532.81,77534.58,0.00325,2026-04-26 00:50:00+00:00,BTC/USDT
1777164900000,77498.36,77514.73,77424.5,77514.73,0.00357,2026-04-26 00:55:00+00:00,BTC/USDT
1777165200000,77506.19,77515.72,77478.47,77515.72,0.00982,2026-04-26 01:00:00+00:00,BTC/USDT
1777165500000,77512.88,77519.8,77488.06,77503.81,0.00362,2026-04-26 01:05:00+00:00,BTC/USDT
1777165800000,77508.55,77520.96,77503.81,77503.81,0.01378,2026-04-26 01:10:00+00:00,BTC/USDT
1777166100000,77519.43,77519.43,77497.08,77497.08,0.00078,2026-04-26 01:15:00+00:00,BTC/USDT
1777166400000,77528.32,77528.32,77528.32,77528.32,0.0005,2026-04-26 01:20:00+00:00,BTC/USDT
1777166700000,77534.23,77546.77,77514.67,77516.74,0.01844,2026-04-26 01:25:00+00:00,BTC/USDT
1777167000000,77516.74,77516.74,77516.74,77516.74,0.0,2026-04-26 01:30:00+00:00,BTC/USDT
1777167300000,77518.9,77547.78,77518.9,77547.78,0.0015,2026-04-26 01:35:00+00:00,BTC/USDT
1777167600000,77554.99,77555.0,77554.99,77555.0,0.00875,2026-04-26 01:40:00+00:00,BTC/USDT
1777167900000,77508.0,77508.0,77508.0,77508.0,0.00032,2026-04-26 01:45:00+00:00,BTC/USDT
1777168200000,77520.0,77546.73,77520.0,77546.73,0.0032,2026-04-26 01:50:00+00:00,BTC/USDT
1777168500000,77490.7,77490.7,77438.08,77438.08,0.01419,2026-04-26 01:55:00+00:00,BTC/USDT
1777168800000,77465.21,77482.17,77462.39,77462.39,0.05188,2026-04-26 02:00:00+00:00,BTC/USDT
1777169100000,77490.47,77521.71,77490.47,77521.71,0.0051,2026-04-26 02:05:00+00:00,BTC/USDT
1777169400000,77516.07,77559.3,77516.07,77559.3,0.00528,2026-04-26 02:10:00+00:00,BTC/USDT
1777169700000,77560.0,77587.77,77560.0,77587.77,0.0007,2026-04-26 02:15:00+00:00,BTC/USDT
1777170000000,77587.77,77587.77,77587.77,77587.77,0.0,2026-04-26 02:20:00+00:00,BTC/USDT
1777170300000,77587.77,77587.77,77587.77,77587.77,0.0,2026-04-26 02:25:00+00:00,BTC/USDT
1777170600000,77563.23,77565.7,77563.23,77565.7,0.00257,2026-04-26 02:30:00+00:00,BTC/USDT
1777170900000,77565.7,77565.7,77565.7,77565.7,0.0,2026-04-26 02:35:00+00:00,BTC/USDT
1777171200000,77554.98,77554.98,77554.98,77554.98,0.00129,2026-04-26 02:40:00+00:00,BTC/USDT
1777171500000,77520.52,77520.52,77520.52,77520.52,0.00032,2026-04-26 02:45:00+00:00,BTC/USDT
1777171800000,77523.2,77523.2,77523.2,77523.2,5e-05,2026-04-26 02:50:00+00:00,BTC/USDT
1777172100000,77523.2,77523.2,77523.2,77523.2,0.0,2026-04-26 02:55:00+00:00,BTC/USDT
1777172400000,77500.15,77506.82,77500.15,77506.82,0.05671,2026-04-26 03:00:00+00:00,BTC/USDT
1777172700000,77500.38,77500.38,77496.38,77496.38,0.00033,2026-04-26 03:05:00+00:00,BTC/USDT
1777173000000,77508.71,77532.24,77508.71,77532.24,0.00064,2026-04-26 03:10:00+00:00,BTC/USDT
1777173300000,77542.45,77554.46,77530.75,77530.75,0.00317,2026-04-26 03:15:00+00:00,BTC/USDT
1777173600000,77498.28,77498.28,77498.28,77498.28,5e-05,2026-04-26 03:20:00+00:00,BTC/USDT
1777173900000,77498.28,77498.28,77498.28,77498.28,0.0,2026-04-26 03:25:00+00:00,BTC/USDT
1777174200000,77376.74,77376.74,77376.74,77376.74,0.00032,2026-04-26 03:30:00+00:00,BTC/USDT
1777174500000,77352.67,77352.67,77352.67,77352.67,6e-05,2026-04-26 03:35:00+00:00,BTC/USDT
1777174800000,77340.15,77369.03,77340.15,77369.03,0.00083,2026-04-26 03:40:00+00:00,BTC/USDT
1777175100000,77390.56,77390.56,77376.23,77376.23,0.00076,2026-04-26 03:45:00+00:00,BTC/USDT
1777175400000,77391.14,77391.92,77368.86,77390.17,0.04218,2026-04-26 03:50:00+00:00,BTC/USDT
1777175700000,77390.17,77390.17,77390.17,77390.17,0.0,2026-04-26 03:55:00+00:00,BTC/USDT
1777176000000,77392.5,77392.5,77392.5,77392.5,0.00387,2026-04-26 04:00:00+00:00,BTC/USDT
1777176300000,77449.26,77449.26,77449.26,77449.26,0.00052,2026-04-26 04:05:00+00:00,BTC/USDT
1777176600000,77449.26,77449.26,77449.26,77449.26,0.0,2026-04-26 04:10:00+00:00,BTC/USDT
1777176900000,77475.01,77475.01,77475.0,77475.0,0.00702,2026-04-26 04:15:00+00:00,BTC/USDT
1777177200000,77493.32,77493.32,77493.32,77493.32,8e-05,2026-04-26 04:20:00+00:00,BTC/USDT
1777177500000,77485.84,77485.84,77456.72,77456.72,0.00708,2026-04-26 04:25:00+00:00,BTC/USDT
1777177800000,77459.52,77459.52,77453.74,77453.74,0.00164,2026-04-26 04:30:00+00:00,BTC/USDT
1777178100000,77476.59,77476.59,77475.4,77475.4,0.00038,2026-04-26 04:35:00+00:00,BTC/USDT
1777178400000,77502.99,77534.06,77502.99,77534.06,0.00015,2026-04-26 04:40:00+00:00,BTC/USDT
1777178700000,77542.93,77778.11,77542.93,77778.11,0.03611,2026-04-26 04:45:00+00:00,BTC/USDT
1777179000000,77739.22,77800.08,77711.58,77800.08,0.0127,2026-04-26 04:50:00+00:00,BTC/USDT
1777179300000,77760.21,77784.91,77760.21,77784.91,0.00137,2026-04-26 04:55:00+00:00,BTC/USDT
1777179600000,77704.11,77704.11,77704.11,77704.11,0.00069,2026-04-26 05:00:00+00:00,BTC/USDT
1777179900000,77738.04,77823.8,77724.78,77823.8,0.00603,2026-04-26 05:05:00+00:00,BTC/USDT
1777180200000,77783.97,78136.69,77783.97,78109.51,0.05879,2026-04-26 05:10:00+00:00,BTC/USDT
1777180500000,78136.69,78175.08,78039.64,78162.88,0.28525,2026-04-26 05:15:00+00:00,BTC/USDT
1777180800000,78071.47,78071.47,78071.47,78071.47,0.00064,2026-04-26 05:20:00+00:00,BTC/USDT
1777181100000,78039.83,78175.07,78039.83,78175.07,0.01348,2026-04-26 05:25:00+00:00,BTC/USDT
1777181400000,78175.07,78175.07,78175.07,78175.07,0.0,2026-04-26 05:30:00+00:00,BTC/USDT
1777181700000,78034.51,78034.51,78034.51,78034.51,6e-05,2026-04-26 05:35:00+00:00,BTC/USDT
1777182000000,78040.49,78049.71,78040.49,78049.71,0.01334,2026-04-26 05:40:00+00:00,BTC/USDT
1777182300000,78034.51,78047.55,78015.09,78047.55,0.00063,2026-04-26 05:45:00+00:00,BTC/USDT
1777182600000,78033.54,78033.54,78033.54,78033.54,5e-05,2026-04-26 05:50:00+00:00,BTC/USDT
1777182900000,78033.54,78033.54,78033.54,78033.54,0.0,2026-04-26 05:55:00+00:00,BTC/USDT
1777183200000,78040.6,78040.6,78032.31,78032.31,0.01291,2026-04-26 06:00:00+00:00,BTC/USDT
1777183500000,78011.73,78024.93,78011.73,78024.93,0.00012,2026-04-26 06:05:00+00:00,BTC/USDT
1777183800000,78020.57,78020.57,78019.06,78019.06,0.00212,2026-04-26 06:10:00+00:00,BTC/USDT
1777184100000,77959.3,77959.31,77958.05,77958.05,0.00527,2026-04-26 06:15:00+00:00,BTC/USDT
1777184400000,77959.29,77959.29,77959.29,77959.29,0.00107,2026-04-26 06:20:00+00:00,BTC/USDT
1777184700000,77971.0,77971.0,77971.0,77971.0,0.005,2026-04-26 06:25:00+00:00,BTC/USDT
1777185000000,77971.0,77971.0,77971.0,77971.0,0.0,2026-04-26 06:30:00+00:00,BTC/USDT
1777185300000,77949.0,77952.72,77949.0,77952.72,5e-05,2026-04-26 06:35:00+00:00,BTC/USDT
1777185600000,77997.03,78058.7,77997.03,78021.08,0.00242,2026-04-26 06:40:00+00:00,BTC/USDT
1777185900000,78025.48,78025.48,78019.67,78019.67,0.00096,2026-04-26 06:45:00+00:00,BTC/USDT
1777186200000,77999.09,77999.09,77999.09,77999.09,2e-05,2026-04-26 06:50:00+00:00,BTC/USDT
1777186500000,77999.09,77999.09,77999.09,77999.09,0.0,2026-04-26 06:55:00+00:00,BTC/USDT
1777186800000,78000.32,78030.3,78000.32,78030.3,0.01005,2026-04-26 07:00:00+00:00,BTC/USDT
1777187100000,78029.46,78029.46,78029.46,78029.46,0.00263,2026-04-26 07:05:00+00:00,BTC/USDT
1777187400000,78000.06,78002.25,78000.06,78002.25,0.00131,2026-04-26 07:10:00+00:00,BTC/USDT
1777187700000,78036.93,78036.94,78036.93,78036.94,0.00367,2026-04-26 07:15:00+00:00,BTC/USDT
1777188000000,78012.93,78012.93,78012.93,78012.93,0.00128,2026-04-26 07:20:00+00:00,BTC/USDT
1777188300000,78012.93,78012.93,78012.93,78012.93,0.0,2026-04-26 07:25:00+00:00,BTC/USDT
1777188600000,78012.93,78012.93,78012.93,78012.93,0.0,2026-04-26 07:30:00+00:00,BTC/USDT
1777188900000,78012.93,78012.93,78012.93,78012.93,0.0,2026-04-26 07:35:00+00:00,BTC/USDT
1777189200000,78012.93,78012.93,78012.93,78012.93,0.0,2026-04-26 07:40:00+00:00,BTC/USDT
1777189500000,78012.93,78012.93,78012.93,78012.93,0.0,2026-04-26 07:45:00+00:00,BTC/USDT
1777189800000,78058.01,78058.01,78036.12,78057.71,0.00251,2026-04-26 07:50:00+00:00,BTC/USDT
1777190100000,78058.68,78106.39,78058.68,78106.39,0.05035,2026-04-26 07:55:00+00:00,BTC/USDT
1777190400000,78102.51,78102.51,78102.51,78102.51,0.00052,2026-04-26 08:00:00+00:00,BTC/USDT
1777190700000,78121.67,78158.18,78121.67,78158.18,0.0001,2026-04-26 08:05:00+00:00,BTC/USDT
1777191000000,78077.21,78077.21,78067.34,78067.34,0.00192,2026-04-26 08:10:00+00:00,BTC/USDT
1777191300000,78087.12,78087.12,78087.12,78087.12,0.00061,2026-04-26 08:15:00+00:00,BTC/USDT
1777191600000,78040.76,78040.76,78040.76,78040.76,0.00059,2026-04-26 08:20:00+00:00,BTC/USDT
1777191900000,78040.76,78040.76,78040.76,78040.76,0.0,2026-04-26 08:25:00+00:00,BTC/USDT
1777192200000,78106.37,78106.37,78106.37,78106.37,0.00032,2026-04-26 08:30:00+00:00,BTC/USDT
1777192500000,78174.53,78200.0,78160.9,78160.9,0.00096,2026-04-26 08:35:00+00:00,BTC/USDT
1777192800000,78160.9,78160.9,78160.9,78160.9,0.0,2026-04-26 08:40:00+00:00,BTC/USDT
1777193100000,78044.66,78044.66,78044.66,78044.66,3e-05,2026-04-26 08:45:00+00:00,BTC/USDT
1777193400000,78044.66,78044.66,78044.66,78044.66,0.0,2026-04-26 08:50:00+00:00,BTC/USDT
1777193700000,78044.66,78044.66,78044.66,78044.66,0.0,2026-04-26 08:55:00+00:00,BTC/USDT
1777194000000,78032.2,78032.2,78032.2,78032.2,0.00032,2026-04-26 09:00:00+00:00,BTC/USDT
1777194300000,78026.14,78032.38,78026.14,78032.38,0.00031,2026-04-26 09:05:00+00:00,BTC/USDT
1777194600000,77972.62,77993.97,77972.62,77972.62,0.00348,2026-04-26 09:10:00+00:00,BTC/USDT
1777194900000,77972.62,77972.62,77972.62,77972.62,0.0,2026-04-26 09:15:00+00:00,BTC/USDT
1777195200000,77972.62,77972.62,77972.62,77972.62,0.0,2026-04-26 09:20:00+00:00,BTC/USDT
1777195500000,78061.81,78061.81,78061.81,78061.81,0.00221,2026-04-26 09:25:00+00:00,BTC/USDT
1777195800000,78061.81,78061.81,78061.81,78061.81,0.0,2026-04-26 09:30:00+00:00,BTC/USDT
1777196100000,77985.66,77985.66,77985.66,77985.66,2e-05,2026-04-26 09:35:00+00:00,BTC/USDT
1777196400000,77932.15,77975.83,77932.15,77975.83,0.00015,2026-04-26 09:40:00+00:00,BTC/USDT
1777196700000,77975.83,77975.83,77975.83,77975.83,0.0,2026-04-26 09:45:00+00:00,BTC/USDT
1777197000000,77987.8,78013.37,77987.8,78013.37,0.0001,2026-04-26 09:50:00+00:00,BTC/USDT
1777197300000,78013.37,78013.37,78013.37,78013.37,0.0,2026-04-26 09:55:00+00:00,BTC/USDT
1777197600000,77976.77,77984.32,77976.77,77984.32,0.00128,2026-04-26 10:00:00+00:00,BTC/USDT
1777197900000,78026.11,78055.52,78026.11,78055.48,0.00138,2026-04-26 10:05:00+00:00,BTC/USDT
1777198200000,78055.48,78055.48,78055.48,78055.48,0.0,2026-04-26 10:10:00+00:00,BTC/USDT
1777198500000,78055.48,78055.48,78055.48,78055.48,0.0,2026-04-26 10:15:00+00:00,BTC/USDT
1777198800000,78015.99,78035.58,78015.99,78035.58,0.00803,2026-04-26 10:20:00+00:00,BTC/USDT
1777199100000,78020.6,78020.6,78020.6,78020.6,5e-05,2026-04-26 10:25:00+00:00,BTC/USDT
1777199400000,78020.6,78020.6,78020.6,78020.6,0.0,2026-04-26 10:30:00+00:00,BTC/USDT
1777199700000,78018.13,78018.13,78018.13,78018.13,0.0001,2026-04-26 10:35:00+00:00,BTC/USDT
1777200000000,78018.13,78018.13,78018.13,78018.13,0.0,2026-04-26 10:40:00+00:00,BTC/USDT
1777200300000,78018.13,78018.13,78018.13,78018.13,0.0,2026-04-26 10:45:00+00:00,BTC/USDT
1777200600000,78018.13,78018.13,78018.13,78018.13,0.0,2026-04-26 10:50:00+00:00,BTC/USDT
1777200900000,78008.18,78008.18,77993.75,77993.75,0.02721,2026-04-26 10:55:00+00:00,BTC/USDT
1777201200000,78018.45,78018.45,78018.45,78018.45,0.00202,2026-04-26 11:00:00+00:00,BTC/USDT
1777201500000,78071.19,78071.19,78071.19,78071.19,0.00013,2026-04-26 11:05:00+00:00,BTC/USDT
1777201800000,78071.17,78071.22,78061.27,78061.27,0.00041,2026-04-26 11:10:00+00:00,BTC/USDT
1777202100000,78061.27,78061.27,78061.27,78061.27,0.0,2026-04-26 11:15:00+00:00,BTC/USDT
1777202400000,78071.2,78133.27,78071.2,78133.27,0.01418,2026-04-26 11:20:00+00:00,BTC/USDT
1777202700000,78148.94,78150.66,78148.94,78150.66,0.00018,2026-04-26 11:25:00+00:00,BTC/USDT
1777203000000,78106.11,78106.11,78106.11,78106.11,0.00696,2026-04-26 11:30:00+00:00,BTC/USDT
1777203300000,78094.2,78094.2,78094.2,78094.2,0.00032,2026-04-26 11:35:00+00:00,BTC/USDT
1777203600000,78105.21,78105.22,78105.21,78105.22,0.01084,2026-04-26 11:40:00+00:00,BTC/USDT
1777203900000,78105.22,78105.22,78105.22,78105.22,0.0,2026-04-26 11:45:00+00:00,BTC/USDT
1777204200000,78105.22,78105.22,78105.22,78105.22,0.0,2026-04-26 11:50:00+00:00,BTC/USDT
1777204500000,78102.16,78102.16,78102.16,78102.16,0.00149,2026-04-26 11:55:00+00:00,BTC/USDT
1777204800000,78133.23,78133.23,78107.43,78107.43,0.03355,2026-04-26 12:00:00+00:00,BTC/USDT
1777205100000,78095.25,78095.25,78083.25,78083.25,0.00141,2026-04-26 12:05:00+00:00,BTC/USDT
1777205400000,78032.18,78032.18,78032.18,78032.18,0.00032,2026-04-26 12:10:00+00:00,BTC/USDT
1777205700000,78010.98,78010.98,77998.69,77998.69,0.0007,2026-04-26 12:15:00+00:00,BTC/USDT
1777206000000,77998.69,77998.69,77998.69,77998.69,0.0,2026-04-26 12:20:00+00:00,BTC/USDT
1777206300000,78018.79,78025.23,78018.79,78025.23,0.00162,2026-04-26 12:25:00+00:00,BTC/USDT
1777206600000,77984.36,77986.34,77959.85,77962.39,0.00112,2026-04-26 12:30:00+00:00,BTC/USDT
1777206900000,77962.39,77962.39,77962.39,77962.39,0.0,2026-04-26 12:35:00+00:00,BTC/USDT
1777207200000,77962.39,77962.39,77962.39,77962.39,0.0,2026-04-26 12:40:00+00:00,BTC/USDT
1777207500000,77859.95,77859.95,77820.1,77854.66,0.00681,2026-04-26 12:45:00+00:00,BTC/USDT
1777207800000,77854.66,77854.66,77854.66,77854.66,0.0,2026-04-26 12:50:00+00:00,BTC/USDT
1777208100000,77832.13,77850.11,77832.13,77850.11,0.07032,2026-04-26 12:55:00+00:00,BTC/USDT
1777208400000,77827.61,77846.91,77790.24,77790.24,0.00201,2026-04-26 13:00:00+00:00,BTC/USDT
1777208700000,77826.25,77826.25,77807.94,77807.94,0.00223,2026-04-26 13:05:00+00:00,BTC/USDT
1777209000000,77894.57,77939.35,77894.57,77939.35,0.00193,2026-04-26 13:10:00+00:00,BTC/USDT
1777209300000,77946.18,77946.18,77946.18,77946.18,0.00013,2026-04-26 13:15:00+00:00,BTC/USDT
1777209600000,77946.18,77946.18,77946.18,77946.18,0.0,2026-04-26 13:20:00+00:00,BTC/USDT
1777209900000,77885.55,77885.55,77885.55,77885.55,3e-05,2026-04-26 13:25:00+00:00,BTC/USDT
1777210200000,77901.58,77973.28,77884.44,77973.28,0.00187,2026-04-26 13:30:00+00:00,BTC/USDT
1777210500000,77960.51,77986.56,77960.51,77986.56,0.0001,2026-04-26 13:35:00+00:00,BTC/USDT
1777210800000,77986.56,77986.56,77986.56,77986.56,0.0,2026-04-26 13:40:00+00:00,BTC/USDT
1777211100000,77935.44,77935.44,77935.44,77935.44,4e-05,2026-04-26 13:45:00+00:00,BTC/USDT
1777211400000,77927.88,77956.71,77927.88,77956.71,0.01119,2026-04-26 13:50:00+00:00,BTC/USDT
1777211700000,77956.71,77956.71,77956.71,77956.71,0.0,2026-04-26 13:55:00+00:00,BTC/USDT
1777212000000,77939.34,77956.71,77939.34,77956.7,1.9728,2026-04-26 14:00:00+00:00,BTC/USDT
1777212300000,77940.16,77940.16,77886.04,77924.19,0.04959,2026-04-26 14:05:00+00:00,BTC/USDT
1777212600000,77924.19,77924.19,77924.19,77924.19,0.0,2026-04-26 14:10:00+00:00,BTC/USDT
1777212900000,77959.36,78040.23,77959.36,78037.0,0.00144,2026-04-26 14:15:00+00:00,BTC/USDT
1777213200000,78071.2,78176.07,78071.19,78094.18,0.00697,2026-04-26 14:20:00+00:00,BTC/USDT
1777213500000,78065.47,78080.99,78063.36,78063.36,0.00629,2026-04-26 14:25:00+00:00,BTC/USDT
1777213800000,78073.27,78073.27,78041.91,78060.28,0.00959,2026-04-26 14:30:00+00:00,BTC/USDT
1777214100000,78053.69,78053.69,78053.69,78053.69,0.00051,2026-04-26 14:35:00+00:00,BTC/USDT
1777214400000,78102.39,78102.39,78063.34,78063.34,0.00064,2026-04-26 14:40:00+00:00,BTC/USDT
1777214700000,78053.69,78053.69,77942.99,78002.05,0.11307,2026-04-26 14:45:00+00:00,BTC/USDT
1777215000000,78041.68,78160.47,78041.68,78154.69,0.01391,2026-04-26 14:50:00+00:00,BTC/USDT
1777215300000,78121.39,78121.39,78100.18,78100.18,0.00287,2026-04-26 14:55:00+00:00,BTC/USDT
1777215600000,78118.43,78118.43,78118.43,78118.43,0.00638,2026-04-26 15:00:00+00:00,BTC/USDT
1777215900000,78094.18,78113.81,78094.18,78113.81,0.00037,2026-04-26 15:05:00+00:00,BTC/USDT
1777216200000,78107.01,78107.01,78098.57,78098.57,0.00081,2026-04-26 15:10:00+00:00,BTC/USDT
1777216500000,78103.56,78103.56,78103.56,78103.56,0.00096,2026-04-26 15:15:00+00:00,BTC/USDT
1777216800000,78109.95,78109.95,77986.5,77987.1,0.05786,2026-04-26 15:20:00+00:00,BTC/USDT
1777217100000,78051.46,78112.87,78051.46,78112.87,0.05134,2026-04-26 15:25:00+00:00,BTC/USDT
1777217400000,78105.99,78105.99,78105.99,78105.99,0.00118,2026-04-26 15:30:00+00:00,BTC/USDT
1777217700000,78105.99,78105.99,78105.99,78105.99,0.0,2026-04-26 15:35:00+00:00,BTC/USDT
1777218000000,78055.2,78055.2,78055.2,78055.2,0.00024,2026-04-26 15:40:00+00:00,BTC/USDT
1777218300000,78030.06,78030.06,78030.01,78030.01,0.02573,2026-04-26 15:45:00+00:00,BTC/USDT
1777218600000,78035.13,78058.41,78035.13,78058.39,0.00109,2026-04-26 15:50:00+00:00,BTC/USDT
1777218900000,78034.8,78034.8,78009.55,78009.55,0.00255,2026-04-26 15:55:00+00:00,BTC/USDT
1777219200000,78038.57,78045.36,78019.64,78019.64,0.00642,2026-04-26 16:00:00+00:00,BTC/USDT
1777219500000,78084.65,78084.65,78037.41,78045.31,0.00101,2026-04-26 16:05:00+00:00,BTC/USDT
1777219800000,78034.73,78034.73,78034.73,78034.73,0.00014,2026-04-26 16:10:00+00:00,BTC/USDT
1777220100000,78032.02,78046.28,78032.02,78046.28,0.00749,2026-04-26 16:15:00+00:00,BTC/USDT
1777220400000,78048.01,78048.01,78048.01,78048.01,0.00069,2026-04-26 16:20:00+00:00,BTC/USDT
1777220700000,78023.6,78065.63,78023.6,78065.63,0.00165,2026-04-26 16:25:00+00:00,BTC/USDT
1777221000000,78058.1,78105.53,78054.92,78098.49,0.00833,2026-04-26 16:30:00+00:00,BTC/USDT
1777221300000,78099.99,78099.99,78034.77,78034.77,0.00465,2026-04-26 16:35:00+00:00,BTC/USDT
1777221600000,78036.25,78036.25,78036.25,78036.25,5e-05,2026-04-26 16:40:00+00:00,BTC/USDT
1777221900000,78036.25,78036.25,78036.25,78036.25,0.0,2026-04-26 16:45:00+00:00,BTC/USDT
1777222200000,78036.25,78036.25,78036.25,78036.25,0.0,2026-04-26 16:50:00+00:00,BTC/USDT
1777222500000,77938.71,77945.88,77938.71,77945.88,0.00073,2026-04-26 16:55:00+00:00,BTC/USDT
1777222800000,77916.45,77930.05,77836.32,77930.05,0.10146,2026-04-26 17:00:00+00:00,BTC/USDT
1777223100000,77930.05,77930.05,77930.05,77930.05,0.0,2026-04-26 17:05:00+00:00,BTC/USDT
1777223400000,78023.53,78033.09,78023.53,78033.09,0.0027,2026-04-26 17:10:00+00:00,BTC/USDT
1777223700000,78013.76,78013.76,78013.76,78013.76,0.00058,2026-04-26 17:15:00+00:00,BTC/USDT
1777224000000,78012.96,78027.67,77985.72,78010.36,0.01085,2026-04-26 17:20:00+00:00,BTC/USDT
1777224300000,78010.36,78010.36,78010.36,78010.36,0.0,2026-04-26 17:25:00+00:00,BTC/USDT
1777224600000,77989.57,77992.03,77974.87,77974.87,0.06582,2026-04-26 17:30:00+00:00,BTC/USDT
1777224900000,77963.88,77963.88,77963.88,77963.88,0.00269,2026-04-26 17:35:00+00:00,BTC/USDT
1777225200000,77963.88,77963.88,77963.88,77963.88,0.0,2026-04-26 17:40:00+00:00,BTC/USDT
1777225500000,78005.39,78005.39,78005.38,78005.38,0.00367,2026-04-26 17:45:00+00:00,BTC/USDT
1777225800000,78005.38,78005.38,78005.38,78005.38,0.0,2026-04-26 17:50:00+00:00,BTC/USDT
1777226100000,78036.24,78036.25,78036.24,78036.25,0.00319,2026-04-26 17:55:00+00:00,BTC/USDT
1777226400000,78036.25,78036.25,78036.25,78036.25,0.00012,2026-04-26 18:00:00+00:00,BTC/USDT
1777226700000,78036.25,78067.93,78036.25,78067.93,0.03454,2026-04-26 18:05:00+00:00,BTC/USDT
1777227000000,78059.72,78133.23,78024.56,78127.65,0.20644,2026-04-26 18:10:00+00:00,BTC/USDT
1777227300000,78088.59,78329.02,78088.59,78233.28,1.11223,2026-04-26 18:15:00+00:00,BTC/USDT
1777227600000,78171.03,78244.77,78171.03,78233.09,0.00202,2026-04-26 18:20:00+00:00,BTC/USDT
1777227900000,78187.28,78187.28,78187.28,78187.28,0.00013,2026-04-26 18:25:00+00:00,BTC/USDT
1777228200000,78187.28,78187.28,78187.28,78187.28,0.0,2026-04-26 18:30:00+00:00,BTC/USDT
1777228500000,78180.07,78180.07,78180.07,78180.07,0.00037,2026-04-26 18:35:00+00:00,BTC/USDT
1777228800000,78220.77,78220.77,78220.77,78220.77,0.00127,2026-04-26 18:40:00+00:00,BTC/USDT
1777229100000,78197.3,78251.39,78197.3,78251.39,0.01762,2026-04-26 18:45:00+00:00,BTC/USDT
1777229400000,78232.93,78238.6,78232.92,78238.6,0.10213,2026-04-26 18:50:00+00:00,BTC/USDT
1777229700000,78264.81,78277.88,78264.81,78275.0,0.00655,2026-04-26 18:55:00+00:00,BTC/USDT
1777230000000,78297.95,78297.95,78239.08,78239.08,0.0001,2026-04-26 19:00:00+00:00,BTC/USDT
1777230300000,78252.87,78301.69,78248.14,78301.69,0.00033,2026-04-26 19:05:00+00:00,BTC/USDT
1777230600000,78321.67,78415.23,78321.67,78415.23,0.09929,2026-04-26 19:10:00+00:00,BTC/USDT
1777230900000,78414.21,78478.22,78401.22,78401.22,0.06352,2026-04-26 19:15:00+00:00,BTC/USDT
1777231200000,78357.57,78357.57,78284.89,78284.89,0.01111,2026-04-26 19:20:00+00:00,BTC/USDT
1777231500000,78204.84,78204.84,78052.73,78170.16,0.02839,2026-04-26 19:25:00+00:00,BTC/USDT
1777231800000,78154.35,78154.35,78131.0,78131.0,0.01132,2026-04-26 19:30:00+00:00,BTC/USDT
1777232100000,78131.0,78172.72,78131.0,78172.72,0.06382,2026-04-26 19:35:00+00:00,BTC/USDT
1777232400000,78116.57,78197.97,78116.57,78194.5,0.24319,2026-04-26 19:40:00+00:00,BTC/USDT
1777232700000,78200.16,78203.83,78189.62,78189.62,0.0031,2026-04-26 19:45:00+00:00,BTC/USDT
1777233000000,78257.04,78257.04,78257.04,78257.04,0.00087,2026-04-26 19:50:00+00:00,BTC/USDT
1777233300000,78275.97,78292.17,78271.69,78271.69,0.00328,2026-04-26 19:55:00+00:00,BTC/USDT
1777233600000,78233.3,78233.3,78217.91,78217.91,0.00157,2026-04-26 20:00:00+00:00,BTC/USDT
1777233900000,78247.79,78257.91,78232.85,78248.1,0.00453,2026-04-26 20:05:00+00:00,BTC/USDT
1777234200000,78259.19,78261.96,78258.32,78258.32,0.00029,2026-04-26 20:10:00+00:00,BTC/USDT
1777234500000,78212.67,78219.33,78163.08,78163.08,0.03968,2026-04-26 20:15:00+00:00,BTC/USDT
1777234800000,78206.54,78222.87,78192.97,78222.87,0.00644,2026-04-26 20:20:00+00:00,BTC/USDT
1777235100000,78222.87,78242.25,78217.97,78217.97,0.03611,2026-04-26 20:25:00+00:00,BTC/USDT
1777235400000,78234.64,78360.28,78234.64,78360.1,0.03652,2026-04-26 20:30:00+00:00,BTC/USDT
1777235700000,78360.1,78360.1,78253.14,78269.48,0.02394,2026-04-26 20:35:00+00:00,BTC/USDT
1777236000000,78260.19,78260.19,78241.07,78241.07,0.0002,2026-04-26 20:40:00+00:00,BTC/USDT
1777236300000,78350.0,78350.0,78307.16,78307.16,0.00033,2026-04-26 20:45:00+00:00,BTC/USDT
1777236600000,78293.04,78303.31,78293.04,78303.3,0.00076,2026-04-26 20:50:00+00:00,BTC/USDT
1777236900000,78260.19,78260.19,78203.13,78203.13,0.01022,2026-04-26 20:55:00+00:00,BTC/USDT
1777237200000,78224.23,78242.23,78224.23,78242.23,0.00089,2026-04-26 21:00:00+00:00,BTC/USDT
1777237500000,78277.28,78282.75,78277.28,78282.75,0.00223,2026-04-26 21:05:00+00:00,BTC/USDT
1777237800000,78282.75,78282.75,78282.75,78282.75,0.0,2026-04-26 21:10:00+00:00,BTC/USDT
1777238100000,78282.75,78282.75,78282.75,78282.75,0.0,2026-04-26 21:15:00+00:00,BTC/USDT
1777238400000,78265.6,78265.6,78265.6,78265.6,0.044,2026-04-26 21:20:00+00:00,BTC/USDT
1777238700000,78276.79,78276.79,78203.11,78203.11,0.00073,2026-04-26 21:25:00+00:00,BTC/USDT
1777239000000,78198.98,78198.98,77987.23,78015.56,0.33251,2026-04-26 21:30:00+00:00,BTC/USDT
1777239300000,78120.87,78120.87,78120.87,78120.87,0.00128,2026-04-26 21:35:00+00:00,BTC/USDT
1777239600000,77983.38,77983.38,77983.38,77983.38,6e-05,2026-04-26 21:40:00+00:00,BTC/USDT
1777239900000,77976.66,77976.66,77870.87,77899.36,0.06501,2026-04-26 21:45:00+00:00,BTC/USDT
1777240200000,77910.0,78500.0,77866.33,78500.0,0.12104,2026-04-26 21:50:00+00:00,BTC/USDT
1777240500000,78538.2,78920.0,78352.64,78352.64,0.41209,2026-04-26 21:55:00+00:00,BTC/USDT
1777240800000,78372.47,78564.85,78306.95,78365.03,0.13552,2026-04-26 22:00:00+00:00,BTC/USDT
1777241100000,78406.29,78597.9,78406.29,78526.57,0.11127,2026-04-26 22:05:00+00:00,BTC/USDT
1777241400000,78495.99,78579.56,78495.99,78579.56,0.01864,2026-04-26 22:10:00+00:00,BTC/USDT
1777241700000,78550.2,78830.94,78550.2,78702.14,0.04225,2026-04-26 22:15:00+00:00,BTC/USDT
1777242000000,78717.96,78717.96,78717.96,78717.96,0.00117,2026-04-26 22:20:00+00:00,BTC/USDT
1777242300000,78675.24,78676.17,78552.88,78552.88,0.02375,2026-04-26 22:25:00+00:00,BTC/USDT
1777242600000,78445.17,78445.17,77980.0,78017.28,0.11967,2026-04-26 22:30:00+00:00,BTC/USDT
1777242900000,78038.63,78078.06,78038.63,78078.06,0.00073,2026-04-26 22:35:00+00:00,BTC/USDT
1777243200000,78142.53,78245.8,78142.53,78245.8,0.00075,2026-04-26 22:40:00+00:00,BTC/USDT
1777243500000,78272.74,78406.98,78272.74,78406.98,0.01046,2026-04-26 22:45:00+00:00,BTC/USDT
1777243800000,78346.56,78373.83,78335.78,78357.83,0.00133,2026-04-26 22:50:00+00:00,BTC/USDT
1777244100000,78298.11,78357.04,78298.11,78357.04,0.0002,2026-04-26 22:55:00+00:00,BTC/USDT
1777244400000,78281.2,78418.83,78271.11,78330.86,0.02402,2026-04-26 23:00:00+00:00,BTC/USDT
1777244700000,78337.47,78352.2,78331.47,78331.47,0.0004,2026-04-26 23:05:00+00:00,BTC/USDT
1777245000000,78345.82,78358.31,78316.39,78358.31,0.00118,2026-04-26 23:10:00+00:00,BTC/USDT
1777245300000,78306.76,78306.76,78276.25,78276.25,0.00018,2026-04-26 23:15:00+00:00,BTC/USDT
1777245600000,78315.69,78448.57,78315.69,78448.57,0.00386,2026-04-26 23:20:00+00:00,BTC/USDT
1777245900000,78470.2,78470.2,78193.34,78193.34,0.03898,2026-04-26 23:25:00+00:00,BTC/USDT
1777246200000,78168.7,78385.39,78059.75,78385.39,0.04585,2026-04-26 23:30:00+00:00,BTC/USDT
1777246500000,78385.39,78385.39,78385.39,78385.39,0.0,2026-04-26 23:35:00+00:00,BTC/USDT
1777246800000,78460.31,78585.41,78460.31,78585.41,0.00355,2026-04-26 23:40:00+00:00,BTC/USDT
1777247100000,78592.16,78881.3,78592.16,78840.82,0.0236,2026-04-26 23:45:00+00:00,BTC/USDT
1777247400000,78697.46,78730.13,78682.74,78687.31,0.02604,2026-04-26 23:50:00+00:00,BTC/USDT
1777247700000,78634.6,78634.6,78626.16,78626.16,0.03402,2026-04-26 23:55:00+00:00,BTC/USDT
1777248000000,78658.01,78851.61,78658.01,78804.54,0.2159,2026-04-27 00:00:00+00:00,BTC/USDT
1777248300000,78844.72,78844.72,78721.03,78721.03,0.00228,2026-04-27 00:05:00+00:00,BTC/USDT
1777248600000,78726.06,78727.29,78575.76,78579.79,0.19526,2026-04-27 00:10:00+00:00,BTC/USDT
1777248900000,78572.01,78602.37,78548.06,78568.41,0.00919,2026-04-27 00:15:00+00:00,BTC/USDT
1777249200000,78609.16,78619.08,78548.06,78548.06,0.0097,2026-04-27 00:20:00+00:00,BTC/USDT
1777249500000,78548.06,78548.06,78414.7,78478.66,0.10276,2026-04-27 00:25:00+00:00,BTC/USDT
1777249800000,78431.69,78458.8,78429.62,78446.58,0.05583,2026-04-27 00:30:00+00:00,BTC/USDT
1777250100000,78517.55,78652.36,78497.78,78652.36,0.00274,2026-04-27 00:35:00+00:00,BTC/USDT
1777250400000,78684.43,78827.41,78684.43,78800.0,0.0077,2026-04-27 00:40:00+00:00,BTC/USDT
1777250700000,78800.0,78880.77,78800.0,78805.57,0.04568,2026-04-27 00:45:00+00:00,BTC/USDT
1777251000000,78798.78,78976.71,78771.84,78949.18,0.06165,2026-04-27 00:50:00+00:00,BTC/USDT
1777251300000,78976.71,79338.93,78976.71,79261.83,0.59813,2026-04-27 00:55:00+00:00,BTC/USDT
1777251600000,79304.77,79448.45,79233.23,79418.65,0.19083,2026-04-27 01:00:00+00:00,BTC/USDT
1777251900000,79370.0,79381.51,79136.03,79136.03,0.08297,2026-04-27 01:05:00+00:00,BTC/USDT
1777252200000,79116.77,79213.06,79101.82,79195.38,0.00108,2026-04-27 01:10:00+00:00,BTC/USDT
1777252500000,79047.93,79047.93,78996.56,78997.02,0.03372,2026-04-27 01:15:00+00:00,BTC/USDT
1777252800000,78978.39,79069.0,78978.39,79069.0,0.02295,2026-04-27 01:20:00+00:00,BTC/USDT
1777253100000,78978.4,79071.61,78764.64,78859.73,0.14024,2026-04-27 01:25:00+00:00,BTC/USDT
1777253400000,78945.73,78978.0,78865.61,78868.02,0.00362,2026-04-27 01:30:00+00:00,BTC/USDT
1777253700000,78840.22,79118.09,78840.22,79118.09,0.00373,2026-04-27 01:35:00+00:00,BTC/USDT
1777254000000,79050.86,79093.27,79050.86,79093.27,0.00127,2026-04-27 01:40:00+00:00,BTC/USDT
1777254300000,79063.33,79348.45,79063.33,79348.45,0.10903,2026-04-27 01:45:00+00:00,BTC/USDT
1777254600000,79286.33,79286.33,79286.33,79286.33,0.00163,2026-04-27 01:50:00+00:00,BTC/USDT
1777254900000,79156.65,79239.1,79154.35,79239.1,0.01236,2026-04-27 01:55:00+00:00,BTC/USDT
1777255200000,79215.91,79215.91,79215.91,79215.91,0.00015,2026-04-27 02:00:00+00:00,BTC/USDT
1777255500000,79167.61,79172.0,79139.16,79172.0,0.0032,2026-04-27 02:05:00+00:00,BTC/USDT
1777255800000,79156.65,79156.65,79156.65,79156.65,0.00015,2026-04-27 02:10:00+00:00,BTC/USDT
1777256100000,79224.87,79230.71,79112.14,79230.71,0.07377,2026-04-27 02:15:00+00:00,BTC/USDT
1777256400000,79161.07,79161.07,79161.07,79161.07,5e-05,2026-04-27 02:20:00+00:00,BTC/USDT
1777256700000,79041.72,79082.59,79041.72,79082.59,0.00646,2026-04-27 02:25:00+00:00,BTC/USDT
1777257000000,79106.23,79242.43,79082.59,79082.59,0.01637,2026-04-27 02:30:00+00:00,BTC/USDT
1777257300000,79037.03,79049.17,79037.03,79049.17,0.00086,2026-04-27 02:35:00+00:00,BTC/USDT
1777257600000,79071.02,79075.47,79050.4,79050.4,0.00417,2026-04-27 02:40:00+00:00,BTC/USDT
1777257900000,79093.46,79122.0,79093.46,79115.0,0.40603,2026-04-27 02:45:00+00:00,BTC/USDT
1777258200000,79073.77,79156.65,79073.77,79156.65,0.00091,2026-04-27 02:50:00+00:00,BTC/USDT
1777258500000,79179.51,79190.09,79139.25,79139.25,0.00097,2026-04-27 02:55:00+00:00,BTC/USDT
1777258800000,79139.25,79139.25,79139.25,79139.25,0.0,2026-04-27 03:00:00+00:00,BTC/USDT
1777259100000,79187.02,79187.02,79187.02,79187.02,0.00019,2026-04-27 03:05:00+00:00,BTC/USDT
1777259400000,79214.99,79230.71,79214.99,79230.71,0.00668,2026-04-27 03:10:00+00:00,BTC/USDT
1777259700000,79230.71,79230.71,79230.71,79230.71,0.0,2026-04-27 03:15:00+00:00,BTC/USDT
1777260000000,79232.46,79254.94,79232.43,79254.94,0.00116,2026-04-27 03:20:00+00:00,BTC/USDT
1777260300000,79266.49,79270.99,79250.55,79250.55,0.00955,2026-04-27 03:25:00+00:00,BTC/USDT
1777260600000,79271.48,79271.48,79250.55,79250.55,0.00677,2026-04-27 03:30:00+00:00,BTC/USDT
1777260900000,79264.04,79264.04,79203.05,79203.05,0.0034,2026-04-27 03:35:00+00:00,BTC/USDT
1777261200000,79224.75,79224.75,79224.75,79224.75,0.00015,2026-04-27 03:40:00+00:00,BTC/USDT
1777261500000,79245.08,79245.08,79202.41,79213.85,0.05557,2026-04-27 03:45:00+00:00,BTC/USDT
1777261800000,79209.19,79227.66,79132.32,79166.9,0.09096,2026-04-27 03:50:00+00:00,BTC/USDT
1777262100000,79156.63,79156.64,79082.59,79089.79,0.0013,2026-04-27 03:55:00+00:00,BTC/USDT
1777262400000,79089.79,79089.79,79078.2,79089.79,0.07733,2026-04-27 04:00:00+00:00,BTC/USDT
1777262700000,79059.65,79059.65,79049.17,79049.17,0.02733,2026-04-27 04:05:00+00:00,BTC/USDT
1777263000000,79008.53,79069.86,79008.53,79069.86,0.02538,2026-04-27 04:10:00+00:00,BTC/USDT
1777263300000,79044.1,79044.1,79041.18,79041.18,0.01177,2026-04-27 04:15:00+00:00,BTC/USDT
1777263600000,79041.18,79069.08,79035.37,79069.08,0.00039,2026-04-27 04:20:00+00:00,BTC/USDT
1777263900000,79028.27,79082.59,79028.27,79082.59,0.00054,2026-04-27 04:25:00+00:00,BTC/USDT
1777264200000,79151.86,79151.86,79051.53,79057.16,0.01456,2026-04-27 04:30:00+00:00,BTC/USDT
1777264500000,79036.56,79128.48,79036.56,79104.03,0.19705,2026-04-27 04:35:00+00:00,BTC/USDT
1777264800000,79081.97,79081.97,79081.97,79081.97,0.00013,2026-04-27 04:40:00+00:00,BTC/USDT
1777265100000,79094.38,79094.38,79000.0,79000.0,0.05401,2026-04-27 04:45:00+00:00,BTC/USDT
1777265400000,78994.7,79007.95,78950.89,78950.89,0.03071,2026-04-27 04:50:00+00:00,BTC/USDT
1777265700000,78961.44,78961.44,78895.67,78910.5,0.08169,2026-04-27 04:55:00+00:00,BTC/USDT
1777266000000,78863.51,78865.3,78786.36,78786.36,0.01379,2026-04-27 05:00:00+00:00,BTC/USDT
1777266300000,78750.0,78750.0,78690.0,78690.0,0.03891,2026-04-27 05:05:00+00:00,BTC/USDT
1777266600000,78730.38,78730.38,78416.06,78416.06,0.03461,2026-04-27 05:10:00+00:00,BTC/USDT
1777266900000,78342.78,78384.78,77965.76,78065.3,0.3806,2026-04-27 05:15:00+00:00,BTC/USDT
1777267200000,77965.74,77998.81,77855.04,77855.04,0.22433,2026-04-27 05:20:00+00:00,BTC/USDT
1777267500000,77913.39,77913.39,77913.39,77913.39,0.00674,2026-04-27 05:25:00+00:00,BTC/USDT
1777267800000,77832.89,77878.39,77735.39,77878.39,0.11536,2026-04-27 05:30:00+00:00,BTC/USDT
1777268100000,77720.76,77726.89,77587.27,77587.27,0.07996,2026-04-27 05:35:00+00:00,BTC/USDT
1777268400000,77722.4,77792.15,77670.76,77784.87,0.00166,2026-04-27 05:40:00+00:00,BTC/USDT
1777268700000,77769.01,77769.01,77766.86,77766.86,0.00324,2026-04-27 05:45:00+00:00,BTC/USDT
1777269000000,77766.86,77766.86,77766.86,77766.86,0.0,2026-04-27 05:50:00+00:00,BTC/USDT
1777269300000,77820.25,77820.25,77820.25,77820.25,0.00064,2026-04-27 05:55:00+00:00,BTC/USDT
1777269600000,77763.79,77770.97,77749.11,77749.11,0.00897,2026-04-27 06:00:00+00:00,BTC/USDT
1777269900000,77749.11,77749.11,77749.11,77749.11,0.0,2026-04-27 06:05:00+00:00,BTC/USDT
1777270200000,77757.82,77757.82,77757.81,77757.81,0.00037,2026-04-27 06:10:00+00:00,BTC/USDT
1777270500000,77745.2,77745.2,77745.2,77745.2,0.00012,2026-04-27 06:15:00+00:00,BTC/USDT
1777270800000,77815.28,77872.59,77813.41,77867.42,0.00776,2026-04-27 06:20:00+00:00,BTC/USDT
1777271100000,77867.42,77867.42,77867.42,77867.42,0.0,2026-04-27 06:25:00+00:00,BTC/USDT
1777271400000,77700.0,77700.0,77487.01,77538.75,0.14206,2026-04-27 06:30:00+00:00,BTC/USDT
1777271700000,77602.7,77602.7,77602.7,77602.7,0.00018,2026-04-27 06:35:00+00:00,BTC/USDT
1777272000000,77628.17,77632.82,77628.17,77632.82,0.0644,2026-04-27 06:40:00+00:00,BTC/USDT
1777272300000,77704.11,77708.83,77669.98,77669.98,0.06498,2026-04-27 06:45:00+00:00,BTC/USDT
1777272600000,77700.05,77700.05,77700.05,77700.05,0.00109,2026-04-27 06:50:00+00:00,BTC/USDT
1777272900000,77700.05,77700.05,77700.05,77700.05,0.0,2026-04-27 06:55:00+00:00,BTC/USDT
1777273200000,77682.62,77720.9,77682.62,77720.9,0.00157,2026-04-27 07:00:00+00:00,BTC/USDT
1777273500000,77614.18,77624.69,77614.17,77624.69,0.00133,2026-04-27 07:05:00+00:00,BTC/USDT
1777273800000,77624.69,77624.69,77624.69,77624.69,0.0,2026-04-27 07:10:00+00:00,BTC/USDT
1777274100000,77624.69,77624.69,77624.69,77624.69,0.0,2026-04-27 07:15:00+00:00,BTC/USDT
1777274400000,77624.69,77624.69,77624.69,77624.69,0.0,2026-04-27 07:20:00+00:00,BTC/USDT
1777274700000,77691.03,77691.03,77691.03,77691.03,0.0001,2026-04-27 07:25:00+00:00,BTC/USDT
1777275000000,77624.58,77624.58,77624.58,77624.58,4e-05,2026-04-27 07:30:00+00:00,BTC/USDT
1777275300000,77624.58,77624.58,77624.58,77624.58,0.0,2026-04-27 07:35:00+00:00,BTC/USDT
1777275600000,77624.58,77624.58,77624.58,77624.58,0.0,2026-04-27 07:40:00+00:00,BTC/USDT
1777275900000,77667.27,77667.27,77667.27,77667.27,0.00266,2026-04-27 07:45:00+00:00,BTC/USDT
1777276200000,77718.56,77718.56,77693.1,77693.1,0.02265,2026-04-27 07:50:00+00:00,BTC/USDT
1777276500000,77693.1,77693.1,77693.1,77693.1,0.0,2026-04-27 07:55:00+00:00,BTC/USDT
1777276800000,77578.25,77695.82,77578.25,77695.82,0.00709,2026-04-27 08:00:00+00:00,BTC/USDT
1777277100000,77692.42,77692.42,77626.27,77626.27,0.00814,2026-04-27 08:05:00+00:00,BTC/USDT
1777277400000,77626.27,77626.27,77626.27,77626.27,0.0,2026-04-27 08:10:00+00:00,BTC/USDT
1777277700000,77675.15,77675.15,77667.72,77667.72,0.00037,2026-04-27 08:15:00+00:00,BTC/USDT
1777278000000,77646.66,77646.66,77587.47,77587.47,0.0327,2026-04-27 08:20:00+00:00,BTC/USDT
1777278300000,77616.25,77616.25,77616.25,77616.25,0.0001,2026-04-27 08:25:00+00:00,BTC/USDT
1777278600000,77585.07,77585.07,77585.07,77585.07,5e-05,2026-04-27 08:30:00+00:00,BTC/USDT
1777278900000,77597.96,77597.96,77597.96,77597.96,9e-05,2026-04-27 08:35:00+00:00,BTC/USDT
1777279200000,77619.93,77650.0,77619.93,77642.23,1.46357,2026-04-27 08:40:00+00:00,BTC/USDT
1777279500000,77721.46,77721.46,77721.46,77721.46,0.00064,2026-04-27 08:45:00+00:00,BTC/USDT
1777279800000,77721.46,77721.46,77721.46,77721.46,0.0,2026-04-27 08:50:00+00:00,BTC/USDT
1777280100000,77755.92,77824.85,77755.92,77816.69,0.00499,2026-04-27 08:55:00+00:00,BTC/USDT
1777280400000,77819.16,77829.44,77819.16,77829.44,0.00011,2026-04-27 09:00:00+00:00,BTC/USDT
1777280700000,77846.32,77846.32,77846.32,77846.32,0.00016,2026-04-27 09:05:00+00:00,BTC/USDT
1777281000000,77846.32,77846.32,77846.32,77846.32,0.0,2026-04-27 09:10:00+00:00,BTC/USDT
1777281300000,77846.32,77846.32,77846.32,77846.32,0.0,2026-04-27 09:15:00+00:00,BTC/USDT
1777281600000,77750.0,77750.0,77729.0,77729.0,0.06709,2026-04-27 09:20:00+00:00,BTC/USDT
1777281900000,77714.23,77714.23,77714.23,77714.23,4e-05,2026-04-27 09:25:00+00:00,BTC/USDT
1777282200000,77808.57,77853.15,77808.57,77853.15,0.39048,2026-04-27 09:30:00+00:00,BTC/USDT
1777282500000,77897.59,77915.02,77892.64,77905.15,0.04881,2026-04-27 09:35:00+00:00,BTC/USDT
1777282800000,77918.66,77929.61,77918.66,77929.61,0.01528,2026-04-27 09:40:00+00:00,BTC/USDT
1777283100000,77948.21,77948.21,77948.21,77948.21,0.00234,2026-04-27 09:45:00+00:00,BTC/USDT
1777283400000,77948.21,77948.21,77948.21,77948.21,0.0,2026-04-27 09:50:00+00:00,BTC/USDT
1777283700000,77948.21,77948.21,77948.21,77948.21,0.0,2026-04-27 09:55:00+00:00,BTC/USDT
1777284000000,77907.69,77907.69,77907.69,77907.69,0.00128,2026-04-27 10:00:00+00:00,BTC/USDT
1777284300000,77907.69,77907.69,77907.69,77907.69,0.0,2026-04-27 10:05:00+00:00,BTC/USDT
1777284600000,77839.52,77839.52,77839.52,77839.52,0.00032,2026-04-27 10:10:00+00:00,BTC/USDT
1777284900000,77830.78,77830.78,77830.78,77830.78,0.00062,2026-04-27 10:15:00+00:00,BTC/USDT
1777285200000,77830.78,77830.78,77830.78,77830.78,0.0,2026-04-27 10:20:00+00:00,BTC/USDT
1777285500000,77781.92,77781.92,77781.91,77781.91,0.00331,2026-04-27 10:25:00+00:00,BTC/USDT
1777285800000,77799.82,77799.82,77799.82,77799.82,0.00263,2026-04-27 10:30:00+00:00,BTC/USDT
1777286100000,77799.82,77799.82,77799.82,77799.82,0.0,2026-04-27 10:35:00+00:00,BTC/USDT
1777286400000,77899.4,77899.41,77885.09,77885.09,0.00704,2026-04-27 10:40:00+00:00,BTC/USDT
1777286700000,77891.91,77891.91,77891.91,77891.91,0.00026,2026-04-27 10:45:00+00:00,BTC/USDT
1777287000000,77890.12,77890.12,77890.12,77890.12,4e-05,2026-04-27 10:50:00+00:00,BTC/USDT
1777287300000,77890.12,77890.12,77890.12,77890.12,0.0,2026-04-27 10:55:00+00:00,BTC/USDT
1777287600000,77858.16,77859.7,77858.16,77859.7,0.0016,2026-04-27 11:00:00+00:00,BTC/USDT
1777287900000,77798.35,77798.35,77773.79,77773.79,0.00141,2026-04-27 11:05:00+00:00,BTC/USDT
1777288200000,77773.79,77780.75,77753.1,77770.63,0.00332,2026-04-27 11:10:00+00:00,BTC/USDT
1777288500000,77790.59,77790.59,77752.35,77759.87,0.00861,2026-04-27 11:15:00+00:00,BTC/USDT
1777288800000,77759.87,77759.87,77759.87,77759.87,0.0,2026-04-27 11:20:00+00:00,BTC/USDT
1777289100000,77759.87,77759.87,77759.87,77759.87,0.0,2026-04-27 11:25:00+00:00,BTC/USDT
1777289400000,77887.88,77887.88,77887.88,77887.88,0.00384,2026-04-27 11:30:00+00:00,BTC/USDT
1777289700000,77829.58,77829.58,77795.87,77818.39,0.00314,2026-04-27 11:35:00+00:00,BTC/USDT
1777290000000,77818.39,77818.39,77818.39,77818.39,0.0,2026-04-27 11:40:00+00:00,BTC/USDT
1777290300000,77818.39,77818.39,77818.39,77818.39,0.00023,2026-04-27 11:45:00+00:00,BTC/USDT
1777290600000,77798.89,77798.89,77798.89,77798.89,0.00018,2026-04-27 11:50:00+00:00,BTC/USDT
1777290900000,77853.72,77853.72,77837.73,77837.73,0.03133,2026-04-27 11:55:00+00:00,BTC/USDT
1777291200000,77838.1,77838.1,77732.82,77754.22,0.04593,2026-04-27 12:00:00+00:00,BTC/USDT
1777291500000,77769.22,77780.97,77678.55,77780.97,0.07247,2026-04-27 12:05:00+00:00,BTC/USDT
1777291800000,77797.02,77864.08,77797.02,77864.08,0.00143,2026-04-27 12:10:00+00:00,BTC/USDT
1777292100000,77864.08,77864.08,77864.08,77864.08,0.0,2026-04-27 12:15:00+00:00,BTC/USDT
1777292400000,77864.08,77864.08,77864.08,77864.08,0.0,2026-04-27 12:20:00+00:00,BTC/USDT
1777292700000,77864.08,77864.08,77864.08,77864.08,0.0,2026-04-27 12:25:00+00:00,BTC/USDT
1777293000000,77763.48,77763.48,77763.48,77763.48,0.00128,2026-04-27 12:30:00+00:00,BTC/USDT
1777293300000,77712.7,77712.7,77712.7,77712.7,0.00029,2026-04-27 12:35:00+00:00,BTC/USDT
1777293600000,77672.31,77736.24,77672.31,77724.28,0.00169,2026-04-27 12:40:00+00:00,BTC/USDT
1777293900000,77724.28,77724.28,77724.28,77724.28,0.00031,2026-04-27 12:45:00+00:00,BTC/USDT
1777294200000,77682.24,77682.24,77674.5,77674.5,0.01288,2026-04-27 12:50:00+00:00,BTC/USDT
1777294500000,77674.5,77674.5,77674.5,77674.5,0.0,2026-04-27 12:55:00+00:00,BTC/USDT
1777294800000,77702.15,77725.39,77664.08,77664.08,0.00035,2026-04-27 13:00:00+00:00,BTC/USDT
1777295100000,77664.08,77664.08,77664.08,77664.08,0.0,2026-04-27 13:05:00+00:00,BTC/USDT
1777295400000,77736.67,77759.35,77736.67,77741.48,0.00426,2026-04-27 13:10:00+00:00,BTC/USDT
1777295700000,77694.84,77773.58,77694.84,77753.59,0.04156,2026-04-27 13:15:00+00:00,BTC/USDT
1777296000000,77796.87,77796.87,77756.22,77762.25,0.01027,2026-04-27 13:20:00+00:00,BTC/USDT
1777296300000,77698.38,77698.39,77686.15,77686.15,0.00837,2026-04-27 13:25:00+00:00,BTC/USDT
1777296600000,77695.46,77788.84,77695.46,77750.63,0.00734,2026-04-27 13:30:00+00:00,BTC/USDT
1777296900000,77712.0,77858.26,77712.0,77858.26,0.00682,2026-04-27 13:35:00+00:00,BTC/USDT
1777297200000,77858.26,77858.26,77781.59,77834.56,0.01641,2026-04-27 13:40:00+00:00,BTC/USDT
1777297500000,77869.88,77869.88,77708.3,77709.23,0.02559,2026-04-27 13:45:00+00:00,BTC/USDT
1777297800000,77632.13,77704.01,77617.13,77704.01,0.00578,2026-04-27 13:50:00+00:00,BTC/USDT
1777298100000,77753.2,77753.2,77753.2,77753.2,0.00072,2026-04-27 13:55:00+00:00,BTC/USDT
1777298400000,77826.16,77826.16,77720.4,77730.15,0.02043,2026-04-27 14:00:00+00:00,BTC/USDT
1777298700000,77699.08,77705.43,77681.27,77705.43,0.00303,2026-04-27 14:05:00+00:00,BTC/USDT
1777299000000,77870.46,77913.49,77862.05,77870.91,0.00363,2026-04-27 14:10:00+00:00,BTC/USDT
1777299300000,77908.8,77908.8,77908.8,77908.8,0.00071,2026-04-27 14:15:00+00:00,BTC/USDT
1777299600000,77873.05,77873.05,77873.05,77873.05,0.00064,2026-04-27 14:20:00+00:00,BTC/USDT
1777299900000,77873.05,77873.05,77873.05,77873.05,0.0,2026-04-27 14:25:00+00:00,BTC/USDT
1777300200000,77873.05,77935.2,77859.98,77885.51,0.03227,2026-04-27 14:30:00+00:00,BTC/USDT
1777300500000,77984.09,78167.96,77984.09,78141.79,0.02857,2026-04-27 14:35:00+00:00,BTC/USDT
1777300800000,78141.78,78141.78,78107.36,78116.13,0.00147,2026-04-27 14:40:00+00:00,BTC/USDT
1777301100000,78167.96,78237.39,78167.96,78237.39,0.00138,2026-04-27 14:45:00+00:00,BTC/USDT
1777301400000,78140.0,78140.0,77830.18,77830.18,0.05227,2026-04-27 14:50:00+00:00,BTC/USDT
1777301700000,77873.48,77873.48,77800.08,77800.08,0.00291,2026-04-27 14:55:00+00:00,BTC/USDT
1777302000000,77809.05,77840.73,77331.98,77331.98,1.18121,2026-04-27 15:00:00+00:00,BTC/USDT
1777302300000,77331.98,77545.72,77331.98,77479.1,0.00225,2026-04-27 15:05:00+00:00,BTC/USDT
1777302600000,77516.55,77516.55,77445.72,77445.72,0.00033,2026-04-27 15:10:00+00:00,BTC/USDT
1777302900000,77347.01,77347.01,76898.71,76901.43,0.97649,2026-04-27 15:15:00+00:00,BTC/USDT
1777303200000,76993.23,77047.01,76592.57,76647.01,0.13737,2026-04-27 15:20:00+00:00,BTC/USDT
1777303500000,76592.57,76816.44,76583.72,76816.44,0.2947,2026-04-27 15:25:00+00:00,BTC/USDT
1777303800000,76841.9,77041.61,76832.58,77041.61,0.0128,2026-04-27 15:30:00+00:00,BTC/USDT
1777304100000,77039.51,77039.51,77039.51,77039.51,0.00259,2026-04-27 15:35:00+00:00,BTC/USDT
1777304400000,77033.77,77033.77,77033.77,77033.77,0.00098,2026-04-27 15:40:00+00:00,BTC/USDT
1777304700000,76940.0,76940.0,76940.0,76940.0,0.0065,2026-04-27 15:45:00+00:00,BTC/USDT
1777305000000,76844.9,76898.21,76755.99,76755.99,0.1349,2026-04-27 15:50:00+00:00,BTC/USDT
1777305300000,76818.83,76818.83,76771.37,76771.37,0.05952,2026-04-27 15:55:00+00:00,BTC/USDT
1777305600000,76734.26,76771.37,76700.0,76771.37,2.34105,2026-04-27 16:00:00+00:00,BTC/USDT
1777305900000,76771.37,76807.27,76664.76,76666.31,1.05378,2026-04-27 16:05:00+00:00,BTC/USDT
1777306200000,76694.8,76768.85,76688.84,76768.85,0.04016,2026-04-27 16:10:00+00:00,BTC/USDT
1777306500000,76827.15,76830.61,76827.15,76830.61,0.00118,2026-04-27 16:15:00+00:00,BTC/USDT
1777306800000,76827.15,76832.93,76675.64,76675.64,0.00922,2026-04-27 16:20:00+00:00,BTC/USDT
1777307100000,76675.64,76675.64,76675.64,76675.64,0.0,2026-04-27 16:25:00+00:00,BTC/USDT
1777307400000,76784.56,76784.56,76784.56,76784.56,0.00162,2026-04-27 16:30:00+00:00,BTC/USDT
1777307700000,76733.12,76733.12,76706.06,76706.06,0.002,2026-04-27 16:35:00+00:00,BTC/USDT
1777308000000,76707.38,76707.38,76600.0,76600.0,0.00818,2026-04-27 16:40:00+00:00,BTC/USDT
1777308300000,76614.26,76643.17,76614.26,76636.64,0.00754,2026-04-27 16:45:00+00:00,BTC/USDT
1777308600000,76621.93,76668.5,76621.93,76668.5,0.00732,2026-04-27 16:50:00+00:00,BTC/USDT
1777308900000,76626.09,76626.09,76595.14,76614.89,0.33994,2026-04-27 16:55:00+00:00,BTC/USDT
1777309200000,76661.22,76727.78,76661.22,76704.07,0.00562,2026-04-27 17:00:00+00:00,BTC/USDT
1777309500000,76790.12,76790.12,76665.77,76687.13,0.00039,2026-04-27 17:05:00+00:00,BTC/USDT
1777309800000,76683.83,76721.09,76683.83,76692.17,0.00447,2026-04-27 17:10:00+00:00,BTC/USDT
1777310100000,76719.16,76719.16,76676.66,76676.66,0.00183,2026-04-27 17:15:00+00:00,BTC/USDT
1777310400000,76648.12,76800.0,76648.12,76800.0,0.01583,2026-04-27 17:20:00+00:00,BTC/USDT
1777310700000,76807.0,76866.54,76807.0,76835.66,0.13854,2026-04-27 17:25:00+00:00,BTC/USDT
1777311000000,76833.92,76926.56,76833.92,76889.02,0.0038,2026-04-27 17:30:00+00:00,BTC/USDT
1777311300000,76889.02,76889.02,76858.1,76858.1,0.00346,2026-04-27 17:35:00+00:00,BTC/USDT
1777311600000,76850.05,76889.02,76802.32,76881.1,0.01223,2026-04-27 17:40:00+00:00,BTC/USDT
1777311900000,76839.22,76839.23,76839.22,76839.23,0.00644,2026-04-27 17:45:00+00:00,BTC/USDT
1777312200000,76790.89,76790.89,76705.43,76705.43,0.02315,2026-04-27 17:50:00+00:00,BTC/USDT
1777312500000,76758.83,76758.83,76712.53,76712.53,0.00867,2026-04-27 17:55:00+00:00,BTC/USDT
1777312800000,76714.66,76818.74,76714.66,76777.75,0.24219,2026-04-27 18:00:00+00:00,BTC/USDT
1777313100000,76762.69,76795.09,76681.72,76681.72,0.07644,2026-04-27 18:05:00+00:00,BTC/USDT
1777313400000,76681.72,76747.62,76681.72,76731.28,0.04364,2026-04-27 18:10:00+00:00,BTC/USDT
1777313700000,76761.52,76768.97,76761.52,76768.97,0.0002,2026-04-27 18:15:00+00:00,BTC/USDT
1777314000000,76773.09,76785.13,76758.73,76785.13,0.00226,2026-04-27 18:20:00+00:00,BTC/USDT
1777314300000,76758.73,76758.73,76679.9,76679.9,0.02343,2026-04-27 18:25:00+00:00,BTC/USDT
1777314600000,76735.16,76735.16,76735.16,76735.16,0.00013,2026-04-27 18:30:00+00:00,BTC/USDT
1777314900000,76713.81,76754.63,76713.81,76733.81,0.00366,2026-04-27 18:35:00+00:00,BTC/USDT
1777315200000,76747.09,76787.18,76720.66,76787.18,0.00826,2026-04-27 18:40:00+00:00,BTC/USDT
1777315500000,76800.72,76840.61,76800.72,76840.61,0.00669,2026-04-27 18:45:00+00:00,BTC/USDT
1777315800000,76851.02,76874.9,76845.06,76874.9,0.00707,2026-04-27 18:50:00+00:00,BTC/USDT
1777316100000,76875.0,76887.32,76875.0,76887.32,0.02854,2026-04-27 18:55:00+00:00,BTC/USDT
1777316400000,76863.77,76870.38,76819.66,76822.69,0.02274,2026-04-27 19:00:00+00:00,BTC/USDT
1777316700000,76797.47,76802.22,76728.24,76798.79,0.01505,2026-04-27 19:05:00+00:00,BTC/USDT
1777317000000,76798.78,76888.6,76781.21,76888.6,0.06918,2026-04-27 19:10:00+00:00,BTC/USDT
1777317300000,76897.12,76897.12,76897.12,76897.12,9e-05,2026-04-27 19:15:00+00:00,BTC/USDT
1777317600000,76796.44,76825.23,76789.99,76825.23,0.02742,2026-04-27 19:20:00+00:00,BTC/USDT
1777317900000,76750.51,76772.09,76616.31,76616.31,0.07047,2026-04-27 19:25:00+00:00,BTC/USDT
1777318200000,76607.38,76607.38,76491.06,76585.0,0.17699,2026-04-27 19:30:00+00:00,BTC/USDT
1777318500000,76600.0,76620.25,76577.59,76577.59,0.02349,2026-04-27 19:35:00+00:00,BTC/USDT
1777318800000,76742.17,76762.8,76742.17,76762.8,0.00066,2026-04-27 19:40:00+00:00,BTC/USDT
1777319100000,76800.0,76800.0,76761.6,76761.6,0.00305,2026-04-27 19:45:00+00:00,BTC/USDT
1777319400000,76799.98,76799.98,76799.98,76799.98,0.00033,2026-04-27 19:50:00+00:00,BTC/USDT
1777319700000,76853.03,76853.03,76853.03,76853.03,0.0013,2026-04-27 19:55:00+00:00,BTC/USDT
1777320000000,76858.8,76907.38,76849.63,76907.38,0.14564,2026-04-27 20:00:00+00:00,BTC/USDT
1777320300000,76921.15,76969.61,76918.88,76918.88,0.00448,2026-04-27 20:05:00+00:00,BTC/USDT
1777320600000,76931.94,76931.94,76885.11,76885.11,0.00145,2026-04-27 20:10:00+00:00,BTC/USDT
1777320900000,76885.11,76885.11,76885.11,76885.11,0.0,2026-04-27 20:15:00+00:00,BTC/USDT
1777321200000,76950.43,76950.43,76950.43,76950.43,0.00084,2026-04-27 20:20:00+00:00,BTC/USDT
1777321500000,76980.6,76980.6,76980.6,76980.6,0.00025,2026-04-27 20:25:00+00:00,BTC/USDT
1777321800000,76980.6,77019.72,76980.6,77019.72,0.08894,2026-04-27 20:30:00+00:00,BTC/USDT
1777322100000,77005.0,77041.72,77005.0,77041.72,0.13146,2026-04-27 20:35:00+00:00,BTC/USDT
1777322400000,76997.27,77015.85,76997.27,77015.85,0.00862,2026-04-27 20:40:00+00:00,BTC/USDT
1777322700000,77015.85,77015.85,77015.85,77015.85,0.0,2026-04-27 20:45:00+00:00,BTC/USDT
1777323000000,77015.85,77015.85,77015.85,77015.85,0.0,2026-04-27 20:50:00+00:00,BTC/USDT
1777323300000,76992.0,76992.0,76992.0,76992.0,5e-05,2026-04-27 20:55:00+00:00,BTC/USDT
1777323600000,76926.27,76931.53,76915.91,76931.32,0.00413,2026-04-27 21:00:00+00:00,BTC/USDT
1777323900000,76927.87,76942.48,76884.8,76942.48,0.01582,2026-04-27 21:05:00+00:00,BTC/USDT
1777324200000,76885.18,76903.63,76850.11,76902.97,0.01106,2026-04-27 21:10:00+00:00,BTC/USDT
1777324500000,76879.11,76939.46,76863.67,76932.81,0.09704,2026-04-27 21:15:00+00:00,BTC/USDT
1777324800000,76920.33,76920.34,76888.17,76905.13,0.00663,2026-04-27 21:20:00+00:00,BTC/USDT
1777325100000,76835.55,76937.4,76835.55,76937.32,0.00126,2026-04-27 21:25:00+00:00,BTC/USDT
1777325400000,76921.84,76961.07,76921.84,76961.07,0.00038,2026-04-27 21:30:00+00:00,BTC/USDT
1777325700000,76990.33,76997.94,76932.75,76932.75,0.00233,2026-04-27 21:35:00+00:00,BTC/USDT
1777326000000,76961.4,76963.59,76932.57,76932.57,0.00834,2026-04-27 21:40:00+00:00,BTC/USDT
1777326300000,76878.3,76905.97,76851.0,76905.97,0.19516,2026-04-27 21:45:00+00:00,BTC/USDT
1777326600000,76906.41,76958.49,76906.41,76958.49,0.00658,2026-04-27 21:50:00+00:00,BTC/USDT
1777326900000,76825.82,76825.82,76801.39,76814.68,0.0028,2026-04-27 21:55:00+00:00,BTC/USDT
1777327200000,76772.38,76837.9,76761.58,76834.33,0.01559,2026-04-27 22:00:00+00:00,BTC/USDT
1777327500000,76792.57,76889.78,76792.57,76875.95,0.00503,2026-04-27 22:05:00+00:00,BTC/USDT
1777327800000,76862.7,76879.89,76842.26,76859.99,0.01449,2026-04-27 22:10:00+00:00,BTC/USDT
1777328100000,76882.51,76882.51,76882.51,76882.51,0.03244,2026-04-27 22:15:00+00:00,BTC/USDT
1777328400000,76860.25,76869.21,76860.25,76869.21,0.00274,2026-04-27 22:20:00+00:00,BTC/USDT
1777328700000,76870.9,76953.53,76853.28,76953.53,0.00829,2026-04-27 22:25:00+00:00,BTC/USDT
1777329000000,77003.7,77003.7,77003.7,77003.7,0.0012,2026-04-27 22:30:00+00:00,BTC/USDT
1777329300000,76978.86,76978.86,76955.47,76955.47,0.00263,2026-04-27 22:35:00+00:00,BTC/USDT
1777329600000,77000.0,77000.0,77000.0,77000.0,0.00175,2026-04-27 22:40:00+00:00,BTC/USDT
1777329900000,77040.16,77056.14,77040.16,77056.14,0.0006,2026-04-27 22:45:00+00:00,BTC/USDT
1777330200000,77053.03,77055.73,77040.16,77040.16,0.15916,2026-04-27 22:50:00+00:00,BTC/USDT
1777330500000,77069.02,77069.02,77069.02,77069.02,0.00052,2026-04-27 22:55:00+00:00,BTC/USDT
1777330800000,77096.13,77096.13,77060.11,77081.9,0.00853,2026-04-27 23:00:00+00:00,BTC/USDT
1777331100000,77080.62,77080.62,77011.64,77011.64,0.00103,2026-04-27 23:05:00+00:00,BTC/USDT
1777331400000,77068.84,77068.84,77050.0,77050.0,0.00105,2026-04-27 23:10:00+00:00,BTC/USDT
1777331700000,77101.9,77214.14,77101.9,77132.48,0.01147,2026-04-27 23:15:00+00:00,BTC/USDT
1777332000000,77157.89,77503.72,77143.6,77150.68,2.04944,2026-04-27 23:20:00+00:00,BTC/USDT
1777332300000,77146.23,77146.23,77132.25,77132.25,0.00056,2026-04-27 23:25:00+00:00,BTC/USDT
1777332600000,77210.14,77210.14,77210.14,77210.14,0.00113,2026-04-27 23:30:00+00:00,BTC/USDT
1777332900000,77213.38,77223.32,77213.38,77223.32,0.0325,2026-04-27 23:35:00+00:00,BTC/USDT
1777333200000,77279.5,77290.3,77279.5,77281.05,0.10306,2026-04-27 23:40:00+00:00,BTC/USDT
1777333500000,77318.51,77343.91,77305.63,77323.55,0.00759,2026-04-27 23:45:00+00:00,BTC/USDT
1777333800000,77323.28,77425.96,77323.28,77425.96,0.01107,2026-04-27 23:50:00+00:00,BTC/USDT
1777334100000,77401.49,77401.49,77373.7,77373.7,0.01757,2026-04-27 23:55:00+00:00,BTC/USDT
1777334400000,77326.95,77373.37,77300.0,77300.0,0.02963,2026-04-28 00:00:00+00:00,BTC/USDT
