timestamp,open,high,low,close,volume,datetime,symbol
1776470400000,2417.7,2423.05,2417.7,2420.35,0.1326,2026-04-18 00:00:00+00:00,ETH/USDT
1776470700000,2420.89,2420.89,2420.89,2420.89,0.0057,2026-04-18 00:05:00+00:00,ETH/USDT
1776471000000,2420.89,2420.89,2420.89,2420.89,0.0,2026-04-18 00:10:00+00:00,ETH/USDT
1776471300000,2417.16,2420.9,2417.0,2420.9,5.7556,2026-04-18 00:15:00+00:00,ETH/USDT
1776471600000,2419.99,2419.99,2419.99,2419.99,0.0051,2026-04-18 00:20:00+00:00,ETH/USDT
1776471900000,2420.52,2420.52,2420.52,2420.52,0.0062,2026-04-18 00:25:00+00:00,ETH/USDT
1776472200000,2422.35,2422.35,2410.0,2411.66,1.4943,2026-04-18 00:30:00+00:00,ETH/USDT
1776472500000,2413.17,2420.02,2410.73,2416.49,11.8897,2026-04-18 00:35:00+00:00,ETH/USDT
1776472800000,2416.37,2416.37,2412.67,2414.42,10.9673,2026-04-18 00:40:00+00:00,ETH/USDT
1776473100000,2418.0,2419.22,2417.18,2419.22,0.4985,2026-04-18 00:45:00+00:00,ETH/USDT
1776473400000,2422.4,2422.4,2421.31,2421.31,0.0268,2026-04-18 00:50:00+00:00,ETH/USDT
1776473700000,2422.78,2422.78,2421.71,2421.71,1.2265,2026-04-18 00:55:00+00:00,ETH/USDT
1776474000000,2418.56,2419.91,2417.88,2419.91,0.0128,2026-04-18 01:00:00+00:00,ETH/USDT
1776474300000,2421.29,2423.16,2421.29,2422.54,0.1435,2026-04-18 01:05:00+00:00,ETH/USDT
1776474600000,2423.33,2427.21,2423.33,2427.21,0.1616,2026-04-18 01:10:00+00:00,ETH/USDT
1776474900000,2424.5,2424.5,2423.83,2423.83,0.7511,2026-04-18 01:15:00+00:00,ETH/USDT
1776475200000,2423.81,2423.81,2423.13,2423.13,0.028,2026-04-18 01:20:00+00:00,ETH/USDT
1776475500000,2424.84,2424.84,2424.84,2424.84,0.0065,2026-04-18 01:25:00+00:00,ETH/USDT
1776475800000,2424.84,2424.84,2424.84,2424.84,0.0,2026-04-18 01:30:00+00:00,ETH/USDT
1776476100000,2420.95,2420.95,2420.31,2420.47,0.232,2026-04-18 01:35:00+00:00,ETH/USDT
1776476400000,2421.11,2422.75,2419.58,2420.34,4.6922,2026-04-18 01:40:00+00:00,ETH/USDT
1776476700000,2422.89,2422.89,2419.62,2419.62,1.2151,2026-04-18 01:45:00+00:00,ETH/USDT
1776477000000,2419.62,2419.62,2419.62,2419.62,0.0,2026-04-18 01:50:00+00:00,ETH/USDT
1776477300000,2419.28,2419.28,2418.94,2418.94,0.0134,2026-04-18 01:55:00+00:00,ETH/USDT
1776477600000,2418.94,2418.94,2418.94,2418.94,0.0,2026-04-18 02:00:00+00:00,ETH/USDT
1776477900000,2418.99,2420.81,2418.99,2419.28,0.1101,2026-04-18 02:05:00+00:00,ETH/USDT
1776478200000,2419.85,2420.09,2419.85,2420.09,0.0033,2026-04-18 02:10:00+00:00,ETH/USDT
1776478500000,2422.77,2422.77,2422.52,2422.52,0.8749,2026-04-18 02:15:00+00:00,ETH/USDT
1776478800000,2424.67,2424.67,2423.96,2423.96,0.1423,2026-04-18 02:20:00+00:00,ETH/USDT
1776479100000,2422.54,2422.54,2422.54,2422.54,0.6173,2026-04-18 02:25:00+00:00,ETH/USDT
1776479400000,2419.67,2419.67,2419.66,2419.66,0.408,2026-04-18 02:30:00+00:00,ETH/USDT
1776479700000,2422.87,2422.87,2422.87,2422.87,0.8825,2026-04-18 02:35:00+00:00,ETH/USDT
1776480000000,2422.87,2422.87,2422.87,2422.87,0.0,2026-04-18 02:40:00+00:00,ETH/USDT
1776480300000,2419.66,2419.66,2419.66,2419.66,0.4227,2026-04-18 02:45:00+00:00,ETH/USDT
1776480600000,2419.11,2419.55,2419.04,2419.55,0.3285,2026-04-18 02:50:00+00:00,ETH/USDT
1776480900000,2419.76,2419.99,2419.76,2419.78,0.3829,2026-04-18 02:55:00+00:00,ETH/USDT
1776481200000,2417.3,2417.89,2417.3,2417.89,0.0416,2026-04-18 03:00:00+00:00,ETH/USDT
1776481500000,2417.89,2417.89,2417.89,2417.89,0.0,2026-04-18 03:05:00+00:00,ETH/USDT
1776481800000,2417.45,2417.9,2417.45,2417.9,0.0071,2026-04-18 03:10:00+00:00,ETH/USDT
1776482100000,2416.73,2417.34,2416.73,2417.34,0.0848,2026-04-18 03:15:00+00:00,ETH/USDT
1776482400000,2417.34,2417.34,2417.34,2417.34,0.0,2026-04-18 03:20:00+00:00,ETH/USDT
1776482700000,2416.69,2416.69,2415.74,2415.74,0.0016,2026-04-18 03:25:00+00:00,ETH/USDT
1776483000000,2415.84,2416.3,2415.72,2415.72,0.3846,2026-04-18 03:30:00+00:00,ETH/USDT
1776483300000,2415.76,2416.42,2415.76,2416.42,0.0033,2026-04-18 03:35:00+00:00,ETH/USDT
1776483600000,2414.82,2415.63,2414.82,2414.98,0.006,2026-04-18 03:40:00+00:00,ETH/USDT
1776483900000,2415.53,2416.47,2414.61,2416.01,1.1512,2026-04-18 03:45:00+00:00,ETH/USDT
1776484200000,2417.31,2418.91,2405.92,2406.3,10.7715,2026-04-18 03:50:00+00:00,ETH/USDT
1776484500000,2406.28,2406.9,2401.63,2404.58,8.1026,2026-04-18 03:55:00+00:00,ETH/USDT
1776484800000,2405.07,2407.76,2401.73,2407.76,0.565,2026-04-18 04:00:00+00:00,ETH/USDT
1776485100000,2408.56,2409.05,2407.81,2407.81,0.0175,2026-04-18 04:05:00+00:00,ETH/USDT
1776485400000,2408.58,2410.18,2408.58,2410.18,0.0119,2026-04-18 04:10:00+00:00,ETH/USDT
1776485700000,2410.31,2410.31,2408.63,2409.53,0.0088,2026-04-18 04:15:00+00:00,ETH/USDT
1776486000000,2408.06,2408.06,2407.05,2407.05,0.0567,2026-04-18 04:20:00+00:00,ETH/USDT
1776486300000,2406.49,2406.5,2402.82,2402.9,2.0611,2026-04-18 04:25:00+00:00,ETH/USDT
1776486600000,2400.68,2402.99,2400.67,2402.25,0.7295,2026-04-18 04:30:00+00:00,ETH/USDT
1776486900000,2403.38,2407.5,2403.38,2407.5,0.0119,2026-04-18 04:35:00+00:00,ETH/USDT
1776487200000,2407.31,2407.31,2404.11,2404.99,1.1536,2026-04-18 04:40:00+00:00,ETH/USDT
1776487500000,2404.11,2406.89,2404.01,2406.89,0.0723,2026-04-18 04:45:00+00:00,ETH/USDT
1776487800000,2407.13,2408.5,2407.13,2408.5,0.0051,2026-04-18 04:50:00+00:00,ETH/USDT
1776488100000,2407.76,2409.78,2407.76,2409.78,0.0068,2026-04-18 04:55:00+00:00,ETH/USDT
1776488400000,2407.72,2409.84,2407.49,2409.84,0.056,2026-04-18 05:00:00+00:00,ETH/USDT
1776488700000,2410.0,2411.94,2410.0,2411.94,8.0794,2026-04-18 05:05:00+00:00,ETH/USDT
1776489000000,2412.67,2413.24,2412.22,2413.24,0.7588,2026-04-18 05:10:00+00:00,ETH/USDT
1776489300000,2411.17,2411.62,2410.46,2410.93,2.496,2026-04-18 05:15:00+00:00,ETH/USDT
1776489600000,2409.36,2411.36,2409.2,2409.2,0.8891,2026-04-18 05:20:00+00:00,ETH/USDT
1776489900000,2409.36,2410.1,2409.36,2409.67,0.4259,2026-04-18 05:25:00+00:00,ETH/USDT
1776490200000,2407.27,2408.03,2407.27,2407.4,0.7859,2026-04-18 05:30:00+00:00,ETH/USDT
1776490500000,2406.91,2407.26,2405.51,2407.26,1.1704,2026-04-18 05:35:00+00:00,ETH/USDT
1776490800000,2407.12,2407.12,2407.12,2407.12,0.0017,2026-04-18 05:40:00+00:00,ETH/USDT
1776491100000,2407.62,2407.62,2407.62,2407.62,0.0017,2026-04-18 05:45:00+00:00,ETH/USDT
1776491400000,2407.82,2408.28,2407.78,2408.28,0.0086,2026-04-18 05:50:00+00:00,ETH/USDT
1776491700000,2408.45,2408.45,2408.45,2408.45,0.0104,2026-04-18 05:55:00+00:00,ETH/USDT
1776492000000,2408.75,2410.9,2408.75,2410.9,0.011,2026-04-18 06:00:00+00:00,ETH/USDT
1776492300000,2408.73,2409.67,2407.81,2409.67,0.9832,2026-04-18 06:05:00+00:00,ETH/USDT
1776492600000,2409.22,2410.17,2409.22,2410.17,0.0173,2026-04-18 06:10:00+00:00,ETH/USDT
1776492900000,2407.46,2408.49,2407.46,2408.49,0.0129,2026-04-18 06:15:00+00:00,ETH/USDT
1776493200000,2406.72,2406.72,2406.72,2406.72,0.3373,2026-04-18 06:20:00+00:00,ETH/USDT
1776493500000,2406.72,2406.72,2406.72,2406.72,0.0,2026-04-18 06:25:00+00:00,ETH/USDT
1776493800000,2408.5,2410.46,2408.5,2410.46,0.0178,2026-04-18 06:30:00+00:00,ETH/USDT
1776494100000,2411.02,2411.77,2411.02,2411.61,0.0166,2026-04-18 06:35:00+00:00,ETH/USDT
1776494400000,2411.61,2411.61,2411.61,2411.61,0.0,2026-04-18 06:40:00+00:00,ETH/USDT
1776494700000,2411.61,2411.61,2411.61,2411.61,0.0,2026-04-18 06:45:00+00:00,ETH/USDT
1776495000000,2410.1,2410.1,2410.1,2410.1,0.854,2026-04-18 06:50:00+00:00,ETH/USDT
1776495300000,2409.47,2410.12,2409.47,2410.12,0.0057,2026-04-18 06:55:00+00:00,ETH/USDT
1776495600000,2410.12,2410.12,2410.12,2410.12,0.0,2026-04-18 07:00:00+00:00,ETH/USDT
1776495900000,2409.51,2409.51,2409.51,2409.51,0.0083,2026-04-18 07:05:00+00:00,ETH/USDT
1776496200000,2409.12,2409.12,2409.12,2409.12,0.0083,2026-04-18 07:10:00+00:00,ETH/USDT
1776496500000,2409.12,2409.12,2409.12,2409.12,0.0,2026-04-18 07:15:00+00:00,ETH/USDT
1776496800000,2407.05,2407.62,2407.05,2407.62,0.0124,2026-04-18 07:20:00+00:00,ETH/USDT
1776497100000,2407.62,2407.62,2407.62,2407.62,0.0,2026-04-18 07:25:00+00:00,ETH/USDT
1776497400000,2406.35,2406.35,2406.35,2406.35,0.0041,2026-04-18 07:30:00+00:00,ETH/USDT
1776497700000,2406.35,2406.35,2406.35,2406.35,0.0,2026-04-18 07:35:00+00:00,ETH/USDT
1776498000000,2404.17,2404.88,2404.17,2404.88,1.5854,2026-04-18 07:40:00+00:00,ETH/USDT
1776498300000,2404.49,2404.49,2404.49,2404.49,0.0807,2026-04-18 07:45:00+00:00,ETH/USDT
1776498600000,2404.49,2404.49,2404.49,2404.49,0.0,2026-04-18 07:50:00+00:00,ETH/USDT
1776498900000,2404.49,2404.49,2404.49,2404.49,0.0,2026-04-18 07:55:00+00:00,ETH/USDT
1776499200000,2403.26,2403.91,2403.26,2403.6,0.1475,2026-04-18 08:00:00+00:00,ETH/USDT
1776499500000,2401.96,2401.96,2401.96,2401.96,0.0021,2026-04-18 08:05:00+00:00,ETH/USDT
1776499800000,2400.0,2400.0,2399.74,2399.74,0.079,2026-04-18 08:10:00+00:00,ETH/USDT
1776500100000,2397.43,2397.43,2382.88,2392.58,11.9003,2026-04-18 08:15:00+00:00,ETH/USDT
1776500400000,2386.67,2386.67,2381.41,2384.76,1.0739,2026-04-18 08:20:00+00:00,ETH/USDT
1776500700000,2383.68,2383.68,2383.68,2383.68,0.04,2026-04-18 08:25:00+00:00,ETH/USDT
1776501000000,2386.1,2386.1,2377.59,2377.59,0.5166,2026-04-18 08:30:00+00:00,ETH/USDT
1776501300000,2376.55,2377.06,2368.03,2376.16,3.4482,2026-04-18 08:35:00+00:00,ETH/USDT
1776501600000,2374.66,2374.66,2374.66,2374.66,0.021,2026-04-18 08:40:00+00:00,ETH/USDT
1776501900000,2376.77,2376.77,2376.77,2376.77,0.3958,2026-04-18 08:45:00+00:00,ETH/USDT
1776502200000,2376.84,2377.86,2376.84,2377.86,0.0175,2026-04-18 08:50:00+00:00,ETH/USDT
1776502500000,2380.25,2381.82,2379.02,2380.99,1.851,2026-04-18 08:55:00+00:00,ETH/USDT
1776502800000,2380.99,2380.99,2380.99,2380.99,0.0,2026-04-18 09:00:00+00:00,ETH/USDT
1776503100000,2376.91,2377.19,2376.37,2376.37,2.2539,2026-04-18 09:05:00+00:00,ETH/USDT
1776503400000,2370.81,2378.79,2370.81,2378.79,1.6619,2026-04-18 09:10:00+00:00,ETH/USDT
1776503700000,2372.94,2375.12,2370.88,2373.99,3.775,2026-04-18 09:15:00+00:00,ETH/USDT
1776504000000,2374.2,2374.64,2374.09,2374.64,1.8442,2026-04-18 09:20:00+00:00,ETH/USDT
1776504300000,2374.64,2374.64,2374.64,2374.64,0.0,2026-04-18 09:25:00+00:00,ETH/USDT
1776504600000,2378.11,2378.11,2378.11,2378.11,0.2343,2026-04-18 09:30:00+00:00,ETH/USDT
1776504900000,2380.56,2380.56,2380.56,2380.56,0.0025,2026-04-18 09:35:00+00:00,ETH/USDT
1776505200000,2380.56,2380.56,2380.56,2380.56,0.0,2026-04-18 09:40:00+00:00,ETH/USDT
1776505500000,2380.56,2380.56,2380.56,2380.56,0.0,2026-04-18 09:45:00+00:00,ETH/USDT
1776505800000,2374.83,2374.91,2374.26,2374.26,2.8149,2026-04-18 09:50:00+00:00,ETH/USDT
1776506100000,2374.26,2374.26,2374.26,2374.26,0.0,2026-04-18 09:55:00+00:00,ETH/USDT
1776506400000,2368.08,2368.08,2365.63,2365.63,0.8517,2026-04-18 10:00:00+00:00,ETH/USDT
1776506700000,2368.73,2368.73,2356.85,2356.85,5.5876,2026-04-18 10:05:00+00:00,ETH/USDT
1776507000000,2357.12,2360.48,2354.72,2360.48,6.4414,2026-04-18 10:10:00+00:00,ETH/USDT
1776507300000,2361.89,2364.15,2361.89,2364.15,0.4029,2026-04-18 10:15:00+00:00,ETH/USDT
1776507600000,2364.56,2364.56,2360.63,2360.63,2.2334,2026-04-18 10:20:00+00:00,ETH/USDT
1776507900000,2361.48,2361.48,2361.48,2361.48,0.0105,2026-04-18 10:25:00+00:00,ETH/USDT
1776508200000,2361.48,2361.48,2361.48,2361.48,0.0,2026-04-18 10:30:00+00:00,ETH/USDT
1776508500000,2361.48,2361.48,2361.48,2361.48,0.0,2026-04-18 10:35:00+00:00,ETH/USDT
1776508800000,2361.48,2361.48,2361.48,2361.48,0.0,2026-04-18 10:40:00+00:00,ETH/USDT
1776509100000,2361.32,2361.32,2361.32,2361.32,0.2215,2026-04-18 10:45:00+00:00,ETH/USDT
1776509400000,2359.8,2359.8,2359.8,2359.8,0.0237,2026-04-18 10:50:00+00:00,ETH/USDT
1776509700000,2359.8,2359.8,2359.8,2359.8,0.0,2026-04-18 10:55:00+00:00,ETH/USDT
1776510000000,2355.96,2355.96,2355.96,2355.96,0.0056,2026-04-18 11:00:00+00:00,ETH/USDT
1776510300000,2356.7,2356.7,2350.26,2352.87,1.7101,2026-04-18 11:05:00+00:00,ETH/USDT
1776510600000,2358.14,2358.14,2356.31,2356.31,0.276,2026-04-18 11:10:00+00:00,ETH/USDT
1776510900000,2355.57,2355.57,2355.57,2355.57,0.0085,2026-04-18 11:15:00+00:00,ETH/USDT
1776511200000,2358.0,2358.0,2358.0,2358.0,0.9,2026-04-18 11:20:00+00:00,ETH/USDT
1776511500000,2355.78,2355.78,2355.78,2355.78,0.0212,2026-04-18 11:25:00+00:00,ETH/USDT
1776511800000,2355.78,2355.78,2355.78,2355.78,0.0,2026-04-18 11:30:00+00:00,ETH/USDT
1776512100000,2355.07,2355.07,2345.3,2346.28,11.3308,2026-04-18 11:35:00+00:00,ETH/USDT
1776512400000,2344.52,2347.96,2344.21,2346.95,2.5765,2026-04-18 11:40:00+00:00,ETH/USDT
1776512700000,2349.45,2349.45,2349.45,2349.45,0.2042,2026-04-18 11:45:00+00:00,ETH/USDT
1776513000000,2352.2,2354.13,2351.82,2354.13,4.987,2026-04-18 11:50:00+00:00,ETH/USDT
1776513300000,2351.26,2353.14,2351.26,2353.14,0.2705,2026-04-18 11:55:00+00:00,ETH/USDT
1776513600000,2357.39,2358.18,2357.39,2358.18,0.3263,2026-04-18 12:00:00+00:00,ETH/USDT
1776513900000,2357.84,2357.84,2357.84,2357.84,0.0021,2026-04-18 12:05:00+00:00,ETH/USDT
1776514200000,2358.15,2358.15,2358.15,2358.15,0.0021,2026-04-18 12:10:00+00:00,ETH/USDT
1776514500000,2359.94,2361.11,2359.94,2361.11,0.2423,2026-04-18 12:15:00+00:00,ETH/USDT
1776514800000,2361.11,2361.11,2361.11,2361.11,0.0,2026-04-18 12:20:00+00:00,ETH/USDT
1776515100000,2357.16,2357.17,2357.16,2357.17,1.1702,2026-04-18 12:25:00+00:00,ETH/USDT
1776515400000,2355.98,2355.98,2355.2,2355.2,0.0218,2026-04-18 12:30:00+00:00,ETH/USDT
1776515700000,2355.2,2355.2,2355.2,2355.2,0.0,2026-04-18 12:35:00+00:00,ETH/USDT
1776516000000,2353.56,2355.48,2353.56,2355.48,0.053,2026-04-18 12:40:00+00:00,ETH/USDT
1776516300000,2358.62,2358.62,2356.98,2356.98,1.1087,2026-04-18 12:45:00+00:00,ETH/USDT
1776516600000,2358.56,2358.56,2357.25,2357.25,0.2538,2026-04-18 12:50:00+00:00,ETH/USDT
1776516900000,2357.25,2357.25,2357.25,2357.25,0.0,2026-04-18 12:55:00+00:00,ETH/USDT
1776517200000,2356.68,2357.12,2356.68,2356.87,0.0199,2026-04-18 13:00:00+00:00,ETH/USDT
1776517500000,2357.07,2357.87,2357.07,2357.87,0.0135,2026-04-18 13:05:00+00:00,ETH/USDT
1776517800000,2356.66,2356.66,2355.44,2355.44,0.9981,2026-04-18 13:10:00+00:00,ETH/USDT
1776518100000,2355.44,2355.44,2355.44,2355.44,0.0,2026-04-18 13:15:00+00:00,ETH/USDT
1776518400000,2358.67,2358.67,2358.67,2358.67,0.2114,2026-04-18 13:20:00+00:00,ETH/USDT
1776518700000,2356.54,2356.54,2356.54,2356.54,0.0212,2026-04-18 13:25:00+00:00,ETH/USDT
1776519000000,2352.26,2352.26,2351.91,2351.91,1.0185,2026-04-18 13:30:00+00:00,ETH/USDT
1776519300000,2350.0,2350.0,2350.0,2350.0,3.3343,2026-04-18 13:35:00+00:00,ETH/USDT
1776519600000,2347.42,2349.5,2346.95,2349.5,0.5367,2026-04-18 13:40:00+00:00,ETH/USDT
1776519900000,2354.68,2354.68,2354.68,2354.68,0.613,2026-04-18 13:45:00+00:00,ETH/USDT
1776520200000,2356.51,2356.51,2356.51,2356.51,0.2238,2026-04-18 13:50:00+00:00,ETH/USDT
1776520500000,2356.61,2356.61,2356.05,2356.05,0.0635,2026-04-18 13:55:00+00:00,ETH/USDT
1776520800000,2356.91,2356.91,2356.91,2356.91,0.0104,2026-04-18 14:00:00+00:00,ETH/USDT
1776521100000,2355.71,2355.71,2355.71,2355.71,0.0529,2026-04-18 14:05:00+00:00,ETH/USDT
1776521400000,2356.59,2356.59,2356.01,2356.01,0.0591,2026-04-18 14:10:00+00:00,ETH/USDT
1776521700000,2356.01,2356.01,2356.01,2356.01,0.0,2026-04-18 14:15:00+00:00,ETH/USDT
1776522000000,2353.54,2353.54,2353.54,2353.54,0.0025,2026-04-18 14:20:00+00:00,ETH/USDT
1776522300000,2353.54,2353.54,2353.54,2353.54,0.0,2026-04-18 14:25:00+00:00,ETH/USDT
1776522600000,2353.54,2353.54,2353.54,2353.54,0.0,2026-04-18 14:30:00+00:00,ETH/USDT
1776522900000,2353.54,2353.54,2353.54,2353.54,0.0,2026-04-18 14:35:00+00:00,ETH/USDT
1776523200000,2353.54,2353.54,2353.54,2353.54,0.0,2026-04-18 14:40:00+00:00,ETH/USDT
1776523500000,2360.16,2360.16,2360.16,2360.16,0.0492,2026-04-18 14:45:00+00:00,ETH/USDT
1776523800000,2364.42,2364.42,2363.3,2363.66,1.2045,2026-04-18 14:50:00+00:00,ETH/USDT
1776524100000,2364.31,2364.31,2364.31,2364.31,0.224,2026-04-18 14:55:00+00:00,ETH/USDT
1776524400000,2365.32,2369.07,2363.3,2363.3,9.9382,2026-04-18 15:00:00+00:00,ETH/USDT
1776524700000,2363.07,2363.07,2362.46,2362.46,0.019,2026-04-18 15:05:00+00:00,ETH/USDT
1776525000000,2360.31,2360.31,2360.31,2360.31,0.0169,2026-04-18 15:10:00+00:00,ETH/USDT
1776525300000,2363.92,2363.92,2361.29,2361.29,0.0084,2026-04-18 15:15:00+00:00,ETH/USDT
1776525600000,2363.35,2363.35,2363.35,2363.35,0.0042,2026-04-18 15:20:00+00:00,ETH/USDT
1776525900000,2363.35,2363.35,2363.35,2363.35,0.0,2026-04-18 15:25:00+00:00,ETH/USDT
1776526200000,2363.35,2363.35,2363.35,2363.35,0.0,2026-04-18 15:30:00+00:00,ETH/USDT
1776526500000,2363.49,2363.66,2363.49,2363.66,0.464,2026-04-18 15:35:00+00:00,ETH/USDT
1776526800000,2363.66,2363.66,2363.66,2363.66,0.0,2026-04-18 15:40:00+00:00,ETH/USDT
1776527100000,2363.66,2363.66,2363.66,2363.66,0.0,2026-04-18 15:45:00+00:00,ETH/USDT
1776527400000,2360.31,2360.31,2360.31,2360.31,0.2552,2026-04-18 15:50:00+00:00,ETH/USDT
1776527700000,2360.31,2360.31,2360.31,2360.31,0.0,2026-04-18 15:55:00+00:00,ETH/USDT
1776528000000,2360.25,2360.25,2358.27,2358.27,0.0036,2026-04-18 16:00:00+00:00,ETH/USDT
1776528300000,2361.86,2361.86,2361.86,2361.86,0.0013,2026-04-18 16:05:00+00:00,ETH/USDT
1776528600000,2366.05,2366.45,2366.05,2366.45,0.0169,2026-04-18 16:10:00+00:00,ETH/USDT
1776528900000,2366.05,2366.05,2355.17,2361.24,3.6208,2026-04-18 16:15:00+00:00,ETH/USDT
1776529200000,2362.19,2373.49,2362.19,2369.2,4.3926,2026-04-18 16:20:00+00:00,ETH/USDT
1776529500000,2367.7,2369.69,2367.7,2369.69,0.0115,2026-04-18 16:25:00+00:00,ETH/USDT
1776529800000,2369.06,2369.06,2368.39,2368.39,0.0034,2026-04-18 16:30:00+00:00,ETH/USDT
1776530100000,2368.39,2368.39,2368.39,2368.39,0.0,2026-04-18 16:35:00+00:00,ETH/USDT
1776530400000,2365.52,2365.52,2365.52,2365.52,0.013,2026-04-18 16:40:00+00:00,ETH/USDT
1776530700000,2366.51,2366.51,2363.18,2363.18,0.1786,2026-04-18 16:45:00+00:00,ETH/USDT
1776531000000,2360.54,2360.54,2358.35,2358.35,1.0035,2026-04-18 16:50:00+00:00,ETH/USDT
1776531300000,2359.48,2359.48,2359.48,2359.48,0.0049,2026-04-18 16:55:00+00:00,ETH/USDT
1776531600000,2360.32,2360.91,2359.5,2360.91,0.0076,2026-04-18 17:00:00+00:00,ETH/USDT
1776531900000,2360.01,2360.07,2358.95,2360.07,0.259,2026-04-18 17:05:00+00:00,ETH/USDT
1776532200000,2359.83,2361.64,2354.88,2354.88,1.3682,2026-04-18 17:10:00+00:00,ETH/USDT
1776532500000,2359.05,2360.11,2359.05,2359.74,0.7777,2026-04-18 17:15:00+00:00,ETH/USDT
1776532800000,2359.74,2359.74,2359.74,2359.74,0.0,2026-04-18 17:20:00+00:00,ETH/USDT
1776533100000,2359.64,2359.64,2359.64,2359.64,0.7,2026-04-18 17:25:00+00:00,ETH/USDT
1776533400000,2363.42,2363.42,2363.42,2363.42,0.2085,2026-04-18 17:30:00+00:00,ETH/USDT
1776533700000,2364.38,2364.38,2364.38,2364.38,0.0042,2026-04-18 17:35:00+00:00,ETH/USDT
1776534000000,2362.92,2362.92,2361.64,2361.64,0.1501,2026-04-18 17:40:00+00:00,ETH/USDT
1776534300000,2363.75,2363.75,2363.75,2363.75,0.0049,2026-04-18 17:45:00+00:00,ETH/USDT
1776534600000,2363.75,2363.75,2363.75,2363.75,0.0,2026-04-18 17:50:00+00:00,ETH/USDT
1776534900000,2362.4,2362.85,2362.4,2362.85,0.1548,2026-04-18 17:55:00+00:00,ETH/USDT
1776535200000,2360.84,2360.84,2357.17,2357.18,2.4705,2026-04-18 18:00:00+00:00,ETH/USDT
1776535500000,2360.78,2363.88,2360.55,2363.88,0.4245,2026-04-18 18:05:00+00:00,ETH/USDT
1776535800000,2363.58,2363.58,2363.58,2363.58,0.1127,2026-04-18 18:10:00+00:00,ETH/USDT
1776536100000,2357.73,2357.73,2357.73,2357.73,0.0037,2026-04-18 18:15:00+00:00,ETH/USDT
1776536400000,2356.82,2356.92,2356.82,2356.92,0.2617,2026-04-18 18:20:00+00:00,ETH/USDT
1776536700000,2357.81,2357.81,2357.81,2357.81,0.0414,2026-04-18 18:25:00+00:00,ETH/USDT
1776537000000,2352.26,2352.26,2349.0,2349.0,2.6154,2026-04-18 18:30:00+00:00,ETH/USDT
1776537300000,2348.09,2348.09,2348.07,2348.07,0.0258,2026-04-18 18:35:00+00:00,ETH/USDT
1776537600000,2347.48,2347.48,2340.1,2342.13,6.0595,2026-04-18 18:40:00+00:00,ETH/USDT
1776537900000,2348.52,2350.75,2348.52,2350.08,1.2401,2026-04-18 18:45:00+00:00,ETH/USDT
1776538200000,2349.94,2349.94,2349.11,2349.11,2.0,2026-04-18 18:50:00+00:00,ETH/USDT
1776538500000,2345.19,2345.19,2345.19,2345.19,0.2178,2026-04-18 18:55:00+00:00,ETH/USDT
1776538800000,2346.95,2353.95,2346.95,2353.95,1.2446,2026-04-18 19:00:00+00:00,ETH/USDT
1776539100000,2353.86,2353.86,2353.86,2353.86,0.0106,2026-04-18 19:05:00+00:00,ETH/USDT
1776539400000,2354.41,2354.41,2354.41,2354.41,0.0059,2026-04-18 19:10:00+00:00,ETH/USDT
1776539700000,2354.3,2354.3,2354.3,2354.3,0.0094,2026-04-18 19:15:00+00:00,ETH/USDT
1776540000000,2348.53,2348.53,2348.53,2348.53,0.0212,2026-04-18 19:20:00+00:00,ETH/USDT
1776540300000,2349.16,2349.16,2349.16,2349.16,0.0358,2026-04-18 19:25:00+00:00,ETH/USDT
1776540600000,2351.29,2351.29,2349.91,2349.91,0.1358,2026-04-18 19:30:00+00:00,ETH/USDT
1776540900000,2349.91,2349.91,2349.91,2349.91,0.0,2026-04-18 19:35:00+00:00,ETH/USDT
1776541200000,2348.81,2348.81,2347.33,2347.33,0.0837,2026-04-18 19:40:00+00:00,ETH/USDT
1776541500000,2347.33,2347.33,2347.33,2347.33,0.0,2026-04-18 19:45:00+00:00,ETH/USDT
1776541800000,2350.23,2350.23,2347.87,2347.87,0.0823,2026-04-18 19:50:00+00:00,ETH/USDT
1776542100000,2349.73,2349.73,2349.73,2349.73,0.039,2026-04-18 19:55:00+00:00,ETH/USDT
1776542400000,2346.84,2346.95,2346.84,2346.95,0.0085,2026-04-18 20:00:00+00:00,ETH/USDT
1776542700000,2346.4,2349.14,2345.78,2349.13,0.0517,2026-04-18 20:05:00+00:00,ETH/USDT
1776543000000,2349.13,2349.13,2349.13,2349.13,0.0,2026-04-18 20:10:00+00:00,ETH/USDT
1776543300000,2351.44,2351.44,2351.44,2351.44,0.0108,2026-04-18 20:15:00+00:00,ETH/USDT
1776543600000,2351.44,2351.44,2351.44,2351.44,0.0,2026-04-18 20:20:00+00:00,ETH/USDT
1776543900000,2348.9,2349.8,2348.9,2349.36,5.2557,2026-04-18 20:25:00+00:00,ETH/USDT
1776544200000,2350.39,2350.39,2350.39,2350.39,0.0042,2026-04-18 20:30:00+00:00,ETH/USDT
1776544500000,2348.1,2348.1,2348.1,2348.1,0.0583,2026-04-18 20:35:00+00:00,ETH/USDT
1776544800000,2348.1,2348.1,2348.1,2348.1,0.0,2026-04-18 20:40:00+00:00,ETH/USDT
1776545100000,2352.94,2352.94,2352.94,2352.94,0.0106,2026-04-18 20:45:00+00:00,ETH/USDT
1776545400000,2353.94,2353.94,2353.35,2353.35,0.084,2026-04-18 20:50:00+00:00,ETH/USDT
1776545700000,2353.05,2353.05,2352.45,2352.45,1.4818,2026-04-18 20:55:00+00:00,ETH/USDT
1776546000000,2354.48,2355.1,2354.32,2355.1,0.0704,2026-04-18 21:00:00+00:00,ETH/USDT
1776546300000,2354.25,2354.25,2354.25,2354.25,0.0021,2026-04-18 21:05:00+00:00,ETH/USDT
1776546600000,2353.28,2353.28,2353.1,2353.1,0.0775,2026-04-18 21:10:00+00:00,ETH/USDT
1776546900000,2352.53,2352.53,2350.0,2350.0,0.2042,2026-04-18 21:15:00+00:00,ETH/USDT
1776547200000,2350.0,2350.0,2350.0,2350.0,0.0,2026-04-18 21:20:00+00:00,ETH/USDT
1776547500000,2350.0,2350.0,2350.0,2350.0,0.0,2026-04-18 21:25:00+00:00,ETH/USDT
1776547800000,2351.9,2351.9,2351.9,2351.9,0.0212,2026-04-18 21:30:00+00:00,ETH/USDT
1776548100000,2350.33,2350.33,2349.27,2349.27,0.028,2026-04-18 21:35:00+00:00,ETH/USDT
1776548400000,2349.27,2349.27,2349.27,2349.27,0.0,2026-04-18 21:40:00+00:00,ETH/USDT
1776548700000,2353.21,2353.21,2353.21,2353.21,0.0106,2026-04-18 21:45:00+00:00,ETH/USDT
1776549000000,2353.21,2353.21,2353.21,2353.21,0.0,2026-04-18 21:50:00+00:00,ETH/USDT
1776549300000,2353.38,2353.76,2353.38,2353.76,2.1181,2026-04-18 21:55:00+00:00,ETH/USDT
1776549600000,2355.48,2355.48,2353.46,2353.46,0.921,2026-04-18 22:00:00+00:00,ETH/USDT
1776549900000,2351.91,2351.91,2349.03,2349.03,0.0246,2026-04-18 22:05:00+00:00,ETH/USDT
1776550200000,2350.0,2350.82,2349.47,2349.47,12.4244,2026-04-18 22:10:00+00:00,ETH/USDT
1776550500000,2351.15,2351.15,2351.15,2351.15,0.212,2026-04-18 22:15:00+00:00,ETH/USDT
1776550800000,2351.53,2351.53,2351.53,2351.53,0.0106,2026-04-18 22:20:00+00:00,ETH/USDT
1776551100000,2353.35,2353.73,2353.35,2353.73,0.0636,2026-04-18 22:25:00+00:00,ETH/USDT
1776551400000,2354.67,2354.67,2354.67,2354.67,0.0082,2026-04-18 22:30:00+00:00,ETH/USDT
1776551700000,2354.78,2354.78,2354.78,2354.78,1.0608,2026-04-18 22:35:00+00:00,ETH/USDT
1776552000000,2354.27,2354.27,2354.27,2354.27,0.3259,2026-04-18 22:40:00+00:00,ETH/USDT
1776552300000,2354.02,2357.61,2354.02,2357.61,0.4237,2026-04-18 22:45:00+00:00,ETH/USDT
1776552600000,2357.64,2358.1,2357.64,2358.03,5.7735,2026-04-18 22:50:00+00:00,ETH/USDT
1776552900000,2357.29,2357.29,2357.29,2357.29,0.0064,2026-04-18 22:55:00+00:00,ETH/USDT
1776553200000,2356.93,2358.73,2356.93,2358.73,0.2272,2026-04-18 23:00:00+00:00,ETH/USDT
1776553500000,2358.07,2358.07,2358.07,2358.07,0.9,2026-04-18 23:05:00+00:00,ETH/USDT
1776553800000,2357.2,2357.2,2356.53,2356.53,0.0317,2026-04-18 23:10:00+00:00,ETH/USDT
1776554100000,2356.03,2356.03,2356.03,2356.03,0.0427,2026-04-18 23:15:00+00:00,ETH/USDT
1776554400000,2354.69,2355.12,2354.46,2355.12,0.5006,2026-04-18 23:20:00+00:00,ETH/USDT
1776554700000,2355.58,2355.58,2355.58,2355.58,0.0013,2026-04-18 23:25:00+00:00,ETH/USDT
1776555000000,2353.16,2353.16,2353.16,2353.16,0.0046,2026-04-18 23:30:00+00:00,ETH/USDT
1776555300000,2353.16,2353.16,2353.16,2353.16,0.0,2026-04-18 23:35:00+00:00,ETH/USDT
1776555600000,2351.91,2351.91,2351.39,2351.77,0.0053,2026-04-18 23:40:00+00:00,ETH/USDT
1776555900000,2351.77,2351.77,2351.77,2351.77,0.0,2026-04-18 23:45:00+00:00,ETH/USDT
1776556200000,2351.73,2351.73,2351.15,2351.15,0.93,2026-04-18 23:50:00+00:00,ETH/USDT
1776556500000,2350.23,2350.57,2350.23,2350.57,0.1454,2026-04-18 23:55:00+00:00,ETH/USDT
1776556800000,2351.86,2351.86,2350.99,2350.99,2.1202,2026-04-19 00:00:00+00:00,ETH/USDT
1776557100000,2352.24,2354.41,2352.24,2354.41,0.3167,2026-04-19 00:05:00+00:00,ETH/USDT
1776557400000,2355.58,2355.58,2352.06,2352.06,0.0551,2026-04-19 00:10:00+00:00,ETH/USDT
1776557700000,2350.2,2350.53,2350.2,2350.53,0.0129,2026-04-19 00:15:00+00:00,ETH/USDT
1776558000000,2350.53,2350.53,2350.53,2350.53,0.0,2026-04-19 00:20:00+00:00,ETH/USDT
1776558300000,2347.98,2347.98,2347.98,2347.98,0.0106,2026-04-19 00:25:00+00:00,ETH/USDT
1776558600000,2347.98,2347.98,2347.98,2347.98,0.0,2026-04-19 00:30:00+00:00,ETH/USDT
1776558900000,2347.98,2347.98,2347.98,2347.98,0.0,2026-04-19 00:35:00+00:00,ETH/USDT
1776559200000,2345.39,2345.39,2345.39,2345.39,0.0739,2026-04-19 00:40:00+00:00,ETH/USDT
1776559500000,2347.64,2349.69,2347.64,2349.69,2.2152,2026-04-19 00:45:00+00:00,ETH/USDT
1776559800000,2349.25,2349.25,2349.25,2349.25,0.0064,2026-04-19 00:50:00+00:00,ETH/USDT
1776560100000,2349.25,2349.25,2349.25,2349.25,0.0,2026-04-19 00:55:00+00:00,ETH/USDT
1776560400000,2352.98,2352.98,2350.54,2350.54,0.0954,2026-04-19 01:00:00+00:00,ETH/USDT
1776560700000,2350.54,2350.54,2350.54,2350.54,0.0,2026-04-19 01:05:00+00:00,ETH/USDT
1776561000000,2346.43,2347.58,2346.43,2347.58,1.5828,2026-04-19 01:10:00+00:00,ETH/USDT
1776561300000,2346.93,2346.93,2346.93,2346.93,0.047,2026-04-19 01:15:00+00:00,ETH/USDT
1776561600000,2346.93,2346.93,2346.93,2346.93,0.0,2026-04-19 01:20:00+00:00,ETH/USDT
1776561900000,2345.48,2345.99,2345.48,2345.99,0.1023,2026-04-19 01:25:00+00:00,ETH/USDT
1776562200000,2343.81,2344.74,2342.59,2344.48,0.9495,2026-04-19 01:30:00+00:00,ETH/USDT
1776562500000,2345.44,2345.44,2343.78,2343.78,1.3064,2026-04-19 01:35:00+00:00,ETH/USDT
1776562800000,2343.78,2343.78,2343.78,2343.78,0.0,2026-04-19 01:40:00+00:00,ETH/USDT
1776563100000,2343.78,2343.78,2343.78,2343.78,0.0,2026-04-19 01:45:00+00:00,ETH/USDT
1776563400000,2347.81,2348.58,2347.81,2348.58,1.1973,2026-04-19 01:50:00+00:00,ETH/USDT
1776563700000,2349.98,2349.98,2348.54,2348.54,0.4559,2026-04-19 01:55:00+00:00,ETH/USDT
1776564000000,2347.29,2347.29,2347.29,2347.29,0.0085,2026-04-19 02:00:00+00:00,ETH/USDT
1776564300000,2347.29,2347.29,2347.29,2347.29,0.0,2026-04-19 02:05:00+00:00,ETH/USDT
1776564600000,2345.68,2346.57,2345.6,2346.57,0.1564,2026-04-19 02:10:00+00:00,ETH/USDT
1776564900000,2346.04,2346.49,2346.04,2346.49,0.0062,2026-04-19 02:15:00+00:00,ETH/USDT
1776565200000,2341.63,2341.63,2335.42,2336.45,0.6294,2026-04-19 02:20:00+00:00,ETH/USDT
1776565500000,2335.34,2337.7,2331.49,2337.3,1.6728,2026-04-19 02:25:00+00:00,ETH/USDT
1776565800000,2336.48,2336.48,2336.48,2336.48,0.0017,2026-04-19 02:30:00+00:00,ETH/USDT
1776566100000,2336.88,2338.89,2336.88,2338.89,0.0084,2026-04-19 02:35:00+00:00,ETH/USDT
1776566400000,2346.44,2346.44,2346.44,2346.44,0.0046,2026-04-19 02:40:00+00:00,ETH/USDT
1776566700000,2344.48,2344.88,2342.32,2342.32,1.2847,2026-04-19 02:45:00+00:00,ETH/USDT
1776567000000,2342.02,2342.02,2340.19,2340.2,1.7489,2026-04-19 02:50:00+00:00,ETH/USDT
1776567300000,2341.63,2341.63,2338.89,2338.89,0.0021,2026-04-19 02:55:00+00:00,ETH/USDT
1776567600000,2339.25,2339.25,2338.04,2338.04,0.0461,2026-04-19 03:00:00+00:00,ETH/USDT
1776567900000,2337.06,2337.06,2337.06,2337.06,0.0016,2026-04-19 03:05:00+00:00,ETH/USDT
1776568200000,2337.21,2338.97,2337.21,2338.97,0.0211,2026-04-19 03:10:00+00:00,ETH/USDT
1776568500000,2340.02,2340.02,2339.44,2339.44,0.0633,2026-04-19 03:15:00+00:00,ETH/USDT
1776568800000,2340.51,2340.51,2340.51,2340.51,0.0036,2026-04-19 03:20:00+00:00,ETH/USDT
1776569100000,2341.26,2341.26,2341.26,2341.26,0.0397,2026-04-19 03:25:00+00:00,ETH/USDT
1776569400000,2342.25,2342.25,2342.25,2342.25,0.0085,2026-04-19 03:30:00+00:00,ETH/USDT
1776569700000,2342.25,2342.25,2342.25,2342.25,0.0,2026-04-19 03:35:00+00:00,ETH/USDT
1776570000000,2342.24,2342.24,2342.24,2342.24,0.5123,2026-04-19 03:40:00+00:00,ETH/USDT
1776570300000,2342.24,2342.24,2342.24,2342.24,0.0,2026-04-19 03:45:00+00:00,ETH/USDT
1776570600000,2342.24,2342.24,2342.24,2342.24,0.0,2026-04-19 03:50:00+00:00,ETH/USDT
1776570900000,2341.73,2341.73,2341.39,2341.39,0.9713,2026-04-19 03:55:00+00:00,ETH/USDT
1776571200000,2341.47,2341.52,2341.47,2341.52,0.0553,2026-04-19 04:00:00+00:00,ETH/USDT
1776571500000,2341.52,2341.52,2341.52,2341.52,0.0,2026-04-19 04:05:00+00:00,ETH/USDT
1776571800000,2344.28,2346.0,2344.28,2346.0,0.0585,2026-04-19 04:10:00+00:00,ETH/USDT
1776572100000,2345.46,2345.46,2345.46,2345.46,0.0041,2026-04-19 04:15:00+00:00,ETH/USDT
1776572400000,2342.92,2342.92,2342.92,2342.92,0.007,2026-04-19 04:20:00+00:00,ETH/USDT
1776572700000,2343.4,2343.4,2342.11,2342.11,0.0281,2026-04-19 04:25:00+00:00,ETH/USDT
1776573000000,2341.52,2341.52,2336.02,2336.02,3.1182,2026-04-19 04:30:00+00:00,ETH/USDT
1776573300000,2336.02,2336.02,2336.02,2336.02,0.0,2026-04-19 04:35:00+00:00,ETH/USDT
1776573600000,2334.71,2334.71,2322.77,2325.23,3.8998,2026-04-19 04:40:00+00:00,ETH/USDT
1776573900000,2327.96,2327.96,2327.96,2327.96,0.2249,2026-04-19 04:45:00+00:00,ETH/USDT
1776574200000,2330.17,2333.71,2330.13,2333.54,0.033,2026-04-19 04:50:00+00:00,ETH/USDT
1776574500000,2333.54,2333.54,2333.54,2333.54,0.0,2026-04-19 04:55:00+00:00,ETH/USDT
1776574800000,2333.92,2333.92,2333.58,2333.58,0.7513,2026-04-19 05:00:00+00:00,ETH/USDT
1776575100000,2331.2,2331.2,2330.58,2330.58,0.1326,2026-04-19 05:05:00+00:00,ETH/USDT
1776575400000,2331.42,2332.82,2331.42,2332.82,0.0158,2026-04-19 05:10:00+00:00,ETH/USDT
1776575700000,2332.82,2332.82,2332.82,2332.82,0.0,2026-04-19 05:15:00+00:00,ETH/USDT
1776576000000,2332.14,2332.14,2332.14,2332.14,0.0087,2026-04-19 05:20:00+00:00,ETH/USDT
1776576300000,2332.14,2332.14,2332.14,2332.14,0.0,2026-04-19 05:25:00+00:00,ETH/USDT
1776576600000,2333.84,2336.87,2333.84,2336.24,0.0987,2026-04-19 05:30:00+00:00,ETH/USDT
1776576900000,2336.24,2336.24,2336.24,2336.24,0.0,2026-04-19 05:35:00+00:00,ETH/USDT
1776577200000,2336.24,2336.24,2336.24,2336.24,0.0,2026-04-19 05:40:00+00:00,ETH/USDT
1776577500000,2336.24,2336.24,2336.24,2336.24,0.0,2026-04-19 05:45:00+00:00,ETH/USDT
1776577800000,2336.24,2336.24,2336.24,2336.24,0.0,2026-04-19 05:50:00+00:00,ETH/USDT
1776578100000,2336.24,2336.24,2336.24,2336.24,0.0,2026-04-19 05:55:00+00:00,ETH/USDT
1776578400000,2331.11,2331.59,2329.85,2329.85,1.2049,2026-04-19 06:00:00+00:00,ETH/USDT
1776578700000,2332.21,2332.21,2331.15,2331.15,0.7981,2026-04-19 06:05:00+00:00,ETH/USDT
1776579000000,2330.12,2331.46,2328.25,2329.37,0.7128,2026-04-19 06:10:00+00:00,ETH/USDT
1776579300000,2322.77,2327.59,2322.2,2327.59,3.452,2026-04-19 06:15:00+00:00,ETH/USDT
1776579600000,2328.7,2329.62,2328.7,2329.62,1.3245,2026-04-19 06:20:00+00:00,ETH/USDT
1776579900000,2329.62,2329.62,2329.62,2329.62,0.0,2026-04-19 06:25:00+00:00,ETH/USDT
1776580200000,2330.33,2330.33,2330.05,2330.05,0.5723,2026-04-19 06:30:00+00:00,ETH/USDT
1776580500000,2330.05,2330.05,2330.05,2330.05,0.0,2026-04-19 06:35:00+00:00,ETH/USDT
1776580800000,2330.0,2330.5,2330.0,2330.5,1.4084,2026-04-19 06:40:00+00:00,ETH/USDT
1776581100000,2330.5,2330.5,2330.5,2330.5,0.0,2026-04-19 06:45:00+00:00,ETH/USDT
1776581400000,2328.33,2329.69,2328.33,2329.69,0.0157,2026-04-19 06:50:00+00:00,ETH/USDT
1776581700000,2329.69,2329.69,2329.69,2329.69,0.0,2026-04-19 06:55:00+00:00,ETH/USDT
1776582000000,2329.69,2329.69,2329.69,2329.69,0.0,2026-04-19 07:00:00+00:00,ETH/USDT
1776582300000,2322.45,2322.45,2319.54,2319.54,0.3351,2026-04-19 07:05:00+00:00,ETH/USDT
1776582600000,2322.87,2323.11,2322.16,2323.11,1.5227,2026-04-19 07:10:00+00:00,ETH/USDT
1776582900000,2319.54,2319.54,2314.31,2314.31,3.4055,2026-04-19 07:15:00+00:00,ETH/USDT
1776583200000,2313.88,2316.52,2298.03,2306.13,3.9238,2026-04-19 07:20:00+00:00,ETH/USDT
1776583500000,2302.66,2302.66,2302.66,2302.66,0.0005,2026-04-19 07:25:00+00:00,ETH/USDT
1776583800000,2303.86,2305.02,2303.86,2304.58,1.4078,2026-04-19 07:30:00+00:00,ETH/USDT
1776584100000,2306.86,2309.53,2306.86,2309.53,1.3393,2026-04-19 07:35:00+00:00,ETH/USDT
1776584400000,2312.16,2316.37,2312.16,2316.37,8.1685,2026-04-19 07:40:00+00:00,ETH/USDT
1776584700000,2315.32,2315.32,2315.32,2315.32,0.0021,2026-04-19 07:45:00+00:00,ETH/USDT
1776585000000,2313.91,2317.86,2313.91,2317.83,0.2681,2026-04-19 07:50:00+00:00,ETH/USDT
1776585300000,2318.96,2318.96,2318.96,2318.96,0.0241,2026-04-19 07:55:00+00:00,ETH/USDT
1776585600000,2313.82,2313.82,2313.82,2313.82,0.0041,2026-04-19 08:00:00+00:00,ETH/USDT
1776585900000,2313.23,2314.31,2313.23,2314.31,0.0567,2026-04-19 08:05:00+00:00,ETH/USDT
1776586200000,2317.66,2317.91,2317.66,2317.91,0.1015,2026-04-19 08:10:00+00:00,ETH/USDT
1776586500000,2317.52,2317.52,2317.52,2317.52,1.0,2026-04-19 08:15:00+00:00,ETH/USDT
1776586800000,2317.52,2317.52,2317.52,2317.52,0.0,2026-04-19 08:20:00+00:00,ETH/USDT
1776587100000,2317.52,2317.52,2317.52,2317.52,0.0,2026-04-19 08:25:00+00:00,ETH/USDT
1776587400000,2314.52,2314.52,2314.52,2314.52,0.75,2026-04-19 08:30:00+00:00,ETH/USDT
1776587700000,2316.61,2320.44,2316.61,2320.44,0.6562,2026-04-19 08:35:00+00:00,ETH/USDT
1776588000000,2320.44,2320.44,2320.44,2320.44,0.0,2026-04-19 08:40:00+00:00,ETH/USDT
1776588300000,2319.17,2319.17,2319.17,2319.17,0.7121,2026-04-19 08:45:00+00:00,ETH/USDT
1776588600000,2319.93,2319.93,2319.93,2319.93,0.0349,2026-04-19 08:50:00+00:00,ETH/USDT
1776588900000,2317.84,2318.95,2317.78,2318.95,0.0689,2026-04-19 08:55:00+00:00,ETH/USDT
1776589200000,2318.95,2318.95,2318.95,2318.95,0.0,2026-04-19 09:00:00+00:00,ETH/USDT
1776589500000,2318.95,2318.95,2318.95,2318.95,0.0,2026-04-19 09:05:00+00:00,ETH/USDT
1776589800000,2317.58,2317.58,2317.58,2317.58,0.0215,2026-04-19 09:10:00+00:00,ETH/USDT
1776590100000,2315.01,2315.01,2315.01,2315.01,0.0064,2026-04-19 09:15:00+00:00,ETH/USDT
1776590400000,2315.01,2315.01,2315.01,2315.01,0.0,2026-04-19 09:20:00+00:00,ETH/USDT
1776590700000,2315.01,2315.01,2315.01,2315.01,0.0,2026-04-19 09:25:00+00:00,ETH/USDT
1776591000000,2315.64,2315.64,2315.44,2315.44,0.0197,2026-04-19 09:30:00+00:00,ETH/USDT
1776591300000,2310.56,2310.56,2310.56,2310.56,0.0043,2026-04-19 09:35:00+00:00,ETH/USDT
1776591600000,2310.56,2310.56,2310.56,2310.56,0.0,2026-04-19 09:40:00+00:00,ETH/USDT
1776591900000,2307.62,2307.62,2307.62,2307.62,0.2301,2026-04-19 09:45:00+00:00,ETH/USDT
1776592200000,2307.62,2307.62,2307.62,2307.62,0.0,2026-04-19 09:50:00+00:00,ETH/USDT
1776592500000,2310.09,2310.09,2310.09,2310.09,0.0021,2026-04-19 09:55:00+00:00,ETH/USDT
1776592800000,2310.09,2310.09,2310.09,2310.09,0.0,2026-04-19 10:00:00+00:00,ETH/USDT
1776593100000,2310.79,2310.79,2310.79,2310.79,0.013,2026-04-19 10:05:00+00:00,ETH/USDT
1776593400000,2308.82,2308.82,2308.82,2308.82,0.1296,2026-04-19 10:10:00+00:00,ETH/USDT
1776593700000,2308.82,2308.82,2308.82,2308.82,0.0,2026-04-19 10:15:00+00:00,ETH/USDT
1776594000000,2309.91,2309.91,2309.91,2309.91,0.0129,2026-04-19 10:20:00+00:00,ETH/USDT
1776594300000,2309.91,2309.91,2309.91,2309.91,0.0,2026-04-19 10:25:00+00:00,ETH/USDT
1776594600000,2311.65,2311.65,2311.65,2311.65,0.0377,2026-04-19 10:30:00+00:00,ETH/USDT
1776594900000,2311.65,2311.65,2311.65,2311.65,0.0,2026-04-19 10:35:00+00:00,ETH/USDT
1776595200000,2311.65,2311.65,2311.65,2311.65,0.0,2026-04-19 10:40:00+00:00,ETH/USDT
1776595500000,2311.65,2311.65,2311.65,2311.65,0.0,2026-04-19 10:45:00+00:00,ETH/USDT
1776595800000,2311.65,2311.65,2311.65,2311.65,0.0,2026-04-19 10:50:00+00:00,ETH/USDT
1776596100000,2311.65,2311.65,2311.65,2311.65,0.0,2026-04-19 10:55:00+00:00,ETH/USDT
1776596400000,2311.65,2311.65,2311.65,2311.65,0.0,2026-04-19 11:00:00+00:00,ETH/USDT
1776596700000,2320.36,2327.12,2319.6,2327.12,0.6438,2026-04-19 11:05:00+00:00,ETH/USDT
1776597000000,2328.45,2328.45,2328.45,2328.45,0.003,2026-04-19 11:10:00+00:00,ETH/USDT
1776597300000,2327.82,2328.45,2327.81,2328.45,0.0507,2026-04-19 11:15:00+00:00,ETH/USDT
1776597600000,2325.3,2326.24,2325.3,2326.24,0.0184,2026-04-19 11:20:00+00:00,ETH/USDT
1776597900000,2326.24,2326.24,2326.24,2326.24,0.0,2026-04-19 11:25:00+00:00,ETH/USDT
1776598200000,2326.24,2326.24,2326.24,2326.24,0.0,2026-04-19 11:30:00+00:00,ETH/USDT
1776598500000,2326.24,2326.24,2326.24,2326.24,0.0,2026-04-19 11:35:00+00:00,ETH/USDT
1776598800000,2326.04,2326.04,2326.04,2326.04,0.0043,2026-04-19 11:40:00+00:00,ETH/USDT
1776599100000,2329.3,2329.35,2329.3,2329.35,0.5042,2026-04-19 11:45:00+00:00,ETH/USDT
1776599400000,2329.35,2329.35,2329.35,2329.35,0.0,2026-04-19 11:50:00+00:00,ETH/USDT
1776599700000,2329.35,2329.35,2329.35,2329.35,0.0,2026-04-19 11:55:00+00:00,ETH/USDT
1776600000000,2329.11,2331.09,2328.84,2331.09,0.071,2026-04-19 12:00:00+00:00,ETH/USDT
1776600300000,2331.09,2331.09,2331.09,2331.09,0.0,2026-04-19 12:05:00+00:00,ETH/USDT
1776600600000,2331.06,2334.68,2330.17,2334.68,1.2496,2026-04-19 12:10:00+00:00,ETH/USDT
1776600900000,2332.9,2332.9,2332.4,2332.4,0.0368,2026-04-19 12:15:00+00:00,ETH/USDT
1776601200000,2331.94,2331.94,2331.94,2331.94,0.0107,2026-04-19 12:20:00+00:00,ETH/USDT
1776601500000,2331.94,2331.94,2331.94,2331.94,0.0,2026-04-19 12:25:00+00:00,ETH/USDT
1776601800000,2328.97,2329.22,2328.69,2329.22,0.0979,2026-04-19 12:30:00+00:00,ETH/USDT
1776602100000,2329.23,2329.23,2327.7,2327.7,0.1069,2026-04-19 12:35:00+00:00,ETH/USDT
1776602400000,2325.87,2326.76,2324.89,2325.75,0.1726,2026-04-19 12:40:00+00:00,ETH/USDT
1776602700000,2325.75,2325.75,2325.75,2325.75,0.0,2026-04-19 12:45:00+00:00,ETH/USDT
1776603000000,2325.75,2325.75,2325.75,2325.75,0.0,2026-04-19 12:50:00+00:00,ETH/USDT
1776603300000,2332.0,2337.03,2332.0,2332.01,1.181,2026-04-19 12:55:00+00:00,ETH/USDT
1776603600000,2333.1,2336.72,2332.85,2336.72,0.0938,2026-04-19 13:00:00+00:00,ETH/USDT
1776603900000,2337.34,2338.57,2335.79,2337.02,1.2976,2026-04-19 13:05:00+00:00,ETH/USDT
1776604200000,2336.66,2336.66,2335.6,2335.6,0.0347,2026-04-19 13:10:00+00:00,ETH/USDT
1776604500000,2337.39,2343.17,2337.39,2343.17,0.2521,2026-04-19 13:15:00+00:00,ETH/USDT
1776604800000,2342.73,2348.07,2342.73,2344.94,0.8366,2026-04-19 13:20:00+00:00,ETH/USDT
1776605100000,2344.85,2344.85,2342.73,2342.73,0.4879,2026-04-19 13:25:00+00:00,ETH/USDT
1776605400000,2341.74,2341.74,2341.74,2341.74,0.0082,2026-04-19 13:30:00+00:00,ETH/USDT
1776605700000,2339.69,2339.69,2339.69,2339.69,0.1282,2026-04-19 13:35:00+00:00,ETH/USDT
1776606000000,2340.27,2340.27,2340.27,2340.27,0.0011,2026-04-19 13:40:00+00:00,ETH/USDT
1776606300000,2337.63,2338.47,2337.0,2338.47,1.0419,2026-04-19 13:45:00+00:00,ETH/USDT
1776606600000,2338.47,2338.47,2338.47,2338.47,0.0,2026-04-19 13:50:00+00:00,ETH/USDT
1776606900000,2338.47,2338.47,2338.47,2338.47,0.0,2026-04-19 13:55:00+00:00,ETH/USDT
1776607200000,2339.72,2340.05,2338.97,2338.97,0.3572,2026-04-19 14:00:00+00:00,ETH/USDT
1776607500000,2328.86,2329.32,2326.84,2329.32,1.1107,2026-04-19 14:05:00+00:00,ETH/USDT
1776607800000,2330.28,2332.16,2330.28,2332.16,0.0641,2026-04-19 14:10:00+00:00,ETH/USDT
1776608100000,2334.05,2334.05,2334.05,2334.05,0.0013,2026-04-19 14:15:00+00:00,ETH/USDT
1776608400000,2334.03,2334.03,2334.03,2334.03,0.0084,2026-04-19 14:20:00+00:00,ETH/USDT
1776608700000,2335.8,2339.84,2335.8,2339.18,0.5508,2026-04-19 14:25:00+00:00,ETH/USDT
1776609000000,2339.46,2339.46,2335.66,2336.48,0.7976,2026-04-19 14:30:00+00:00,ETH/USDT
1776609300000,2336.87,2336.87,2336.87,2336.87,0.4498,2026-04-19 14:35:00+00:00,ETH/USDT
1776609600000,2336.87,2336.87,2336.87,2336.87,0.0,2026-04-19 14:40:00+00:00,ETH/USDT
1776609900000,2338.8,2342.4,2338.8,2342.18,0.8884,2026-04-19 14:45:00+00:00,ETH/USDT
1776610200000,2341.37,2341.37,2341.37,2341.37,0.0063,2026-04-19 14:50:00+00:00,ETH/USDT
1776610500000,2341.37,2341.37,2341.37,2341.37,0.0,2026-04-19 14:55:00+00:00,ETH/USDT
1776610800000,2334.24,2335.93,2333.2,2335.93,0.1343,2026-04-19 15:00:00+00:00,ETH/USDT
1776611100000,2338.0,2338.0,2337.75,2337.75,0.9156,2026-04-19 15:05:00+00:00,ETH/USDT
1776611400000,2336.51,2336.51,2336.51,2336.51,0.0171,2026-04-19 15:10:00+00:00,ETH/USDT
1776611700000,2336.58,2341.33,2336.58,2339.19,0.2224,2026-04-19 15:15:00+00:00,ETH/USDT
1776612000000,2338.11,2338.11,2334.12,2334.12,0.2376,2026-04-19 15:20:00+00:00,ETH/USDT
1776612300000,2334.16,2334.16,2334.16,2334.16,0.0284,2026-04-19 15:25:00+00:00,ETH/USDT
1776612600000,2334.75,2334.75,2326.32,2328.4,0.9039,2026-04-19 15:30:00+00:00,ETH/USDT
1776612900000,2323.82,2323.82,2316.91,2322.1,0.8687,2026-04-19 15:35:00+00:00,ETH/USDT
1776613200000,2325.39,2326.02,2325.39,2325.66,0.0113,2026-04-19 15:40:00+00:00,ETH/USDT
1776613500000,2325.66,2327.05,2325.66,2327.05,8.2056,2026-04-19 15:45:00+00:00,ETH/USDT
1776613800000,2326.75,2326.75,2326.75,2326.75,0.012,2026-04-19 15:50:00+00:00,ETH/USDT
1776614100000,2326.75,2326.75,2326.75,2326.75,0.0,2026-04-19 15:55:00+00:00,ETH/USDT
1776614400000,2327.95,2331.04,2326.46,2331.04,0.2997,2026-04-19 16:00:00+00:00,ETH/USDT
1776614700000,2328.23,2328.23,2326.69,2326.69,0.0099,2026-04-19 16:05:00+00:00,ETH/USDT
1776615000000,2324.56,2327.02,2324.56,2325.82,1.0823,2026-04-19 16:10:00+00:00,ETH/USDT
1776615300000,2324.79,2325.79,2323.87,2323.87,0.0299,2026-04-19 16:15:00+00:00,ETH/USDT
1776615600000,2321.27,2322.83,2319.83,2322.83,0.1214,2026-04-19 16:20:00+00:00,ETH/USDT
1776615900000,2322.83,2322.83,2322.83,2322.83,0.0,2026-04-19 16:25:00+00:00,ETH/USDT
1776616200000,2320.24,2320.54,2320.24,2320.54,0.1617,2026-04-19 16:30:00+00:00,ETH/USDT
1776616500000,2320.54,2320.54,2320.54,2320.54,0.0,2026-04-19 16:35:00+00:00,ETH/USDT
1776616800000,2320.54,2320.54,2320.54,2320.54,0.0,2026-04-19 16:40:00+00:00,ETH/USDT
1776617100000,2321.19,2322.2,2321.19,2322.2,0.0772,2026-04-19 16:45:00+00:00,ETH/USDT
1776617400000,2315.24,2315.24,2308.72,2309.73,1.2037,2026-04-19 16:50:00+00:00,ETH/USDT
1776617700000,2308.82,2312.84,2305.46,2312.84,1.2594,2026-04-19 16:55:00+00:00,ETH/USDT
1776618000000,2311.37,2311.37,2303.92,2303.92,3.5544,2026-04-19 17:00:00+00:00,ETH/USDT
1776618300000,2302.69,2304.94,2296.86,2304.94,0.822,2026-04-19 17:05:00+00:00,ETH/USDT
1776618600000,2303.62,2305.97,2303.62,2305.97,0.0065,2026-04-19 17:10:00+00:00,ETH/USDT
1776618900000,2310.04,2310.04,2310.04,2310.04,0.0037,2026-04-19 17:15:00+00:00,ETH/USDT
1776619200000,2314.4,2317.43,2314.4,2317.43,0.2265,2026-04-19 17:20:00+00:00,ETH/USDT
1776619500000,2317.43,2317.43,2317.43,2317.43,0.0,2026-04-19 17:25:00+00:00,ETH/USDT
1776619800000,2317.43,2317.43,2317.43,2317.43,0.0,2026-04-19 17:30:00+00:00,ETH/USDT
1776620100000,2317.43,2317.43,2317.43,2317.43,0.0,2026-04-19 17:35:00+00:00,ETH/USDT
1776620400000,2317.43,2317.43,2317.43,2317.43,0.0,2026-04-19 17:40:00+00:00,ETH/USDT
1776620700000,2309.72,2309.72,2306.65,2306.65,0.2434,2026-04-19 17:45:00+00:00,ETH/USDT
1776621000000,2300.43,2300.43,2295.74,2297.65,1.6646,2026-04-19 17:50:00+00:00,ETH/USDT
1776621300000,2299.3,2299.3,2295.69,2295.69,0.2112,2026-04-19 17:55:00+00:00,ETH/USDT
1776621600000,2295.85,2297.19,2290.6,2293.68,6.5067,2026-04-19 18:00:00+00:00,ETH/USDT
1776621900000,2294.68,2298.97,2294.68,2298.97,0.2742,2026-04-19 18:05:00+00:00,ETH/USDT
1776622200000,2298.88,2298.88,2297.45,2297.63,0.8915,2026-04-19 18:10:00+00:00,ETH/USDT
1776622500000,2295.66,2295.66,2295.66,2295.66,0.2417,2026-04-19 18:15:00+00:00,ETH/USDT
1776622800000,2294.98,2295.93,2292.33,2292.33,1.9039,2026-04-19 18:20:00+00:00,ETH/USDT
1776623100000,2292.16,2297.68,2290.4,2296.8,2.7345,2026-04-19 18:25:00+00:00,ETH/USDT
1776623400000,2298.2,2298.2,2296.52,2296.52,0.458,2026-04-19 18:30:00+00:00,ETH/USDT
1776623700000,2293.13,2293.13,2293.13,2293.13,0.2391,2026-04-19 18:35:00+00:00,ETH/USDT
1776624000000,2292.87,2292.87,2291.95,2291.95,0.2443,2026-04-19 18:40:00+00:00,ETH/USDT
1776624300000,2290.39,2290.39,2288.89,2290.05,0.627,2026-04-19 18:45:00+00:00,ETH/USDT
1776624600000,2293.32,2296.37,2293.32,2293.78,1.2617,2026-04-19 18:50:00+00:00,ETH/USDT
1776624900000,2295.0,2295.0,2295.0,2295.0,1.0833,2026-04-19 18:55:00+00:00,ETH/USDT
1776625200000,2299.78,2301.33,2297.8,2297.8,1.3347,2026-04-19 19:00:00+00:00,ETH/USDT
1776625500000,2298.06,2299.29,2298.06,2298.13,0.0721,2026-04-19 19:05:00+00:00,ETH/USDT
1776625800000,2300.09,2300.09,2300.09,2300.09,0.2151,2026-04-19 19:10:00+00:00,ETH/USDT
1776626100000,2300.42,2300.42,2300.42,2300.42,0.0022,2026-04-19 19:15:00+00:00,ETH/USDT
1776626400000,2300.87,2300.87,2300.41,2300.41,0.4899,2026-04-19 19:20:00+00:00,ETH/USDT
1776626700000,2298.63,2298.63,2298.63,2298.63,0.0016,2026-04-19 19:25:00+00:00,ETH/USDT
1776627000000,2300.09,2301.36,2297.5,2297.5,1.1258,2026-04-19 19:30:00+00:00,ETH/USDT
1776627300000,2296.39,2296.69,2296.39,2296.69,0.0918,2026-04-19 19:35:00+00:00,ETH/USDT
1776627600000,2296.69,2296.69,2296.69,2296.69,0.0,2026-04-19 19:40:00+00:00,ETH/USDT
1776627900000,2297.84,2298.76,2297.84,2297.84,18.2165,2026-04-19 19:45:00+00:00,ETH/USDT
1776628200000,2298.47,2298.47,2298.47,2298.47,0.0057,2026-04-19 19:50:00+00:00,ETH/USDT
1776628500000,2298.11,2298.11,2298.11,2298.11,0.0614,2026-04-19 19:55:00+00:00,ETH/USDT
1776628800000,2292.76,2292.76,2292.29,2292.29,0.0263,2026-04-19 20:00:00+00:00,ETH/USDT
1776629100000,2291.77,2292.78,2291.77,2292.78,0.5181,2026-04-19 20:05:00+00:00,ETH/USDT
1776629400000,2294.59,2294.59,2294.59,2294.59,0.7731,2026-04-19 20:10:00+00:00,ETH/USDT
1776629700000,2294.31,2294.31,2294.31,2294.31,0.0075,2026-04-19 20:15:00+00:00,ETH/USDT
1776630000000,2294.31,2294.31,2294.31,2294.31,0.0,2026-04-19 20:20:00+00:00,ETH/USDT
1776630300000,2289.73,2289.73,2289.73,2289.73,0.9,2026-04-19 20:25:00+00:00,ETH/USDT
1776630600000,2289.73,2289.73,2289.73,2289.73,0.0,2026-04-19 20:30:00+00:00,ETH/USDT
1776630900000,2295.81,2295.81,2295.11,2295.11,0.0118,2026-04-19 20:35:00+00:00,ETH/USDT
1776631200000,2287.63,2287.63,2276.89,2276.89,11.881,2026-04-19 20:40:00+00:00,ETH/USDT
1776631500000,2282.75,2283.62,2274.78,2275.94,4.4715,2026-04-19 20:45:00+00:00,ETH/USDT
1776631800000,2279.73,2285.65,2279.73,2285.65,3.0532,2026-04-19 20:50:00+00:00,ETH/USDT
1776632100000,2284.11,2284.11,2283.52,2283.52,2.5705,2026-04-19 20:55:00+00:00,ETH/USDT
1776632400000,2281.45,2281.45,2280.25,2280.55,1.1932,2026-04-19 21:00:00+00:00,ETH/USDT
1776632700000,2282.12,2282.78,2282.12,2282.78,0.007,2026-04-19 21:05:00+00:00,ETH/USDT
1776633000000,2284.79,2284.79,2282.72,2282.72,4.2847,2026-04-19 21:10:00+00:00,ETH/USDT
1776633300000,2284.21,2284.21,2281.05,2281.05,2.384,2026-04-19 21:15:00+00:00,ETH/USDT
1776633600000,2281.73,2284.24,2281.73,2284.24,0.0079,2026-04-19 21:20:00+00:00,ETH/USDT
1776633900000,2287.32,2287.79,2287.32,2287.79,0.0274,2026-04-19 21:25:00+00:00,ETH/USDT
1776634200000,2287.94,2287.94,2287.94,2287.94,0.018,2026-04-19 21:30:00+00:00,ETH/USDT
1776634500000,2289.29,2289.65,2289.29,2289.65,0.0089,2026-04-19 21:35:00+00:00,ETH/USDT
1776634800000,2288.58,2288.58,2288.58,2288.58,0.4383,2026-04-19 21:40:00+00:00,ETH/USDT
1776635100000,2289.51,2289.51,2289.43,2289.43,0.0199,2026-04-19 21:45:00+00:00,ETH/USDT
1776635400000,2279.46,2279.46,2279.1,2279.1,0.4434,2026-04-19 21:50:00+00:00,ETH/USDT
1776635700000,2275.94,2275.94,2275.94,2275.94,1.5576,2026-04-19 21:55:00+00:00,ETH/USDT
1776636000000,2274.97,2274.97,2253.54,2258.45,17.4794,2026-04-19 22:00:00+00:00,ETH/USDT
1776636300000,2259.45,2270.5,2259.45,2266.66,0.2823,2026-04-19 22:05:00+00:00,ETH/USDT
1776636600000,2268.8,2268.8,2261.51,2261.51,1.9342,2026-04-19 22:10:00+00:00,ETH/USDT
1776636900000,2257.18,2257.31,2253.54,2253.81,0.2559,2026-04-19 22:15:00+00:00,ETH/USDT
1776637200000,2258.4,2258.87,2255.29,2256.22,3.683,2026-04-19 22:20:00+00:00,ETH/USDT
1776637500000,2261.14,2264.45,2261.14,2264.45,1.068,2026-04-19 22:25:00+00:00,ETH/USDT
1776637800000,2264.0,2269.08,2264.0,2265.01,3.4749,2026-04-19 22:30:00+00:00,ETH/USDT
1776638100000,2270.71,2270.84,2269.36,2270.84,0.5247,2026-04-19 22:35:00+00:00,ETH/USDT
1776638400000,2271.39,2272.75,2271.36,2272.75,0.2593,2026-04-19 22:40:00+00:00,ETH/USDT
1776638700000,2272.99,2274.45,2272.99,2273.54,0.2332,2026-04-19 22:45:00+00:00,ETH/USDT
1776639000000,2274.77,2274.77,2273.48,2273.48,1.9543,2026-04-19 22:50:00+00:00,ETH/USDT
1776639300000,2274.78,2274.78,2272.33,2272.33,0.0526,2026-04-19 22:55:00+00:00,ETH/USDT
1776639600000,2267.42,2267.42,2263.01,2263.19,0.4878,2026-04-19 23:00:00+00:00,ETH/USDT
1776639900000,2262.73,2263.64,2262.33,2262.84,0.2421,2026-04-19 23:05:00+00:00,ETH/USDT
1776640200000,2261.88,2265.05,2261.88,2265.05,0.2548,2026-04-19 23:10:00+00:00,ETH/USDT
1776640500000,2260.37,2265.37,2257.44,2265.26,0.7013,2026-04-19 23:15:00+00:00,ETH/USDT
1776640800000,2264.11,2264.11,2262.24,2262.24,1.0033,2026-04-19 23:20:00+00:00,ETH/USDT
1776641100000,2264.17,2264.17,2263.69,2263.69,0.2556,2026-04-19 23:25:00+00:00,ETH/USDT
1776641400000,2265.05,2266.25,2263.1,2263.66,0.0571,2026-04-19 23:30:00+00:00,ETH/USDT
1776641700000,2263.14,2268.66,2263.14,2266.88,0.849,2026-04-19 23:35:00+00:00,ETH/USDT
1776642000000,2266.64,2266.65,2266.44,2266.44,0.0579,2026-04-19 23:40:00+00:00,ETH/USDT
1776642300000,2265.44,2266.26,2265.44,2266.03,1.4567,2026-04-19 23:45:00+00:00,ETH/USDT
1776642600000,2265.7,2269.18,2265.7,2266.44,0.2445,2026-04-19 23:50:00+00:00,ETH/USDT
1776642900000,2264.23,2264.23,2263.1,2263.1,0.2095,2026-04-19 23:55:00+00:00,ETH/USDT
1776643200000,2263.76,2274.01,2259.54,2273.63,1.9113,2026-04-20 00:00:00+00:00,ETH/USDT
1776643500000,2270.83,2270.83,2268.75,2270.28,2.3153,2026-04-20 00:05:00+00:00,ETH/USDT
1776643800000,2271.19,2271.64,2271.19,2271.64,0.0036,2026-04-20 00:10:00+00:00,ETH/USDT
1776644100000,2272.11,2274.78,2271.01,2271.01,0.2084,2026-04-20 00:15:00+00:00,ETH/USDT
1776644400000,2271.24,2275.69,2270.97,2275.52,0.4846,2026-04-20 00:20:00+00:00,ETH/USDT
1776644700000,2277.38,2277.38,2273.22,2276.51,0.6738,2026-04-20 00:25:00+00:00,ETH/USDT
1776645000000,2275.45,2279.17,2274.83,2278.51,11.4272,2026-04-20 00:30:00+00:00,ETH/USDT
1776645300000,2277.22,2277.22,2273.26,2273.26,0.0356,2026-04-20 00:35:00+00:00,ETH/USDT
1776645600000,2276.03,2276.03,2275.47,2275.82,0.2766,2026-04-20 00:40:00+00:00,ETH/USDT
1776645900000,2275.47,2279.91,2275.47,2279.54,0.0517,2026-04-20 00:45:00+00:00,ETH/USDT
1776646200000,2279.09,2283.29,2279.09,2281.62,14.3802,2026-04-20 00:50:00+00:00,ETH/USDT
1776646500000,2281.2,2281.2,2281.2,2281.2,0.0699,2026-04-20 00:55:00+00:00,ETH/USDT
1776646800000,2280.54,2280.54,2280.54,2280.54,0.0234,2026-04-20 01:00:00+00:00,ETH/USDT
1776647100000,2280.43,2284.35,2278.97,2284.35,0.0931,2026-04-20 01:05:00+00:00,ETH/USDT
1776647400000,2284.35,2284.35,2284.35,2284.35,0.0,2026-04-20 01:10:00+00:00,ETH/USDT
1776647700000,2284.52,2284.52,2280.69,2281.03,0.4862,2026-04-20 01:15:00+00:00,ETH/USDT
1776648000000,2280.2,2280.2,2280.2,2280.2,0.2351,2026-04-20 01:20:00+00:00,ETH/USDT
1776648300000,2281.2,2281.2,2281.2,2281.2,0.0437,2026-04-20 01:25:00+00:00,ETH/USDT
1776648600000,2282.1,2294.56,2281.2,2294.56,6.4778,2026-04-20 01:30:00+00:00,ETH/USDT
1776648900000,2291.0,2291.0,2289.73,2289.73,0.0457,2026-04-20 01:35:00+00:00,ETH/USDT
1776649200000,2290.89,2292.07,2290.89,2292.07,0.361,2026-04-20 01:40:00+00:00,ETH/USDT
1776649500000,2291.4,2292.8,2291.4,2292.8,0.2443,2026-04-20 01:45:00+00:00,ETH/USDT
1776649800000,2289.88,2289.88,2289.88,2289.88,0.2361,2026-04-20 01:50:00+00:00,ETH/USDT
1776650100000,2286.88,2286.88,2285.83,2285.83,0.0241,2026-04-20 01:55:00+00:00,ETH/USDT
1776650400000,2284.08,2285.22,2284.08,2284.08,0.7032,2026-04-20 02:00:00+00:00,ETH/USDT
1776650700000,2284.4,2284.4,2282.68,2283.81,0.0308,2026-04-20 02:05:00+00:00,ETH/USDT
1776651000000,2282.26,2282.26,2274.78,2276.12,0.0751,2026-04-20 02:10:00+00:00,ETH/USDT
1776651300000,2274.85,2279.26,2272.75,2277.95,0.2718,2026-04-20 02:15:00+00:00,ETH/USDT
1776651600000,2277.38,2277.46,2276.02,2277.46,1.394,2026-04-20 02:20:00+00:00,ETH/USDT
1776651900000,2276.88,2278.47,2276.88,2278.47,0.2626,2026-04-20 02:25:00+00:00,ETH/USDT
1776652200000,2276.93,2276.93,2276.32,2276.32,0.2411,2026-04-20 02:30:00+00:00,ETH/USDT
1776652500000,2279.4,2279.4,2277.62,2277.62,1.3371,2026-04-20 02:35:00+00:00,ETH/USDT
1776652800000,2277.62,2277.62,2277.62,2277.62,0.0,2026-04-20 02:40:00+00:00,ETH/USDT
1776653100000,2278.41,2279.15,2277.77,2279.15,3.0008,2026-04-20 02:45:00+00:00,ETH/USDT
1776653400000,2280.67,2280.67,2279.72,2279.72,0.2337,2026-04-20 02:50:00+00:00,ETH/USDT
1776653700000,2279.72,2279.72,2279.72,2279.72,0.0,2026-04-20 02:55:00+00:00,ETH/USDT
1776654000000,2278.65,2278.65,2277.95,2278.19,0.0483,2026-04-20 03:00:00+00:00,ETH/USDT
1776654300000,2278.19,2278.19,2278.19,2278.19,0.0043,2026-04-20 03:05:00+00:00,ETH/USDT
1776654600000,2278.55,2281.79,2278.55,2281.79,0.0262,2026-04-20 03:10:00+00:00,ETH/USDT
1776654900000,2282.24,2283.31,2279.52,2279.52,0.0114,2026-04-20 03:15:00+00:00,ETH/USDT
1776655200000,2279.63,2283.62,2279.63,2280.7,2.0146,2026-04-20 03:20:00+00:00,ETH/USDT
1776655500000,2280.7,2280.7,2280.7,2280.7,0.0,2026-04-20 03:25:00+00:00,ETH/USDT
1776655800000,2280.7,2280.7,2280.7,2280.7,0.0,2026-04-20 03:30:00+00:00,ETH/USDT
1776656100000,2280.62,2280.62,2280.62,2280.62,0.2191,2026-04-20 03:35:00+00:00,ETH/USDT
1776656400000,2280.62,2280.62,2280.62,2280.62,0.0,2026-04-20 03:40:00+00:00,ETH/USDT
1776656700000,2281.42,2281.42,2281.4,2281.4,0.494,2026-04-20 03:45:00+00:00,ETH/USDT
1776657000000,2280.81,2286.55,2280.81,2286.55,0.4887,2026-04-20 03:50:00+00:00,ETH/USDT
1776657300000,2286.69,2287.82,2286.39,2286.84,0.8197,2026-04-20 03:55:00+00:00,ETH/USDT
1776657600000,2285.96,2285.96,2284.41,2284.41,0.0283,2026-04-20 04:00:00+00:00,ETH/USDT
1776657900000,2282.69,2283.9,2282.69,2283.9,0.0513,2026-04-20 04:05:00+00:00,ETH/USDT
1776658200000,2283.78,2284.17,2283.78,2284.17,0.0059,2026-04-20 04:10:00+00:00,ETH/USDT
1776658500000,2284.01,2284.01,2283.13,2283.13,0.0147,2026-04-20 04:15:00+00:00,ETH/USDT
1776658800000,2281.26,2281.26,2280.8,2280.8,0.598,2026-04-20 04:20:00+00:00,ETH/USDT
1776659100000,2281.67,2281.67,2281.33,2281.67,0.0045,2026-04-20 04:25:00+00:00,ETH/USDT
1776659400000,2280.3,2280.3,2280.3,2280.3,0.2431,2026-04-20 04:30:00+00:00,ETH/USDT
1776659700000,2280.3,2280.3,2280.3,2280.3,0.0,2026-04-20 04:35:00+00:00,ETH/USDT
1776660000000,2280.3,2280.3,2280.3,2280.3,0.0,2026-04-20 04:40:00+00:00,ETH/USDT
1776660300000,2282.16,2284.3,2282.16,2284.05,0.019,2026-04-20 04:45:00+00:00,ETH/USDT
1776660600000,2284.68,2285.42,2284.68,2285.42,0.0036,2026-04-20 04:50:00+00:00,ETH/USDT
1776660900000,2285.42,2285.42,2285.42,2285.42,0.0,2026-04-20 04:55:00+00:00,ETH/USDT
1776661200000,2281.55,2281.55,2277.8,2277.8,0.0488,2026-04-20 05:00:00+00:00,ETH/USDT
1776661500000,2277.8,2277.8,2277.8,2277.8,0.0,2026-04-20 05:05:00+00:00,ETH/USDT
1776661800000,2272.75,2272.75,2269.67,2271.63,0.0498,2026-04-20 05:10:00+00:00,ETH/USDT
1776662100000,2268.6,2268.6,2268.6,2268.6,0.0287,2026-04-20 05:15:00+00:00,ETH/USDT
1776662400000,2267.21,2267.21,2267.21,2267.21,0.0129,2026-04-20 05:20:00+00:00,ETH/USDT
1776662700000,2265.68,2265.68,2265.68,2265.68,0.0022,2026-04-20 05:25:00+00:00,ETH/USDT
1776663000000,2267.72,2268.02,2267.72,2268.02,0.0094,2026-04-20 05:30:00+00:00,ETH/USDT
1776663300000,2268.7,2269.69,2268.7,2269.69,0.0054,2026-04-20 05:35:00+00:00,ETH/USDT
1776663600000,2269.69,2269.69,2269.69,2269.69,0.0,2026-04-20 05:40:00+00:00,ETH/USDT
1776663900000,2269.69,2269.69,2269.69,2269.69,0.0,2026-04-20 05:45:00+00:00,ETH/USDT
1776664200000,2268.67,2271.03,2268.67,2271.03,0.0266,2026-04-20 05:50:00+00:00,ETH/USDT
1776664500000,2271.45,2272.04,2271.45,2272.04,0.0036,2026-04-20 05:55:00+00:00,ETH/USDT
1776664800000,2270.93,2276.58,2270.93,2276.58,0.0359,2026-04-20 06:00:00+00:00,ETH/USDT
1776665100000,2273.89,2273.89,2273.89,2273.89,0.0024,2026-04-20 06:05:00+00:00,ETH/USDT
1776665400000,2270.9,2270.9,2270.9,2270.9,0.3363,2026-04-20 06:10:00+00:00,ETH/USDT
1776665700000,2270.63,2270.63,2268.97,2268.97,0.2402,2026-04-20 06:15:00+00:00,ETH/USDT
1776666000000,2272.57,2272.57,2272.57,2272.57,0.0614,2026-04-20 06:20:00+00:00,ETH/USDT
1776666300000,2275.46,2275.46,2275.46,2275.46,0.0044,2026-04-20 06:25:00+00:00,ETH/USDT
1776666600000,2277.7,2280.26,2276.88,2279.78,0.0231,2026-04-20 06:30:00+00:00,ETH/USDT
1776666900000,2279.18,2279.18,2279.18,2279.18,0.0219,2026-04-20 06:35:00+00:00,ETH/USDT
1776667200000,2280.95,2288.26,2280.95,2287.37,0.5622,2026-04-20 06:40:00+00:00,ETH/USDT
1776667500000,2284.11,2287.18,2282.01,2287.18,0.0224,2026-04-20 06:45:00+00:00,ETH/USDT
1776667800000,2282.05,2282.05,2282.05,2282.05,0.001,2026-04-20 06:50:00+00:00,ETH/USDT
1776668100000,2283.01,2283.01,2282.52,2282.52,0.0363,2026-04-20 06:55:00+00:00,ETH/USDT
1776668400000,2286.92,2288.68,2286.15,2286.15,0.1759,2026-04-20 07:00:00+00:00,ETH/USDT
1776668700000,2283.77,2284.53,2283.77,2284.53,0.0129,2026-04-20 07:05:00+00:00,ETH/USDT
1776669000000,2287.31,2288.62,2287.31,2288.62,0.0045,2026-04-20 07:10:00+00:00,ETH/USDT
1776669300000,2288.7,2290.07,2288.7,2290.07,0.0632,2026-04-20 07:15:00+00:00,ETH/USDT
1776669600000,2290.4,2331.77,2290.4,2324.94,9.9167,2026-04-20 07:20:00+00:00,ETH/USDT
1776669900000,2323.78,2326.03,2314.4,2315.58,1.1651,2026-04-20 07:25:00+00:00,ETH/USDT
1776670200000,2315.88,2316.84,2304.77,2307.51,1.6474,2026-04-20 07:30:00+00:00,ETH/USDT
1776670500000,2303.15,2303.15,2296.3,2296.3,0.0843,2026-04-20 07:35:00+00:00,ETH/USDT
1776670800000,2298.86,2298.86,2298.28,2298.28,0.4146,2026-04-20 07:40:00+00:00,ETH/USDT
1776671100000,2295.96,2299.84,2295.11,2295.11,1.0449,2026-04-20 07:45:00+00:00,ETH/USDT
1776671400000,2294.82,2294.82,2288.93,2288.93,0.3454,2026-04-20 07:50:00+00:00,ETH/USDT
1776671700000,2287.4,2287.63,2287.4,2287.53,2.0062,2026-04-20 07:55:00+00:00,ETH/USDT
1776672000000,2298.24,2298.24,2297.79,2297.79,0.0672,2026-04-20 08:00:00+00:00,ETH/USDT
1776672300000,2291.32,2296.01,2291.32,2293.3,6.4522,2026-04-20 08:05:00+00:00,ETH/USDT
1776672600000,2296.67,2302.39,2296.67,2302.39,0.0284,2026-04-20 08:10:00+00:00,ETH/USDT
1776672900000,2300.35,2307.96,2300.35,2307.96,0.4587,2026-04-20 08:15:00+00:00,ETH/USDT
1776673200000,2306.93,2306.93,2302.02,2302.02,1.1748,2026-04-20 08:20:00+00:00,ETH/USDT
1776673500000,2296.3,2296.3,2295.45,2295.45,0.0123,2026-04-20 08:25:00+00:00,ETH/USDT
1776673800000,2297.1,2299.08,2297.1,2299.08,0.6749,2026-04-20 08:30:00+00:00,ETH/USDT
1776674100000,2299.08,2299.08,2299.08,2299.08,0.0,2026-04-20 08:35:00+00:00,ETH/USDT
1776674400000,2295.2,2295.2,2295.2,2295.2,0.0286,2026-04-20 08:40:00+00:00,ETH/USDT
1776674700000,2293.44,2295.77,2293.44,2294.83,1.723,2026-04-20 08:45:00+00:00,ETH/USDT
1776675000000,2291.43,2293.22,2291.43,2293.22,0.014,2026-04-20 08:50:00+00:00,ETH/USDT
1776675300000,2293.19,2294.88,2292.87,2294.88,8.521,2026-04-20 08:55:00+00:00,ETH/USDT
1776675600000,2295.06,2295.84,2295.06,2295.84,0.3401,2026-04-20 09:00:00+00:00,ETH/USDT
1776675900000,2296.59,2306.91,2296.59,2305.65,0.8041,2026-04-20 09:05:00+00:00,ETH/USDT
1776676200000,2300.68,2300.68,2300.68,2300.68,0.2198,2026-04-20 09:10:00+00:00,ETH/USDT
1776676500000,2302.55,2302.55,2302.55,2302.55,0.0272,2026-04-20 09:15:00+00:00,ETH/USDT
1776676800000,2302.55,2302.55,2302.55,2302.55,0.0,2026-04-20 09:20:00+00:00,ETH/USDT
1776677100000,2302.55,2302.55,2302.55,2302.55,0.0,2026-04-20 09:25:00+00:00,ETH/USDT
1776677400000,2302.55,2302.55,2302.55,2302.55,0.0,2026-04-20 09:30:00+00:00,ETH/USDT
1776677700000,2306.0,2312.67,2305.93,2312.67,0.068,2026-04-20 09:35:00+00:00,ETH/USDT
1776678000000,2312.34,2313.77,2312.34,2313.77,0.1397,2026-04-20 09:40:00+00:00,ETH/USDT
1776678300000,2313.0,2313.0,2313.0,2313.0,0.0431,2026-04-20 09:45:00+00:00,ETH/USDT
1776678600000,2310.45,2310.69,2310.45,2310.69,8.6786,2026-04-20 09:50:00+00:00,ETH/USDT
1776678900000,2310.73,2310.73,2307.83,2307.83,1.7768,2026-04-20 09:55:00+00:00,ETH/USDT
1776679200000,2307.83,2307.83,2307.83,2307.83,0.0,2026-04-20 10:00:00+00:00,ETH/USDT
1776679500000,2314.04,2315.94,2313.12,2315.61,0.773,2026-04-20 10:05:00+00:00,ETH/USDT
1776679800000,2316.0,2318.75,2315.33,2315.33,2.1832,2026-04-20 10:10:00+00:00,ETH/USDT
1776680100000,2317.39,2319.82,2317.39,2319.82,0.0043,2026-04-20 10:15:00+00:00,ETH/USDT
1776680400000,2315.5,2315.5,2315.5,2315.5,0.1149,2026-04-20 10:20:00+00:00,ETH/USDT
1776680700000,2316.59,2316.59,2315.67,2315.67,0.9852,2026-04-20 10:25:00+00:00,ETH/USDT
1776681000000,2310.0,2310.0,2310.0,2310.0,0.0036,2026-04-20 10:30:00+00:00,ETH/USDT
1776681300000,2308.38,2308.38,2308.38,2308.38,0.2363,2026-04-20 10:35:00+00:00,ETH/USDT
1776681600000,2308.38,2308.38,2308.38,2308.38,0.0,2026-04-20 10:40:00+00:00,ETH/USDT
1776681900000,2308.36,2309.11,2307.83,2307.83,0.6029,2026-04-20 10:45:00+00:00,ETH/USDT
1776682200000,2307.83,2307.83,2307.83,2307.83,0.0,2026-04-20 10:50:00+00:00,ETH/USDT
1776682500000,2307.83,2307.83,2307.83,2307.83,0.0,2026-04-20 10:55:00+00:00,ETH/USDT
1776682800000,2303.94,2303.94,2300.43,2302.65,0.2621,2026-04-20 11:00:00+00:00,ETH/USDT
1776683100000,2307.99,2307.99,2307.99,2307.99,0.0043,2026-04-20 11:05:00+00:00,ETH/USDT
1776683400000,2306.59,2306.59,2306.59,2306.59,0.003,2026-04-20 11:10:00+00:00,ETH/USDT
1776683700000,2309.71,2311.57,2309.51,2309.51,0.0279,2026-04-20 11:15:00+00:00,ETH/USDT
1776684000000,2309.51,2309.51,2309.51,2309.51,0.0,2026-04-20 11:20:00+00:00,ETH/USDT
1776684300000,2308.21,2308.21,2308.21,2308.21,0.216,2026-04-20 11:25:00+00:00,ETH/USDT
1776684600000,2303.46,2307.37,2303.15,2307.37,0.5187,2026-04-20 11:30:00+00:00,ETH/USDT
1776684900000,2305.6,2308.98,2305.6,2308.98,0.4258,2026-04-20 11:35:00+00:00,ETH/USDT
1776685200000,2307.66,2307.66,2307.66,2307.66,0.0047,2026-04-20 11:40:00+00:00,ETH/USDT
1776685500000,2308.85,2312.83,2308.61,2312.83,3.19,2026-04-20 11:45:00+00:00,ETH/USDT
1776685800000,2312.83,2312.83,2312.83,2312.83,0.0,2026-04-20 11:50:00+00:00,ETH/USDT
1776686100000,2312.83,2312.83,2312.83,2312.83,0.0,2026-04-20 11:55:00+00:00,ETH/USDT
1776686400000,2307.15,2309.0,2305.41,2309.0,0.7726,2026-04-20 12:00:00+00:00,ETH/USDT
1776686700000,2313.01,2313.01,2313.01,2313.01,0.0018,2026-04-20 12:05:00+00:00,ETH/USDT
1776687000000,2313.89,2314.29,2313.51,2313.51,0.1167,2026-04-20 12:10:00+00:00,ETH/USDT
1776687300000,2311.69,2316.69,2311.69,2316.69,0.0771,2026-04-20 12:15:00+00:00,ETH/USDT
1776687600000,2317.06,2322.77,2317.06,2319.79,0.5551,2026-04-20 12:20:00+00:00,ETH/USDT
1776687900000,2315.16,2315.16,2315.16,2315.16,0.3255,2026-04-20 12:25:00+00:00,ETH/USDT
1776688200000,2315.71,2318.19,2315.71,2318.19,6.6981,2026-04-20 12:30:00+00:00,ETH/USDT
1776688500000,2314.29,2314.29,2308.7,2310.97,2.9999,2026-04-20 12:35:00+00:00,ETH/USDT
1776688800000,2308.3,2311.12,2307.14,2311.12,2.6469,2026-04-20 12:40:00+00:00,ETH/USDT
1776689100000,2313.75,2315.4,2313.75,2315.4,0.0213,2026-04-20 12:45:00+00:00,ETH/USDT
1776689400000,2316.77,2318.02,2315.44,2316.89,2.6988,2026-04-20 12:50:00+00:00,ETH/USDT
1776689700000,2317.74,2319.73,2316.08,2319.13,2.6717,2026-04-20 12:55:00+00:00,ETH/USDT
1776690000000,2318.22,2318.22,2315.34,2315.73,0.0245,2026-04-20 13:00:00+00:00,ETH/USDT
1776690300000,2316.71,2325.88,2314.68,2324.47,17.3896,2026-04-20 13:05:00+00:00,ETH/USDT
1776690600000,2319.37,2319.37,2319.37,2319.37,0.0193,2026-04-20 13:10:00+00:00,ETH/USDT
1776690900000,2321.42,2321.42,2314.29,2314.29,0.2372,2026-04-20 13:15:00+00:00,ETH/USDT
1776691200000,2313.85,2313.85,2313.09,2313.09,0.536,2026-04-20 13:20:00+00:00,ETH/USDT
1776691500000,2310.45,2311.62,2310.45,2311.62,2.2848,2026-04-20 13:25:00+00:00,ETH/USDT
1776691800000,2315.98,2315.98,2302.65,2313.99,6.0592,2026-04-20 13:30:00+00:00,ETH/USDT
1776692100000,2313.61,2315.7,2313.25,2314.49,0.6525,2026-04-20 13:35:00+00:00,ETH/USDT
1776692400000,2311.42,2311.42,2311.42,2311.42,0.4308,2026-04-20 13:40:00+00:00,ETH/USDT
1776692700000,2316.04,2316.67,2307.14,2307.14,0.0121,2026-04-20 13:45:00+00:00,ETH/USDT
1776693000000,2305.05,2305.09,2305.05,2305.09,0.2847,2026-04-20 13:50:00+00:00,ETH/USDT
1776693300000,2309.4,2314.29,2309.4,2314.19,0.2109,2026-04-20 13:55:00+00:00,ETH/USDT
1776693600000,2307.14,2307.14,2307.14,2307.14,0.005,2026-04-20 14:00:00+00:00,ETH/USDT
1776693900000,2308.25,2308.25,2300.0,2300.0,1.0026,2026-04-20 14:05:00+00:00,ETH/USDT
1776694200000,2300.07,2300.07,2296.17,2299.71,3.1575,2026-04-20 14:10:00+00:00,ETH/USDT
1776694500000,2306.35,2308.15,2302.99,2303.59,4.0406,2026-04-20 14:15:00+00:00,ETH/USDT
1776694800000,2308.52,2317.07,2308.52,2314.77,1.8146,2026-04-20 14:20:00+00:00,ETH/USDT
1776695100000,2320.0,2321.43,2309.83,2309.83,1.879,2026-04-20 14:25:00+00:00,ETH/USDT
1776695400000,2311.49,2312.78,2311.49,2312.78,0.8528,2026-04-20 14:30:00+00:00,ETH/USDT
1776695700000,2307.14,2307.14,2306.77,2307.09,1.3053,2026-04-20 14:35:00+00:00,ETH/USDT
1776696000000,2305.46,2305.46,2294.0,2300.44,0.6305,2026-04-20 14:40:00+00:00,ETH/USDT
1776696300000,2302.95,2303.84,2301.57,2303.84,1.3028,2026-04-20 14:45:00+00:00,ETH/USDT
1776696600000,2303.87,2303.87,2291.33,2297.24,3.1921,2026-04-20 14:50:00+00:00,ETH/USDT
1776696900000,2290.07,2290.63,2283.43,2290.63,1.0359,2026-04-20 14:55:00+00:00,ETH/USDT
1776697200000,2290.44,2290.44,2279.16,2284.44,1.7096,2026-04-20 15:00:00+00:00,ETH/USDT
1776697500000,2284.99,2285.3,2279.92,2285.05,1.0055,2026-04-20 15:05:00+00:00,ETH/USDT
1776697800000,2288.18,2293.91,2288.18,2288.97,0.7236,2026-04-20 15:10:00+00:00,ETH/USDT
1776698100000,2294.19,2298.88,2294.19,2298.88,0.5622,2026-04-20 15:15:00+00:00,ETH/USDT
1776698400000,2296.75,2313.44,2296.75,2309.19,6.3255,2026-04-20 15:20:00+00:00,ETH/USDT
1776698700000,2312.15,2318.71,2312.15,2314.76,0.7272,2026-04-20 15:25:00+00:00,ETH/USDT
1776699000000,2311.02,2311.02,2307.14,2309.62,0.4823,2026-04-20 15:30:00+00:00,ETH/USDT
1776699300000,2310.73,2312.04,2307.14,2311.7,12.3265,2026-04-20 15:35:00+00:00,ETH/USDT
1776699600000,2311.35,2311.65,2311.35,2311.65,0.4462,2026-04-20 15:40:00+00:00,ETH/USDT
1776699900000,2307.53,2311.56,2307.22,2307.22,0.2347,2026-04-20 15:45:00+00:00,ETH/USDT
1776700200000,2310.01,2310.96,2310.01,2310.96,0.0036,2026-04-20 15:50:00+00:00,ETH/USDT
1776700500000,2311.5,2314.19,2311.5,2314.19,0.822,2026-04-20 15:55:00+00:00,ETH/USDT
1776700800000,2314.19,2314.29,2309.31,2311.6,0.8785,2026-04-20 16:00:00+00:00,ETH/USDT
1776701100000,2310.43,2310.43,2306.56,2306.56,0.0067,2026-04-20 16:05:00+00:00,ETH/USDT
1776701400000,2307.58,2308.37,2307.58,2308.37,0.0162,2026-04-20 16:10:00+00:00,ETH/USDT
1776701700000,2304.09,2304.43,2300.43,2300.6,0.264,2026-04-20 16:15:00+00:00,ETH/USDT
1776702000000,2305.72,2307.28,2302.45,2302.45,0.0268,2026-04-20 16:20:00+00:00,ETH/USDT
1776702300000,2302.45,2302.45,2302.45,2302.45,0.0,2026-04-20 16:25:00+00:00,ETH/USDT
1776702600000,2304.03,2305.55,2302.48,2305.47,0.2457,2026-04-20 16:30:00+00:00,ETH/USDT
1776702900000,2305.47,2305.47,2305.47,2305.47,0.0,2026-04-20 16:35:00+00:00,ETH/USDT
1776703200000,2300.87,2308.47,2300.87,2306.31,0.2493,2026-04-20 16:40:00+00:00,ETH/USDT
1776703500000,2307.42,2309.35,2307.42,2309.35,0.0686,2026-04-20 16:45:00+00:00,ETH/USDT
1776703800000,2300.0,2300.91,2300.0,2300.91,0.0577,2026-04-20 16:50:00+00:00,ETH/USDT
1776704100000,2300.91,2300.91,2300.91,2300.91,0.0,2026-04-20 16:55:00+00:00,ETH/USDT
1776704400000,2300.7,2304.49,2299.91,2303.9,0.8,2026-04-20 17:00:00+00:00,ETH/USDT
1776704700000,2305.09,2312.04,2305.09,2312.04,0.305,2026-04-20 17:05:00+00:00,ETH/USDT
1776705000000,2312.61,2314.82,2312.19,2314.68,0.1204,2026-04-20 17:10:00+00:00,ETH/USDT
1776705300000,2314.21,2322.72,2314.21,2322.34,0.2269,2026-04-20 17:15:00+00:00,ETH/USDT
1776705600000,2318.68,2318.68,2316.84,2317.03,0.2566,2026-04-20 17:20:00+00:00,ETH/USDT
1776705900000,2314.29,2314.95,2314.14,2314.95,0.0086,2026-04-20 17:25:00+00:00,ETH/USDT
1776706200000,2308.23,2309.72,2308.07,2309.72,0.284,2026-04-20 17:30:00+00:00,ETH/USDT
1776706500000,2311.2,2315.32,2310.72,2315.32,0.8131,2026-04-20 17:35:00+00:00,ETH/USDT
1776706800000,2317.07,2317.07,2314.72,2314.91,0.0933,2026-04-20 17:40:00+00:00,ETH/USDT
1776707100000,2312.28,2320.0,2312.28,2320.0,0.0241,2026-04-20 17:45:00+00:00,ETH/USDT
1776707400000,2320.0,2321.43,2318.65,2320.41,2.2844,2026-04-20 17:50:00+00:00,ETH/USDT
1776707700000,2320.41,2320.41,2320.41,2320.41,0.0,2026-04-20 17:55:00+00:00,ETH/USDT
1776708000000,2319.09,2330.01,2319.09,2325.08,4.5404,2026-04-20 18:00:00+00:00,ETH/USDT
1776708300000,2325.6,2330.23,2325.6,2330.23,0.2352,2026-04-20 18:05:00+00:00,ETH/USDT
1776708600000,2328.49,2332.2,2328.49,2331.92,1.9391,2026-04-20 18:10:00+00:00,ETH/USDT
1776708900000,2330.83,2333.7,2330.83,2333.7,0.0751,2026-04-20 18:15:00+00:00,ETH/USDT
1776709200000,2333.7,2335.71,2330.27,2330.72,2.9638,2026-04-20 18:20:00+00:00,ETH/USDT
1776709500000,2329.25,2329.25,2327.0,2328.99,1.0067,2026-04-20 18:25:00+00:00,ETH/USDT
1776709800000,2326.41,2330.86,2326.41,2330.46,2.6002,2026-04-20 18:30:00+00:00,ETH/USDT
1776710100000,2330.36,2330.77,2325.34,2326.34,3.4277,2026-04-20 18:35:00+00:00,ETH/USDT
1776710400000,2326.34,2341.45,2326.34,2335.52,22.3969,2026-04-20 18:40:00+00:00,ETH/USDT
1776710700000,2331.7,2331.7,2330.39,2330.97,1.0895,2026-04-20 18:45:00+00:00,ETH/USDT
1776711000000,2335.27,2337.7,2335.27,2336.65,1.0446,2026-04-20 18:50:00+00:00,ETH/USDT
1776711300000,2334.66,2343.31,2334.66,2335.71,4.556,2026-04-20 18:55:00+00:00,ETH/USDT
1776711600000,2334.65,2334.65,2331.18,2331.9,3.0994,2026-04-20 19:00:00+00:00,ETH/USDT
1776711900000,2332.24,2333.9,2332.24,2333.9,0.3489,2026-04-20 19:05:00+00:00,ETH/USDT
1776712200000,2334.31,2334.31,2333.28,2333.28,1.5428,2026-04-20 19:10:00+00:00,ETH/USDT
1776712500000,2330.27,2330.27,2330.17,2330.17,0.2454,2026-04-20 19:15:00+00:00,ETH/USDT
1776712800000,2328.57,2328.57,2327.34,2328.47,0.0456,2026-04-20 19:20:00+00:00,ETH/USDT
1776713100000,2328.47,2328.47,2328.47,2328.47,0.0,2026-04-20 19:25:00+00:00,ETH/USDT
1776713400000,2328.75,2328.75,2327.94,2327.94,0.2827,2026-04-20 19:30:00+00:00,ETH/USDT
1776713700000,2330.33,2330.33,2330.12,2330.12,0.0061,2026-04-20 19:35:00+00:00,ETH/USDT
1776714000000,2328.23,2328.23,2328.23,2328.23,0.0232,2026-04-20 19:40:00+00:00,ETH/USDT
1776714300000,2329.41,2329.41,2329.05,2329.05,0.2288,2026-04-20 19:45:00+00:00,ETH/USDT
1776714600000,2330.67,2331.05,2330.67,2331.05,0.0036,2026-04-20 19:50:00+00:00,ETH/USDT
1776714900000,2331.04,2334.17,2331.04,2333.52,0.0178,2026-04-20 19:55:00+00:00,ETH/USDT
1776715200000,2331.13,2332.01,2328.54,2331.95,0.6279,2026-04-20 20:00:00+00:00,ETH/USDT
1776715500000,2333.13,2333.15,2333.13,2333.15,0.0163,2026-04-20 20:05:00+00:00,ETH/USDT
1776715800000,2332.59,2332.59,2332.59,2332.59,0.4958,2026-04-20 20:10:00+00:00,ETH/USDT
1776716100000,2331.8,2338.73,2331.8,2338.73,3.8058,2026-04-20 20:15:00+00:00,ETH/USDT
1776716400000,2336.06,2339.52,2336.06,2339.52,0.9861,2026-04-20 20:20:00+00:00,ETH/USDT
1776716700000,2335.21,2335.21,2335.21,2335.21,0.0017,2026-04-20 20:25:00+00:00,ETH/USDT
1776717000000,2335.21,2335.21,2335.21,2335.21,0.0,2026-04-20 20:30:00+00:00,ETH/USDT
1776717300000,2335.21,2335.21,2335.21,2335.21,0.0,2026-04-20 20:35:00+00:00,ETH/USDT
1776717600000,2328.82,2328.82,2327.77,2328.71,0.0457,2026-04-20 20:40:00+00:00,ETH/USDT
1776717900000,2327.78,2337.59,2327.78,2337.59,5.5215,2026-04-20 20:45:00+00:00,ETH/USDT
1776718200000,2334.86,2335.99,2334.86,2335.4,0.6608,2026-04-20 20:50:00+00:00,ETH/USDT
1776718500000,2338.14,2339.39,2338.14,2339.39,0.0241,2026-04-20 20:55:00+00:00,ETH/USDT
1776718800000,2338.33,2341.86,2335.68,2339.17,1.7653,2026-04-20 21:00:00+00:00,ETH/USDT
1776719100000,2342.59,2346.66,2333.87,2333.87,4.5185,2026-04-20 21:05:00+00:00,ETH/USDT
1776719400000,2330.97,2331.67,2321.43,2321.43,5.0262,2026-04-20 21:10:00+00:00,ETH/USDT
1776719700000,2325.44,2325.44,2317.05,2317.64,1.6486,2026-04-20 21:15:00+00:00,ETH/USDT
1776720000000,2320.28,2321.12,2320.28,2321.12,0.9608,2026-04-20 21:20:00+00:00,ETH/USDT
1776720300000,2318.7,2319.88,2318.7,2319.88,0.027,2026-04-20 21:25:00+00:00,ETH/USDT
1776720600000,2317.54,2317.54,2317.54,2317.54,0.003,2026-04-20 21:30:00+00:00,ETH/USDT
1776720900000,2320.91,2322.04,2319.89,2319.89,0.5066,2026-04-20 21:35:00+00:00,ETH/USDT
1776721200000,2319.22,2319.22,2319.22,2319.22,0.2019,2026-04-20 21:40:00+00:00,ETH/USDT
1776721500000,2317.52,2317.66,2317.52,2317.66,1.7041,2026-04-20 21:45:00+00:00,ETH/USDT
1776721800000,2322.58,2322.58,2322.58,2322.58,0.0138,2026-04-20 21:50:00+00:00,ETH/USDT
1776722100000,2322.36,2323.15,2321.66,2321.66,0.0365,2026-04-20 21:55:00+00:00,ETH/USDT
1776722400000,2323.62,2326.11,2323.11,2324.59,0.2491,2026-04-20 22:00:00+00:00,ETH/USDT
1776722700000,2325.02,2328.57,2325.02,2325.2,2.1803,2026-04-20 22:05:00+00:00,ETH/USDT
1776723000000,2324.69,2324.69,2324.69,2324.69,0.0159,2026-04-20 22:10:00+00:00,ETH/USDT
1776723300000,2324.69,2324.69,2324.69,2324.69,0.0,2026-04-20 22:15:00+00:00,ETH/USDT
1776723600000,2317.0,2317.0,2317.0,2317.0,0.4498,2026-04-20 22:20:00+00:00,ETH/USDT
1776723900000,2319.1,2319.1,2319.1,2319.1,0.043,2026-04-20 22:25:00+00:00,ETH/USDT
1776724200000,2321.67,2321.67,2321.67,2321.67,0.2147,2026-04-20 22:30:00+00:00,ETH/USDT
1776724500000,2323.94,2323.94,2323.94,2323.94,0.0009,2026-04-20 22:35:00+00:00,ETH/USDT
1776724800000,2319.8,2320.65,2319.8,2320.65,0.0083,2026-04-20 22:40:00+00:00,ETH/USDT
1776725100000,2321.47,2321.47,2321.47,2321.47,0.0018,2026-04-20 22:45:00+00:00,ETH/USDT
1776725400000,2321.47,2321.47,2321.47,2321.47,0.0,2026-04-20 22:50:00+00:00,ETH/USDT
1776725700000,2321.47,2321.47,2321.47,2321.47,0.0,2026-04-20 22:55:00+00:00,ETH/USDT
1776726000000,2317.71,2317.71,2312.88,2314.01,1.6762,2026-04-20 23:00:00+00:00,ETH/USDT
1776726300000,2311.83,2311.84,2311.83,2311.84,0.0286,2026-04-20 23:05:00+00:00,ETH/USDT
1776726600000,2312.04,2312.29,2312.04,2312.29,0.0494,2026-04-20 23:10:00+00:00,ETH/USDT
1776726900000,2310.7,2311.87,2309.19,2309.68,0.0895,2026-04-20 23:15:00+00:00,ETH/USDT
1776727200000,2311.98,2312.64,2311.98,2312.64,0.0061,2026-04-20 23:20:00+00:00,ETH/USDT
1776727500000,2311.21,2311.21,2307.94,2307.94,0.2706,2026-04-20 23:25:00+00:00,ETH/USDT
1776727800000,2310.26,2310.26,2310.26,2310.26,0.2547,2026-04-20 23:30:00+00:00,ETH/USDT
1776728100000,2312.99,2313.94,2312.99,2313.94,0.0054,2026-04-20 23:35:00+00:00,ETH/USDT
1776728400000,2312.73,2314.94,2312.73,2314.94,0.0601,2026-04-20 23:40:00+00:00,ETH/USDT
1776728700000,2314.94,2314.94,2314.94,2314.94,0.0,2026-04-20 23:45:00+00:00,ETH/USDT
1776729000000,2314.94,2314.94,2314.94,2314.94,0.0,2026-04-20 23:50:00+00:00,ETH/USDT
1776729300000,2313.97,2313.97,2313.97,2313.97,0.004,2026-04-20 23:55:00+00:00,ETH/USDT
1776729600000,2314.97,2317.28,2314.45,2317.01,0.6885,2026-04-21 00:00:00+00:00,ETH/USDT
1776729900000,2314.95,2315.07,2314.62,2315.07,0.8157,2026-04-21 00:05:00+00:00,ETH/USDT
1776730200000,2317.04,2317.04,2317.04,2317.04,0.0431,2026-04-21 00:10:00+00:00,ETH/USDT
1776730500000,2315.58,2315.58,2315.58,2315.58,0.0172,2026-04-21 00:15:00+00:00,ETH/USDT
1776730800000,2315.52,2315.52,2315.52,2315.52,0.2565,2026-04-21 00:20:00+00:00,ETH/USDT
1776731100000,2315.52,2315.52,2315.52,2315.52,0.0,2026-04-21 00:25:00+00:00,ETH/USDT
1776731400000,2317.45,2317.5,2317.45,2317.5,0.0036,2026-04-21 00:30:00+00:00,ETH/USDT
1776731700000,2316.89,2318.92,2316.89,2318.9,0.0436,2026-04-21 00:35:00+00:00,ETH/USDT
1776732000000,2316.87,2316.87,2316.87,2316.87,0.0772,2026-04-21 00:40:00+00:00,ETH/USDT
1776732300000,2319.04,2324.12,2319.04,2324.12,1.9004,2026-04-21 00:45:00+00:00,ETH/USDT
1776732600000,2318.12,2318.12,2318.12,2318.12,0.0216,2026-04-21 00:50:00+00:00,ETH/USDT
1776732900000,2320.17,2320.17,2320.17,2320.17,0.0034,2026-04-21 00:55:00+00:00,ETH/USDT
1776733200000,2319.66,2321.99,2319.66,2321.33,0.0068,2026-04-21 01:00:00+00:00,ETH/USDT
1776733500000,2322.43,2326.4,2322.43,2326.4,0.0754,2026-04-21 01:05:00+00:00,ETH/USDT
1776733800000,2326.4,2326.4,2326.4,2326.4,0.0,2026-04-21 01:10:00+00:00,ETH/USDT
1776734100000,2320.83,2320.83,2320.83,2320.83,0.0042,2026-04-21 01:15:00+00:00,ETH/USDT
1776734400000,2320.83,2320.83,2320.83,2320.83,0.0,2026-04-21 01:20:00+00:00,ETH/USDT
1776734700000,2319.27,2320.26,2319.27,2320.21,0.2384,2026-04-21 01:25:00+00:00,ETH/USDT
1776735000000,2320.21,2320.21,2320.21,2320.21,0.0,2026-04-21 01:30:00+00:00,ETH/USDT
1776735300000,2321.66,2322.52,2321.66,2322.52,0.0045,2026-04-21 01:35:00+00:00,ETH/USDT
1776735600000,2320.51,2320.51,2320.51,2320.51,0.0079,2026-04-21 01:40:00+00:00,ETH/USDT
1776735900000,2320.51,2320.51,2320.51,2320.51,0.0,2026-04-21 01:45:00+00:00,ETH/USDT
1776736200000,2321.2,2321.2,2316.11,2316.42,0.2841,2026-04-21 01:50:00+00:00,ETH/USDT
1776736500000,2315.53,2315.53,2312.62,2315.26,0.0726,2026-04-21 01:55:00+00:00,ETH/USDT
1776736800000,2315.43,2315.43,2307.15,2310.91,35.5295,2026-04-21 02:00:00+00:00,ETH/USDT
1776737100000,2309.07,2309.95,2309.07,2309.95,0.0072,2026-04-21 02:05:00+00:00,ETH/USDT
1776737400000,2310.23,2311.04,2309.55,2310.35,0.2343,2026-04-21 02:10:00+00:00,ETH/USDT
1776737700000,2309.89,2311.94,2309.89,2311.42,0.9165,2026-04-21 02:15:00+00:00,ETH/USDT
1776738000000,2310.15,2310.15,2310.15,2310.15,0.002,2026-04-21 02:20:00+00:00,ETH/USDT
1776738300000,2307.14,2307.14,2306.26,2306.26,0.0092,2026-04-21 02:25:00+00:00,ETH/USDT
1776738600000,2312.35,2312.87,2312.35,2312.87,0.0036,2026-04-21 02:30:00+00:00,ETH/USDT
1776738900000,2311.03,2311.03,2311.03,2311.03,0.0108,2026-04-21 02:35:00+00:00,ETH/USDT
1776739200000,2309.98,2309.98,2309.98,2309.98,0.0022,2026-04-21 02:40:00+00:00,ETH/USDT
1776739500000,2306.93,2306.93,2306.93,2306.93,0.0092,2026-04-21 02:45:00+00:00,ETH/USDT
1776739800000,2308.83,2308.83,2308.67,2308.67,0.0065,2026-04-21 02:50:00+00:00,ETH/USDT
1776740100000,2309.9,2309.9,2309.9,2309.9,0.0242,2026-04-21 02:55:00+00:00,ETH/USDT
1776740400000,2307.42,2307.8,2302.22,2302.22,0.7395,2026-04-21 03:00:00+00:00,ETH/USDT
1776740700000,2304.68,2305.54,2304.68,2305.54,0.0071,2026-04-21 03:05:00+00:00,ETH/USDT
1776741000000,2304.01,2306.26,2304.01,2306.26,0.006,2026-04-21 03:10:00+00:00,ETH/USDT
1776741300000,2303.92,2306.4,2303.92,2305.98,0.0165,2026-04-21 03:15:00+00:00,ETH/USDT
1776741600000,2302.03,2302.92,2300.43,2302.92,0.0177,2026-04-21 03:20:00+00:00,ETH/USDT
1776741900000,2303.29,2307.16,2303.29,2306.09,0.7178,2026-04-21 03:25:00+00:00,ETH/USDT
1776742200000,2307.36,2309.63,2307.36,2309.63,0.233,2026-04-21 03:30:00+00:00,ETH/USDT
1776742500000,2309.63,2309.63,2309.63,2309.63,0.0,2026-04-21 03:35:00+00:00,ETH/USDT
1776742800000,2303.66,2304.97,2303.66,2304.97,0.0057,2026-04-21 03:40:00+00:00,ETH/USDT
1776743100000,2304.97,2304.97,2304.97,2304.97,0.0,2026-04-21 03:45:00+00:00,ETH/USDT
1776743400000,2310.31,2312.42,2310.31,2312.42,0.0072,2026-04-21 03:50:00+00:00,ETH/USDT
1776743700000,2312.42,2312.42,2312.42,2312.42,0.0,2026-04-21 03:55:00+00:00,ETH/USDT
1776744000000,2311.33,2311.33,2311.33,2311.33,0.0086,2026-04-21 04:00:00+00:00,ETH/USDT
1776744300000,2311.33,2311.33,2311.33,2311.33,0.0,2026-04-21 04:05:00+00:00,ETH/USDT
1776744600000,2307.86,2308.87,2306.87,2306.87,0.0173,2026-04-21 04:10:00+00:00,ETH/USDT
1776744900000,2306.87,2306.87,2306.87,2306.87,0.0,2026-04-21 04:15:00+00:00,ETH/USDT
1776745200000,2305.22,2305.94,2305.22,2305.94,0.0045,2026-04-21 04:20:00+00:00,ETH/USDT
1776745500000,2306.33,2310.76,2306.33,2310.76,0.8963,2026-04-21 04:25:00+00:00,ETH/USDT
1776745800000,2308.0,2308.78,2308.0,2308.78,0.2168,2026-04-21 04:30:00+00:00,ETH/USDT
1776746100000,2309.77,2309.77,2309.77,2309.77,0.0019,2026-04-21 04:35:00+00:00,ETH/USDT
1776746400000,2308.93,2308.93,2308.31,2308.31,0.0034,2026-04-21 04:40:00+00:00,ETH/USDT
1776746700000,2310.83,2310.83,2310.83,2310.83,0.0587,2026-04-21 04:45:00+00:00,ETH/USDT
1776747000000,2311.12,2314.29,2311.08,2312.83,0.009,2026-04-21 04:50:00+00:00,ETH/USDT
1776747300000,2312.67,2316.25,2312.46,2316.25,0.0467,2026-04-21 04:55:00+00:00,ETH/USDT
1776747600000,2316.38,2317.55,2315.38,2315.38,0.0049,2026-04-21 05:00:00+00:00,ETH/USDT
1776747900000,2317.88,2320.34,2317.88,2319.65,0.0089,2026-04-21 05:05:00+00:00,ETH/USDT
1776748200000,2318.0,2318.42,2315.88,2318.42,0.9856,2026-04-21 05:10:00+00:00,ETH/USDT
1776748500000,2316.97,2316.97,2316.97,2316.97,0.0076,2026-04-21 05:15:00+00:00,ETH/USDT
1776748800000,2316.97,2316.97,2316.97,2316.97,0.0,2026-04-21 05:20:00+00:00,ETH/USDT
1776749100000,2318.35,2318.35,2318.35,2318.35,0.0429,2026-04-21 05:25:00+00:00,ETH/USDT
1776749400000,2314.45,2314.45,2314.45,2314.45,0.0017,2026-04-21 05:30:00+00:00,ETH/USDT
1776749700000,2314.92,2316.02,2314.92,2315.4,0.0054,2026-04-21 05:35:00+00:00,ETH/USDT
1776750000000,2315.8,2316.29,2315.8,2316.29,0.0362,2026-04-21 05:40:00+00:00,ETH/USDT
1776750300000,2313.45,2314.01,2313.45,2314.01,0.0036,2026-04-21 05:45:00+00:00,ETH/USDT
1776750600000,2314.01,2314.01,2314.01,2314.01,0.0,2026-04-21 05:50:00+00:00,ETH/USDT
1776750900000,2314.33,2315.02,2314.33,2315.02,0.0036,2026-04-21 05:55:00+00:00,ETH/USDT
1776751200000,2315.02,2315.02,2315.02,2315.02,0.0,2026-04-21 06:00:00+00:00,ETH/USDT
1776751500000,2310.47,2311.61,2310.47,2311.14,0.0493,2026-04-21 06:05:00+00:00,ETH/USDT
1776751800000,2310.08,2311.66,2310.08,2311.66,0.2144,2026-04-21 06:10:00+00:00,ETH/USDT
1776752100000,2311.66,2311.66,2311.66,2311.66,0.0,2026-04-21 06:15:00+00:00,ETH/USDT
1776752400000,2307.74,2307.74,2307.74,2307.74,0.0066,2026-04-21 06:20:00+00:00,ETH/USDT
1776752700000,2307.74,2307.74,2307.74,2307.74,0.0,2026-04-21 06:25:00+00:00,ETH/USDT
1776753000000,2312.21,2319.96,2312.21,2319.96,0.4462,2026-04-21 06:30:00+00:00,ETH/USDT
1776753300000,2320.35,2326.32,2320.35,2325.5,3.5791,2026-04-21 06:35:00+00:00,ETH/USDT
1776753600000,2320.83,2320.83,2320.83,2320.83,0.5071,2026-04-21 06:40:00+00:00,ETH/USDT
1776753900000,2320.83,2320.83,2320.83,2320.83,0.0,2026-04-21 06:45:00+00:00,ETH/USDT
1776754200000,2320.83,2320.83,2320.83,2320.83,0.0,2026-04-21 06:50:00+00:00,ETH/USDT
1776754500000,2320.83,2320.83,2320.83,2320.83,0.0,2026-04-21 06:55:00+00:00,ETH/USDT
1776754800000,2314.29,2314.29,2314.29,2314.29,0.005,2026-04-21 07:00:00+00:00,ETH/USDT
1776755100000,2313.38,2314.43,2313.38,2314.34,0.0131,2026-04-21 07:05:00+00:00,ETH/USDT
1776755400000,2314.84,2316.4,2314.84,2316.4,0.0072,2026-04-21 07:10:00+00:00,ETH/USDT
1776755700000,2316.4,2316.4,2316.4,2316.4,0.0,2026-04-21 07:15:00+00:00,ETH/USDT
1776756000000,2316.83,2318.7,2316.83,2318.7,0.0072,2026-04-21 07:20:00+00:00,ETH/USDT
1776756300000,2319.19,2324.22,2319.19,2324.22,0.0122,2026-04-21 07:25:00+00:00,ETH/USDT
1776756600000,2321.99,2321.99,2316.98,2316.98,0.5617,2026-04-21 07:30:00+00:00,ETH/USDT
1776756900000,2321.16,2321.16,2321.16,2321.16,0.0107,2026-04-21 07:35:00+00:00,ETH/USDT
1776757200000,2321.16,2321.16,2321.16,2321.16,0.0,2026-04-21 07:40:00+00:00,ETH/USDT
1776757500000,2321.16,2321.16,2321.16,2321.16,0.0,2026-04-21 07:45:00+00:00,ETH/USDT
1776757800000,2321.16,2321.16,2321.16,2321.16,0.0,2026-04-21 07:50:00+00:00,ETH/USDT
1776758100000,2319.73,2319.73,2318.96,2318.96,0.0257,2026-04-21 07:55:00+00:00,ETH/USDT
1776758400000,2317.39,2320.97,2317.39,2320.97,0.0211,2026-04-21 08:00:00+00:00,ETH/USDT
1776758700000,2321.6,2321.6,2319.22,2319.55,0.0132,2026-04-21 08:05:00+00:00,ETH/USDT
1776759000000,2320.01,2320.01,2314.4,2314.4,1.3041,2026-04-21 08:10:00+00:00,ETH/USDT
1776759300000,2314.4,2314.4,2314.4,2314.4,0.0,2026-04-21 08:15:00+00:00,ETH/USDT
1776759600000,2319.5,2322.87,2319.5,2322.87,0.8921,2026-04-21 08:20:00+00:00,ETH/USDT
1776759900000,2323.81,2323.81,2323.81,2323.81,0.0018,2026-04-21 08:25:00+00:00,ETH/USDT
1776760200000,2323.81,2323.81,2323.81,2323.81,0.0,2026-04-21 08:30:00+00:00,ETH/USDT
1776760500000,2323.81,2323.81,2323.81,2323.81,0.0,2026-04-21 08:35:00+00:00,ETH/USDT
1776760800000,2323.84,2328.01,2323.84,2328.01,0.0429,2026-04-21 08:40:00+00:00,ETH/USDT
1776761100000,2328.33,2337.62,2328.33,2328.57,1.041,2026-04-21 08:45:00+00:00,ETH/USDT
1776761400000,2327.3,2327.3,2323.62,2323.62,0.2548,2026-04-21 08:50:00+00:00,ETH/USDT
1776761700000,2322.77,2322.77,2321.43,2321.43,0.0076,2026-04-21 08:55:00+00:00,ETH/USDT
1776762000000,2320.95,2320.95,2320.95,2320.95,0.0447,2026-04-21 09:00:00+00:00,ETH/USDT
1776762300000,2321.89,2322.26,2321.89,2322.26,0.2267,2026-04-21 09:05:00+00:00,ETH/USDT
1776762600000,2324.26,2325.15,2324.26,2325.15,0.0214,2026-04-21 09:10:00+00:00,ETH/USDT
1776762900000,2325.05,2325.05,2325.05,2325.05,0.0107,2026-04-21 09:15:00+00:00,ETH/USDT
1776763200000,2327.7,2327.7,2327.7,2327.7,0.0009,2026-04-21 09:20:00+00:00,ETH/USDT
1776763500000,2320.89,2320.89,2320.89,2320.89,0.0026,2026-04-21 09:25:00+00:00,ETH/USDT
1776763800000,2320.16,2322.56,2320.16,2322.56,0.009,2026-04-21 09:30:00+00:00,ETH/USDT
1776764100000,2323.14,2324.47,2323.14,2324.47,0.0036,2026-04-21 09:35:00+00:00,ETH/USDT
1776764400000,2324.47,2324.47,2324.47,2324.47,0.0,2026-04-21 09:40:00+00:00,ETH/USDT
1776764700000,2325.18,2326.14,2325.18,2326.14,0.0036,2026-04-21 09:45:00+00:00,ETH/USDT
1776765000000,2326.14,2326.14,2326.14,2326.14,0.0,2026-04-21 09:50:00+00:00,ETH/USDT
1776765300000,2326.14,2326.14,2326.14,2326.14,0.0,2026-04-21 09:55:00+00:00,ETH/USDT
1776765600000,2326.78,2327.43,2326.78,2327.43,0.0036,2026-04-21 10:00:00+00:00,ETH/USDT
1776765900000,2328.32,2330.78,2328.32,2330.14,0.0265,2026-04-21 10:05:00+00:00,ETH/USDT
1776766200000,2328.23,2328.23,2327.61,2327.61,0.0149,2026-04-21 10:10:00+00:00,ETH/USDT
1776766500000,2327.25,2328.43,2327.25,2328.43,0.0054,2026-04-21 10:15:00+00:00,ETH/USDT
1776766800000,2328.78,2331.09,2328.78,2330.57,0.0245,2026-04-21 10:20:00+00:00,ETH/USDT
1776767100000,2328.85,2328.85,2328.85,2328.85,0.0048,2026-04-21 10:25:00+00:00,ETH/USDT
1776767400000,2328.85,2328.85,2328.85,2328.85,0.0,2026-04-21 10:30:00+00:00,ETH/USDT
1776767700000,2329.12,2329.12,2328.42,2328.42,1.0772,2026-04-21 10:35:00+00:00,ETH/USDT
1776768000000,2328.29,2333.8,2327.96,2333.8,0.9568,2026-04-21 10:40:00+00:00,ETH/USDT
1776768300000,2334.38,2335.56,2334.0,2335.56,0.2305,2026-04-21 10:45:00+00:00,ETH/USDT
1776768600000,2335.71,2336.54,2334.03,2334.03,0.0186,2026-04-21 10:50:00+00:00,ETH/USDT
1776768900000,2333.95,2333.95,2333.67,2333.67,0.1012,2026-04-21 10:55:00+00:00,ETH/USDT
1776769200000,2331.04,2331.04,2330.45,2330.99,0.0793,2026-04-21 11:00:00+00:00,ETH/USDT
1776769500000,2330.65,2331.18,2326.98,2327.15,1.1178,2026-04-21 11:05:00+00:00,ETH/USDT
1776769800000,2325.27,2325.27,2314.85,2317.71,0.9703,2026-04-21 11:10:00+00:00,ETH/USDT
1776770100000,2317.71,2317.71,2317.71,2317.71,0.0,2026-04-21 11:15:00+00:00,ETH/USDT
1776770400000,2321.53,2329.29,2321.53,2329.29,0.4074,2026-04-21 11:20:00+00:00,ETH/USDT
1776770700000,2326.52,2326.52,2326.52,2326.52,0.0412,2026-04-21 11:25:00+00:00,ETH/USDT
1776771000000,2326.52,2326.52,2326.52,2326.52,0.0,2026-04-21 11:30:00+00:00,ETH/USDT
1776771300000,2326.52,2326.52,2326.52,2326.52,0.0,2026-04-21 11:35:00+00:00,ETH/USDT
1776771600000,2324.26,2324.26,2324.26,2324.26,0.0047,2026-04-21 11:40:00+00:00,ETH/USDT
1776771900000,2324.26,2324.26,2324.26,2324.26,0.0,2026-04-21 11:45:00+00:00,ETH/USDT
1776772200000,2321.43,2321.43,2321.43,2321.43,0.005,2026-04-21 11:50:00+00:00,ETH/USDT
1776772500000,2320.35,2320.35,2319.33,2319.33,0.043,2026-04-21 11:55:00+00:00,ETH/USDT
1776772800000,2320.76,2323.28,2319.41,2319.41,0.0264,2026-04-21 12:00:00+00:00,ETH/USDT
1776773100000,2319.41,2319.41,2319.41,2319.41,0.0,2026-04-21 12:05:00+00:00,ETH/USDT
1776773400000,2318.85,2319.13,2316.35,2319.13,0.4936,2026-04-21 12:10:00+00:00,ETH/USDT
1776773700000,2315.03,2315.03,2315.03,2315.03,0.2211,2026-04-21 12:15:00+00:00,ETH/USDT
1776774000000,2315.03,2315.03,2315.03,2315.03,0.0,2026-04-21 12:20:00+00:00,ETH/USDT
1776774300000,2315.03,2315.03,2315.03,2315.03,0.0,2026-04-21 12:25:00+00:00,ETH/USDT
1776774600000,2315.03,2315.03,2315.03,2315.03,0.0,2026-04-21 12:30:00+00:00,ETH/USDT
1776774900000,2314.4,2314.4,2308.72,2308.72,0.7259,2026-04-21 12:35:00+00:00,ETH/USDT
1776775200000,2307.19,2307.19,2295.36,2298.54,4.8073,2026-04-21 12:40:00+00:00,ETH/USDT
1776775500000,2297.05,2297.11,2294.82,2297.11,8.2995,2026-04-21 12:45:00+00:00,ETH/USDT
1776775800000,2298.34,2307.11,2298.34,2307.11,2.4731,2026-04-21 12:50:00+00:00,ETH/USDT
1776776100000,2307.14,2311.88,2307.14,2311.88,0.0232,2026-04-21 12:55:00+00:00,ETH/USDT
1776776400000,2308.84,2308.84,2305.16,2305.16,0.9245,2026-04-21 13:00:00+00:00,ETH/USDT
1776776700000,2304.76,2306.8,2304.76,2306.8,0.0138,2026-04-21 13:05:00+00:00,ETH/USDT
1776777000000,2306.49,2306.58,2306.49,2306.58,0.0125,2026-04-21 13:10:00+00:00,ETH/USDT
1776777300000,2306.58,2306.58,2306.58,2306.58,0.0,2026-04-21 13:15:00+00:00,ETH/USDT
1776777600000,2307.21,2307.21,2306.36,2306.47,0.488,2026-04-21 13:20:00+00:00,ETH/USDT
1776777900000,2308.58,2309.03,2307.28,2308.23,0.4641,2026-04-21 13:25:00+00:00,ETH/USDT
1776778200000,2307.33,2307.33,2304.58,2306.34,0.7762,2026-04-21 13:30:00+00:00,ETH/USDT
1776778500000,2305.27,2305.27,2305.27,2305.27,0.3675,2026-04-21 13:35:00+00:00,ETH/USDT
1776778800000,2308.56,2316.5,2308.56,2313.33,0.0497,2026-04-21 13:40:00+00:00,ETH/USDT
1776779100000,2309.97,2309.97,2309.97,2309.97,0.0018,2026-04-21 13:45:00+00:00,ETH/USDT
1776779400000,2309.9,2313.09,2309.9,2313.09,0.0083,2026-04-21 13:50:00+00:00,ETH/USDT
1776779700000,2313.63,2314.5,2312.81,2312.81,0.0058,2026-04-21 13:55:00+00:00,ETH/USDT
1776780000000,2312.38,2312.71,2306.12,2306.12,0.4263,2026-04-21 14:00:00+00:00,ETH/USDT
1776780300000,2305.48,2305.48,2305.48,2305.48,0.2413,2026-04-21 14:05:00+00:00,ETH/USDT
1776780600000,2307.82,2308.61,2307.5,2308.55,0.7792,2026-04-21 14:10:00+00:00,ETH/USDT
1776780900000,2307.02,2321.83,2307.02,2315.76,1.7454,2026-04-21 14:15:00+00:00,ETH/USDT
1776781200000,2314.29,2317.0,2313.24,2314.21,1.1187,2026-04-21 14:20:00+00:00,ETH/USDT
1776781500000,2317.0,2317.52,2316.26,2316.26,1.6473,2026-04-21 14:25:00+00:00,ETH/USDT
1776781800000,2317.18,2318.6,2317.18,2318.6,0.0054,2026-04-21 14:30:00+00:00,ETH/USDT
1776782100000,2318.83,2322.58,2317.19,2321.37,0.1333,2026-04-21 14:35:00+00:00,ETH/USDT
1776782400000,2322.19,2327.05,2321.64,2322.17,1.1132,2026-04-21 14:40:00+00:00,ETH/USDT
1776782700000,2320.01,2321.49,2311.35,2311.82,1.9394,2026-04-21 14:45:00+00:00,ETH/USDT
1776783000000,2313.55,2315.02,2312.95,2315.02,0.055,2026-04-21 14:50:00+00:00,ETH/USDT
1776783300000,2308.75,2308.75,2295.74,2302.2,2.6281,2026-04-21 14:55:00+00:00,ETH/USDT
1776783600000,2303.07,2303.07,2291.06,2291.06,1.5771,2026-04-21 15:00:00+00:00,ETH/USDT
1776783900000,2298.11,2300.98,2296.11,2300.98,1.4806,2026-04-21 15:05:00+00:00,ETH/USDT
1776784200000,2301.38,2307.59,2301.38,2303.76,0.948,2026-04-21 15:10:00+00:00,ETH/USDT
1776784500000,2306.95,2310.96,2303.33,2310.96,0.112,2026-04-21 15:15:00+00:00,ETH/USDT
1776784800000,2310.96,2310.96,2310.96,2310.96,0.0,2026-04-21 15:20:00+00:00,ETH/USDT
1776785100000,2302.15,2302.48,2300.0,2300.58,1.1358,2026-04-21 15:25:00+00:00,ETH/USDT
1776785400000,2302.56,2303.68,2302.56,2303.68,0.4806,2026-04-21 15:30:00+00:00,ETH/USDT
1776785700000,2296.21,2306.52,2296.21,2306.52,0.3262,2026-04-21 15:35:00+00:00,ETH/USDT
1776786000000,2307.14,2307.14,2303.75,2303.75,0.0079,2026-04-21 15:40:00+00:00,ETH/USDT
1776786300000,2305.05,2309.25,2305.05,2309.25,1.1634,2026-04-21 15:45:00+00:00,ETH/USDT
1776786600000,2306.97,2306.97,2306.97,2306.97,0.0677,2026-04-21 15:50:00+00:00,ETH/USDT
1776786900000,2307.51,2310.21,2307.51,2310.21,0.0049,2026-04-21 15:55:00+00:00,ETH/USDT
1776787200000,2311.12,2317.06,2311.12,2315.64,0.7165,2026-04-21 16:00:00+00:00,ETH/USDT
1776787500000,2309.41,2311.23,2309.41,2311.13,0.2422,2026-04-21 16:05:00+00:00,ETH/USDT
1776787800000,2311.62,2315.37,2311.62,2315.37,0.0174,2026-04-21 16:10:00+00:00,ETH/USDT
1776788100000,2315.37,2315.37,2315.37,2315.37,0.0,2026-04-21 16:15:00+00:00,ETH/USDT
1776788400000,2313.23,2313.71,2310.45,2310.45,0.4706,2026-04-21 16:20:00+00:00,ETH/USDT
1776788700000,2311.4,2316.45,2311.4,2314.46,9.2135,2026-04-21 16:25:00+00:00,ETH/USDT
1776789000000,2311.62,2320.67,2311.62,2320.67,1.1922,2026-04-21 16:30:00+00:00,ETH/USDT
1776789300000,2320.95,2324.14,2317.6,2317.6,1.2378,2026-04-21 16:35:00+00:00,ETH/USDT
1776789600000,2318.79,2318.79,2314.07,2314.07,0.2356,2026-04-21 16:40:00+00:00,ETH/USDT
1776789900000,2315.35,2317.04,2315.35,2317.04,0.0064,2026-04-21 16:45:00+00:00,ETH/USDT
1776790200000,2315.08,2315.08,2313.01,2313.01,0.1362,2026-04-21 16:50:00+00:00,ETH/USDT
1776790500000,2308.75,2308.75,2307.14,2307.14,0.0076,2026-04-21 16:55:00+00:00,ETH/USDT
1776790800000,2305.8,2308.89,2305.8,2306.51,0.0387,2026-04-21 17:00:00+00:00,ETH/USDT
1776791100000,2305.46,2305.88,2303.29,2303.29,0.3417,2026-04-21 17:05:00+00:00,ETH/USDT
1776791400000,2303.92,2303.92,2296.86,2296.86,0.7582,2026-04-21 17:10:00+00:00,ETH/USDT
1776791700000,2298.89,2298.89,2288.35,2288.35,2.7288,2026-04-21 17:15:00+00:00,ETH/USDT
1776792000000,2286.55,2295.54,2285.75,2295.54,0.4875,2026-04-21 17:20:00+00:00,ETH/USDT
1776792300000,2297.05,2297.05,2291.03,2292.74,1.3532,2026-04-21 17:25:00+00:00,ETH/USDT
1776792600000,2295.02,2295.38,2294.3,2294.3,0.0287,2026-04-21 17:30:00+00:00,ETH/USDT
1776792900000,2296.34,2308.75,2296.34,2306.55,1.477,2026-04-21 17:35:00+00:00,ETH/USDT
1776793200000,2312.83,2317.0,2312.83,2315.39,0.8594,2026-04-21 17:40:00+00:00,ETH/USDT
1776793500000,2309.51,2311.33,2309.51,2311.33,0.2405,2026-04-21 17:45:00+00:00,ETH/USDT
1776793800000,2308.41,2308.41,2308.41,2308.41,0.2864,2026-04-21 17:50:00+00:00,ETH/USDT
1776794100000,2307.14,2307.14,2304.27,2304.33,0.0193,2026-04-21 17:55:00+00:00,ETH/USDT
1776794400000,2304.33,2304.33,2304.33,2304.33,0.0,2026-04-21 18:00:00+00:00,ETH/USDT
1776794700000,2304.56,2307.31,2304.56,2305.76,0.3537,2026-04-21 18:05:00+00:00,ETH/USDT
1776795000000,2304.92,2305.48,2304.6,2305.48,0.0611,2026-04-21 18:10:00+00:00,ETH/USDT
1776795300000,2309.02,2309.02,2301.18,2304.75,2.2249,2026-04-21 18:15:00+00:00,ETH/USDT
1776795600000,2304.75,2304.75,2304.75,2304.75,0.0,2026-04-21 18:20:00+00:00,ETH/USDT
1776795900000,2303.29,2304.09,2303.29,2304.09,0.0446,2026-04-21 18:25:00+00:00,ETH/USDT
1776796200000,2309.54,2309.66,2309.54,2309.66,0.0975,2026-04-21 18:30:00+00:00,ETH/USDT
1776796500000,2309.66,2309.66,2309.66,2309.66,0.0,2026-04-21 18:35:00+00:00,ETH/USDT
1776796800000,2306.51,2306.51,2306.51,2306.51,0.0007,2026-04-21 18:40:00+00:00,ETH/USDT
1776797100000,2305.8,2305.8,2305.8,2305.8,0.2423,2026-04-21 18:45:00+00:00,ETH/USDT
1776797400000,2301.71,2303.42,2301.71,2303.42,0.4598,2026-04-21 18:50:00+00:00,ETH/USDT
1776797700000,2307.42,2313.35,2307.42,2311.25,0.3528,2026-04-21 18:55:00+00:00,ETH/USDT
1776798000000,2314.29,2319.71,2314.29,2319.71,4.0807,2026-04-21 19:00:00+00:00,ETH/USDT
1776798300000,2320.0,2321.43,2318.17,2318.17,0.5905,2026-04-21 19:05:00+00:00,ETH/USDT
1776798600000,2317.63,2319.56,2317.63,2319.56,0.2391,2026-04-21 19:10:00+00:00,ETH/USDT
1776798900000,2316.76,2316.76,2313.11,2315.51,1.6307,2026-04-21 19:15:00+00:00,ETH/USDT
1776799200000,2321.43,2328.57,2321.43,2328.57,2.2749,2026-04-21 19:20:00+00:00,ETH/USDT
1776799500000,2329.37,2330.18,2324.86,2324.86,2.6705,2026-04-21 19:25:00+00:00,ETH/USDT
1776799800000,2321.43,2321.43,2321.43,2321.43,0.005,2026-04-21 19:30:00+00:00,ETH/USDT
1776800100000,2314.4,2314.4,2300.0,2301.89,2.9779,2026-04-21 19:35:00+00:00,ETH/USDT
1776800400000,2301.62,2303.01,2288.0,2288.68,0.9827,2026-04-21 19:40:00+00:00,ETH/USDT
1776800700000,2291.68,2295.71,2291.68,2295.71,0.4408,2026-04-21 19:45:00+00:00,ETH/USDT
1776801000000,2297.59,2298.13,2296.7,2296.7,0.6119,2026-04-21 19:50:00+00:00,ETH/USDT
1776801300000,2296.38,2296.38,2296.38,2296.38,0.0092,2026-04-21 19:55:00+00:00,ETH/USDT
1776801600000,2297.81,2300.96,2297.81,2300.96,4.082,2026-04-21 20:00:00+00:00,ETH/USDT
1776801900000,2302.65,2319.97,2299.13,2317.35,13.707,2026-04-21 20:05:00+00:00,ETH/USDT
1776802200000,2314.59,2320.95,2313.1,2320.71,4.7738,2026-04-21 20:10:00+00:00,ETH/USDT
1776802500000,2319.02,2323.53,2319.02,2319.5,0.5311,2026-04-21 20:15:00+00:00,ETH/USDT
1776802800000,2319.2,2319.2,2319.2,2319.2,0.0174,2026-04-21 20:20:00+00:00,ETH/USDT
1776803100000,2318.71,2322.6,2317.69,2317.69,2.1549,2026-04-21 20:25:00+00:00,ETH/USDT
1776803400000,2317.69,2317.69,2317.69,2317.69,0.0,2026-04-21 20:30:00+00:00,ETH/USDT
1776803700000,2318.93,2318.93,2318.93,2318.93,0.0061,2026-04-21 20:35:00+00:00,ETH/USDT
1776804000000,2318.93,2318.93,2318.93,2318.93,0.0,2026-04-21 20:40:00+00:00,ETH/USDT
1776804300000,2314.29,2314.29,2312.08,2312.08,0.3068,2026-04-21 20:45:00+00:00,ETH/USDT
1776804600000,2318.39,2318.39,2318.39,2318.39,0.0082,2026-04-21 20:50:00+00:00,ETH/USDT
1776804900000,2318.39,2318.39,2318.39,2318.39,0.0,2026-04-21 20:55:00+00:00,ETH/USDT
1776805200000,2314.71,2316.63,2314.71,2316.63,0.9005,2026-04-21 21:00:00+00:00,ETH/USDT
1776805500000,2316.07,2316.07,2312.12,2312.12,0.2299,2026-04-21 21:05:00+00:00,ETH/USDT
1776805800000,2312.05,2312.05,2312.05,2312.05,0.0043,2026-04-21 21:10:00+00:00,ETH/USDT
1776806100000,2313.36,2313.36,2312.5,2312.5,0.009,2026-04-21 21:15:00+00:00,ETH/USDT
1776806400000,2312.5,2312.5,2312.5,2312.5,0.0,2026-04-21 21:20:00+00:00,ETH/USDT
1776806700000,2312.5,2312.5,2312.5,2312.5,0.0,2026-04-21 21:25:00+00:00,ETH/USDT
1776807000000,2312.5,2312.5,2312.5,2312.5,0.0,2026-04-21 21:30:00+00:00,ETH/USDT
1776807300000,2312.5,2312.5,2312.5,2312.5,0.0,2026-04-21 21:35:00+00:00,ETH/USDT
1776807600000,2313.8,2313.8,2313.8,2313.8,0.0063,2026-04-21 21:40:00+00:00,ETH/USDT
1776807900000,2312.31,2312.31,2311.18,2311.18,0.9604,2026-04-21 21:45:00+00:00,ETH/USDT
1776808200000,2311.18,2311.18,2311.18,2311.18,0.0,2026-04-21 21:50:00+00:00,ETH/USDT
1776808500000,2311.18,2311.18,2311.18,2311.18,0.0,2026-04-21 21:55:00+00:00,ETH/USDT
1776808800000,2313.2,2313.92,2313.2,2313.92,0.0135,2026-04-21 22:00:00+00:00,ETH/USDT
1776809100000,2310.96,2313.37,2310.3,2313.37,0.0329,2026-04-21 22:05:00+00:00,ETH/USDT
1776809400000,2313.95,2315.15,2313.95,2315.15,0.022,2026-04-21 22:10:00+00:00,ETH/USDT
1776809700000,2316.13,2316.13,2308.75,2308.75,0.0069,2026-04-21 22:15:00+00:00,ETH/USDT
1776810000000,2309.35,2309.35,2305.46,2305.7,0.2931,2026-04-21 22:20:00+00:00,ETH/USDT
1776810300000,2308.3,2308.3,2306.06,2306.06,0.0189,2026-04-21 22:25:00+00:00,ETH/USDT
1776810600000,2306.55,2306.55,2303.33,2304.62,0.6645,2026-04-21 22:30:00+00:00,ETH/USDT
1776810900000,2306.36,2306.36,2306.36,2306.36,0.75,2026-04-21 22:35:00+00:00,ETH/USDT
1776811200000,2306.36,2309.04,2306.36,2309.04,0.033,2026-04-21 22:40:00+00:00,ETH/USDT
1776811500000,2311.61,2311.61,2307.99,2307.99,0.2342,2026-04-21 22:45:00+00:00,ETH/USDT
1776811800000,2307.99,2307.99,2307.99,2307.99,0.0,2026-04-21 22:50:00+00:00,ETH/USDT
1776812100000,2311.8,2311.8,2311.48,2311.48,0.1194,2026-04-21 22:55:00+00:00,ETH/USDT
1776812400000,2310.77,2318.61,2310.77,2317.82,0.0507,2026-04-21 23:00:00+00:00,ETH/USDT
1776812700000,2320.95,2321.13,2320.95,2321.13,0.0536,2026-04-21 23:05:00+00:00,ETH/USDT
1776813000000,2319.56,2319.56,2318.0,2318.0,0.0969,2026-04-21 23:10:00+00:00,ETH/USDT
1776813300000,2318.0,2318.0,2318.0,2318.0,0.0,2026-04-21 23:15:00+00:00,ETH/USDT
1776813600000,2318.0,2318.0,2318.0,2318.0,0.0,2026-04-21 23:20:00+00:00,ETH/USDT
1776813900000,2318.0,2318.0,2318.0,2318.0,0.0,2026-04-21 23:25:00+00:00,ETH/USDT
1776814200000,2316.61,2317.53,2316.61,2317.53,0.5849,2026-04-21 23:30:00+00:00,ETH/USDT
1776814500000,2319.28,2321.33,2319.28,2321.33,0.0224,2026-04-21 23:35:00+00:00,ETH/USDT
1776814800000,2322.4,2325.51,2321.72,2323.12,1.1219,2026-04-21 23:40:00+00:00,ETH/USDT
1776815100000,2326.32,2329.01,2326.32,2329.01,0.8234,2026-04-21 23:45:00+00:00,ETH/USDT
1776815400000,2329.01,2329.01,2329.01,2329.01,0.0,2026-04-21 23:50:00+00:00,ETH/USDT
1776815700000,2326.87,2326.87,2326.87,2326.87,0.0133,2026-04-21 23:55:00+00:00,ETH/USDT
1776816000000,2328.29,2328.99,2327.13,2327.13,0.5149,2026-04-22 00:00:00+00:00,ETH/USDT
1776816300000,2327.08,2327.65,2327.08,2327.65,0.0987,2026-04-22 00:05:00+00:00,ETH/USDT
1776816600000,2327.65,2327.65,2327.65,2327.65,0.0,2026-04-22 00:10:00+00:00,ETH/USDT
1776816900000,2327.97,2327.97,2327.97,2327.97,0.0114,2026-04-22 00:15:00+00:00,ETH/USDT
1776817200000,2327.97,2327.97,2327.97,2327.97,0.0,2026-04-22 00:20:00+00:00,ETH/USDT
1776817500000,2327.97,2327.97,2327.97,2327.97,0.0,2026-04-22 00:25:00+00:00,ETH/USDT
1776817800000,2325.62,2325.62,2325.62,2325.62,0.0065,2026-04-22 00:30:00+00:00,ETH/USDT
1776818100000,2325.62,2325.62,2325.62,2325.62,0.0,2026-04-22 00:35:00+00:00,ETH/USDT
1776818400000,2326.75,2326.75,2326.27,2326.27,0.1177,2026-04-22 00:40:00+00:00,ETH/USDT
1776818700000,2326.55,2326.55,2325.82,2325.82,0.0129,2026-04-22 00:45:00+00:00,ETH/USDT
1776819000000,2322.54,2323.29,2322.54,2323.29,0.7401,2026-04-22 00:50:00+00:00,ETH/USDT
1776819300000,2324.43,2325.0,2323.84,2325.0,0.5236,2026-04-22 00:55:00+00:00,ETH/USDT
1776819600000,2326.45,2326.45,2326.45,2326.45,0.0021,2026-04-22 01:00:00+00:00,ETH/USDT
1776819900000,2325.34,2325.34,2325.1,2325.1,0.0214,2026-04-22 01:05:00+00:00,ETH/USDT
1776820200000,2323.0,2327.72,2323.0,2327.72,0.2373,2026-04-22 01:10:00+00:00,ETH/USDT
1776820500000,2323.96,2323.96,2323.96,2323.96,0.0037,2026-04-22 01:15:00+00:00,ETH/USDT
1776820800000,2318.27,2318.27,2318.27,2318.27,0.2362,2026-04-22 01:20:00+00:00,ETH/USDT
1776821100000,2317.34,2317.34,2314.75,2314.75,0.0982,2026-04-22 01:25:00+00:00,ETH/USDT
1776821400000,2314.4,2316.89,2314.4,2316.73,0.1119,2026-04-22 01:30:00+00:00,ETH/USDT
1776821700000,2319.9,2319.9,2319.9,2319.9,0.0055,2026-04-22 01:35:00+00:00,ETH/USDT
1776822000000,2319.43,2322.01,2319.29,2319.29,0.2889,2026-04-22 01:40:00+00:00,ETH/USDT
1776822300000,2319.29,2320.85,2319.29,2320.85,0.019,2026-04-22 01:45:00+00:00,ETH/USDT
1776822600000,2322.45,2322.99,2320.45,2320.45,4.7519,2026-04-22 01:50:00+00:00,ETH/USDT
1776822900000,2320.45,2320.45,2320.45,2320.45,0.0,2026-04-22 01:55:00+00:00,ETH/USDT
1776823200000,2324.01,2324.01,2323.67,2323.67,0.162,2026-04-22 02:00:00+00:00,ETH/USDT
1776823500000,2322.43,2322.43,2322.43,2322.43,0.0215,2026-04-22 02:05:00+00:00,ETH/USDT
1776823800000,2325.51,2340.29,2325.51,2335.55,1.5672,2026-04-22 02:10:00+00:00,ETH/USDT
1776824100000,2335.58,2352.26,2335.58,2347.68,5.371,2026-04-22 02:15:00+00:00,ETH/USDT
1776824400000,2345.25,2345.25,2341.82,2343.17,0.87,2026-04-22 02:20:00+00:00,ETH/USDT
1776824700000,2344.71,2356.17,2344.71,2355.16,20.077,2026-04-22 02:25:00+00:00,ETH/USDT
1776825000000,2356.75,2362.38,2349.17,2352.24,3.3936,2026-04-22 02:30:00+00:00,ETH/USDT
1776825300000,2357.99,2357.99,2352.25,2353.29,5.0394,2026-04-22 02:35:00+00:00,ETH/USDT
1776825600000,2357.43,2366.09,2357.43,2363.56,5.5834,2026-04-22 02:40:00+00:00,ETH/USDT
1776825900000,2363.74,2366.01,2358.84,2359.36,0.7423,2026-04-22 02:45:00+00:00,ETH/USDT
1776826200000,2366.53,2371.7,2364.2,2371.7,3.6414,2026-04-22 02:50:00+00:00,ETH/USDT
1776826500000,2369.71,2373.49,2366.11,2370.24,5.2495,2026-04-22 02:55:00+00:00,ETH/USDT
1776826800000,2373.44,2375.56,2365.6,2374.5,4.2772,2026-04-22 03:00:00+00:00,ETH/USDT
1776827100000,2376.48,2378.39,2372.62,2372.62,3.614,2026-04-22 03:05:00+00:00,ETH/USDT
1776827400000,2375.09,2375.09,2369.83,2370.15,0.4294,2026-04-22 03:10:00+00:00,ETH/USDT
1776827700000,2370.56,2371.75,2362.91,2363.55,0.5607,2026-04-22 03:15:00+00:00,ETH/USDT
1776828000000,2365.93,2367.29,2364.92,2365.83,3.301,2026-04-22 03:20:00+00:00,ETH/USDT
1776828300000,2365.41,2367.18,2365.41,2367.18,0.0284,2026-04-22 03:25:00+00:00,ETH/USDT
1776828600000,2364.2,2364.2,2356.85,2356.85,7.7044,2026-04-22 03:30:00+00:00,ETH/USDT
1776828900000,2356.85,2356.85,2356.85,2356.85,0.0,2026-04-22 03:35:00+00:00,ETH/USDT
1776829200000,2356.85,2356.85,2356.85,2356.85,0.0,2026-04-22 03:40:00+00:00,ETH/USDT
1776829500000,2356.85,2356.85,2356.85,2356.85,0.0,2026-04-22 03:45:00+00:00,ETH/USDT
1776829800000,2364.45,2366.84,2364.45,2366.84,0.0731,2026-04-22 03:50:00+00:00,ETH/USDT
1776830100000,2365.03,2365.03,2365.03,2365.03,0.0016,2026-04-22 03:55:00+00:00,ETH/USDT
1776830400000,2364.93,2365.2,2364.93,2365.2,0.3915,2026-04-22 04:00:00+00:00,ETH/USDT
1776830700000,2365.2,2365.2,2365.2,2365.2,0.0,2026-04-22 04:05:00+00:00,ETH/USDT
1776831000000,2367.25,2367.25,2365.32,2365.32,0.3862,2026-04-22 04:10:00+00:00,ETH/USDT
1776831300000,2362.89,2362.89,2360.49,2361.0,2.1148,2026-04-22 04:15:00+00:00,ETH/USDT
1776831600000,2359.92,2362.25,2359.92,2362.25,0.8532,2026-04-22 04:20:00+00:00,ETH/USDT
1776831900000,2361.7,2363.15,2361.7,2362.05,0.0937,2026-04-22 04:25:00+00:00,ETH/USDT
1776832200000,2360.35,2360.35,2360.35,2360.35,0.7556,2026-04-22 04:30:00+00:00,ETH/USDT
1776832500000,2360.92,2365.61,2360.92,2365.61,0.0455,2026-04-22 04:35:00+00:00,ETH/USDT
1776832800000,2366.65,2368.83,2365.57,2365.57,1.2174,2026-04-22 04:40:00+00:00,ETH/USDT
1776833100000,2365.57,2365.57,2365.57,2365.57,0.0,2026-04-22 04:45:00+00:00,ETH/USDT
1776833400000,2361.88,2362.61,2361.88,2362.44,0.9196,2026-04-22 04:50:00+00:00,ETH/USDT
1776833700000,2362.44,2362.44,2362.44,2362.44,0.0,2026-04-22 04:55:00+00:00,ETH/USDT
1776834000000,2362.62,2364.06,2362.62,2364.06,0.9794,2026-04-22 05:00:00+00:00,ETH/USDT
1776834300000,2366.28,2368.56,2366.28,2368.56,0.0191,2026-04-22 05:05:00+00:00,ETH/USDT
1776834600000,2366.99,2366.99,2366.49,2366.49,0.0027,2026-04-22 05:10:00+00:00,ETH/USDT
1776834900000,2367.33,2392.18,2367.33,2387.53,30.0384,2026-04-22 05:15:00+00:00,ETH/USDT
1776835200000,2390.29,2395.92,2387.61,2395.34,3.4467,2026-04-22 05:20:00+00:00,ETH/USDT
1776835500000,2392.3,2392.3,2386.99,2387.26,2.5835,2026-04-22 05:25:00+00:00,ETH/USDT
1776835800000,2388.47,2401.51,2388.47,2396.44,32.6774,2026-04-22 05:30:00+00:00,ETH/USDT
1776836100000,2396.74,2400.57,2392.01,2392.03,1.6291,2026-04-22 05:35:00+00:00,ETH/USDT
1776836400000,2393.12,2397.66,2392.31,2397.66,1.0688,2026-04-22 05:40:00+00:00,ETH/USDT
1776836700000,2396.3,2403.13,2395.24,2402.2,5.7503,2026-04-22 05:45:00+00:00,ETH/USDT
1776837000000,2399.14,2412.67,2399.14,2401.01,3.8123,2026-04-22 05:50:00+00:00,ETH/USDT
1776837300000,2401.76,2401.76,2399.78,2399.96,0.7624,2026-04-22 05:55:00+00:00,ETH/USDT
1776837600000,2396.36,2396.36,2392.22,2393.7,1.4378,2026-04-22 06:00:00+00:00,ETH/USDT
1776837900000,2393.69,2394.59,2391.98,2391.98,0.4792,2026-04-22 06:05:00+00:00,ETH/USDT
1776838200000,2392.0,2392.33,2391.71,2392.33,10.4749,2026-04-22 06:10:00+00:00,ETH/USDT
1776838500000,2392.33,2392.33,2392.33,2392.33,0.0,2026-04-22 06:15:00+00:00,ETH/USDT
1776838800000,2393.49,2393.49,2393.49,2393.49,0.1029,2026-04-22 06:20:00+00:00,ETH/USDT
1776839100000,2390.71,2391.6,2390.71,2391.59,0.9041,2026-04-22 06:25:00+00:00,ETH/USDT
1776839400000,2392.26,2393.73,2392.26,2393.73,0.0034,2026-04-22 06:30:00+00:00,ETH/USDT
1776839700000,2393.73,2393.73,2393.73,2393.73,0.0,2026-04-22 06:35:00+00:00,ETH/USDT
1776840000000,2392.86,2392.86,2392.02,2392.02,0.8967,2026-04-22 06:40:00+00:00,ETH/USDT
1776840300000,2391.5,2391.5,2391.5,2391.5,0.8238,2026-04-22 06:45:00+00:00,ETH/USDT
1776840600000,2393.35,2393.35,2393.35,2393.35,0.0127,2026-04-22 06:50:00+00:00,ETH/USDT
1776840900000,2393.35,2393.35,2393.35,2393.35,0.0,2026-04-22 06:55:00+00:00,ETH/USDT
1776841200000,2393.76,2394.65,2391.99,2393.52,0.2259,2026-04-22 07:00:00+00:00,ETH/USDT
1776841500000,2393.67,2393.73,2392.65,2393.73,0.0232,2026-04-22 07:05:00+00:00,ETH/USDT
1776841800000,2395.08,2397.69,2394.27,2397.69,0.347,2026-04-22 07:10:00+00:00,ETH/USDT
1776842100000,2395.72,2395.72,2389.41,2389.62,2.3754,2026-04-22 07:15:00+00:00,ETH/USDT
1776842400000,2389.69,2389.69,2384.87,2386.36,3.7065,2026-04-22 07:20:00+00:00,ETH/USDT
1776842700000,2388.75,2388.98,2388.75,2388.98,0.0171,2026-04-22 07:25:00+00:00,ETH/USDT
1776843000000,2388.98,2388.98,2388.98,2388.98,0.0,2026-04-22 07:30:00+00:00,ETH/USDT
1776843300000,2388.98,2388.98,2388.98,2388.98,0.0,2026-04-22 07:35:00+00:00,ETH/USDT
1776843600000,2387.36,2394.25,2387.36,2394.25,0.7014,2026-04-22 07:40:00+00:00,ETH/USDT
1776843900000,2393.15,2394.06,2391.58,2391.58,2.3449,2026-04-22 07:45:00+00:00,ETH/USDT
1776844200000,2391.86,2393.07,2391.86,2393.07,0.0051,2026-04-22 07:50:00+00:00,ETH/USDT
1776844500000,2389.95,2389.95,2389.95,2389.95,0.7314,2026-04-22 07:55:00+00:00,ETH/USDT
1776844800000,2391.29,2394.29,2391.21,2394.29,0.769,2026-04-22 08:00:00+00:00,ETH/USDT
1776845100000,2390.13,2391.95,2390.13,2391.93,1.1992,2026-04-22 08:05:00+00:00,ETH/USDT
1776845400000,2391.15,2391.36,2390.74,2390.76,0.8381,2026-04-22 08:10:00+00:00,ETH/USDT
1776845700000,2390.76,2390.76,2390.76,2390.76,0.0,2026-04-22 08:15:00+00:00,ETH/USDT
1776846000000,2390.76,2390.76,2390.76,2390.76,0.0,2026-04-22 08:20:00+00:00,ETH/USDT
1776846300000,2386.21,2386.21,2386.21,2386.21,0.754,2026-04-22 08:25:00+00:00,ETH/USDT
1776846600000,2386.33,2386.91,2386.27,2386.91,0.0041,2026-04-22 08:30:00+00:00,ETH/USDT
1776846900000,2387.19,2388.06,2386.35,2386.35,1.563,2026-04-22 08:35:00+00:00,ETH/USDT
1776847200000,2384.29,2385.67,2384.29,2385.67,0.8269,2026-04-22 08:40:00+00:00,ETH/USDT
1776847500000,2383.99,2384.83,2383.98,2383.98,1.2126,2026-04-22 08:45:00+00:00,ETH/USDT
1776847800000,2385.35,2389.7,2385.35,2389.7,0.0102,2026-04-22 08:50:00+00:00,ETH/USDT
1776848100000,2390.21,2390.21,2387.52,2389.95,0.8264,2026-04-22 08:55:00+00:00,ETH/USDT
1776848400000,2388.56,2390.9,2388.11,2388.11,1.1231,2026-04-22 09:00:00+00:00,ETH/USDT
1776848700000,2388.86,2392.28,2388.86,2392.28,0.2338,2026-04-22 09:05:00+00:00,ETH/USDT
1776849000000,2392.62,2393.33,2392.62,2392.69,0.0054,2026-04-22 09:10:00+00:00,ETH/USDT
1776849300000,2389.46,2389.99,2389.46,2389.99,1.0513,2026-04-22 09:15:00+00:00,ETH/USDT
1776849600000,2389.99,2389.99,2389.99,2389.99,0.0,2026-04-22 09:20:00+00:00,ETH/USDT
1776849900000,2392.71,2394.29,2392.71,2394.29,1.0537,2026-04-22 09:25:00+00:00,ETH/USDT
1776850200000,2391.82,2391.82,2391.82,2391.82,0.8201,2026-04-22 09:30:00+00:00,ETH/USDT
1776850500000,2391.82,2391.82,2391.82,2391.82,0.0,2026-04-22 09:35:00+00:00,ETH/USDT
1776850800000,2392.95,2393.93,2392.95,2393.37,0.8272,2026-04-22 09:40:00+00:00,ETH/USDT
1776851100000,2391.72,2391.72,2391.72,2391.72,0.7067,2026-04-22 09:45:00+00:00,ETH/USDT
1776851400000,2389.74,2389.74,2386.34,2386.34,0.3276,2026-04-22 09:50:00+00:00,ETH/USDT
1776851700000,2387.02,2388.62,2387.02,2388.62,0.0217,2026-04-22 09:55:00+00:00,ETH/USDT
1776852000000,2388.72,2390.01,2386.36,2386.36,0.0164,2026-04-22 10:00:00+00:00,ETH/USDT
1776852300000,2386.36,2386.36,2386.36,2386.36,0.0,2026-04-22 10:05:00+00:00,ETH/USDT
1776852600000,2388.03,2390.62,2387.84,2390.62,0.0068,2026-04-22 10:10:00+00:00,ETH/USDT
1776852900000,2390.61,2390.61,2390.24,2390.24,0.8262,2026-04-22 10:15:00+00:00,ETH/USDT
1776853200000,2391.03,2392.02,2391.03,2391.17,0.2066,2026-04-22 10:20:00+00:00,ETH/USDT
1776853500000,2389.54,2391.8,2389.54,2391.51,0.2331,2026-04-22 10:25:00+00:00,ETH/USDT
1776853800000,2391.6,2393.36,2391.57,2393.36,0.0891,2026-04-22 10:30:00+00:00,ETH/USDT
1776854100000,2393.77,2394.29,2393.77,2394.29,0.0034,2026-04-22 10:35:00+00:00,ETH/USDT
1776854400000,2391.42,2391.42,2391.42,2391.42,0.001,2026-04-22 10:40:00+00:00,ETH/USDT
1776854700000,2391.42,2391.42,2391.42,2391.42,0.0,2026-04-22 10:45:00+00:00,ETH/USDT
1776855000000,2391.42,2391.42,2391.42,2391.42,0.0,2026-04-22 10:50:00+00:00,ETH/USDT
1776855300000,2391.42,2391.42,2391.42,2391.42,0.0,2026-04-22 10:55:00+00:00,ETH/USDT
1776855600000,2391.05,2393.2,2391.05,2391.05,6.2326,2026-04-22 11:00:00+00:00,ETH/USDT
1776855900000,2392.02,2392.02,2388.05,2389.0,12.0615,2026-04-22 11:05:00+00:00,ETH/USDT
1776856200000,2388.41,2391.92,2388.41,2391.92,0.1315,2026-04-22 11:10:00+00:00,ETH/USDT
1776856500000,2392.55,2393.28,2392.55,2393.28,0.0034,2026-04-22 11:15:00+00:00,ETH/USDT
1776856800000,2392.06,2393.26,2392.06,2393.26,0.0245,2026-04-22 11:20:00+00:00,ETH/USDT
1776857100000,2392.16,2392.71,2392.16,2392.71,0.0114,2026-04-22 11:25:00+00:00,ETH/USDT
1776857400000,2393.79,2394.29,2393.79,2394.29,0.0034,2026-04-22 11:30:00+00:00,ETH/USDT
1776857700000,2394.03,2396.67,2391.0,2391.0,1.5994,2026-04-22 11:35:00+00:00,ETH/USDT
1776858000000,2394.16,2394.16,2392.86,2393.26,1.1018,2026-04-22 11:40:00+00:00,ETH/USDT
1776858300000,2393.69,2393.69,2393.69,2393.69,0.2164,2026-04-22 11:45:00+00:00,ETH/USDT
1776858600000,2396.66,2400.98,2396.66,2400.98,1.5325,2026-04-22 11:50:00+00:00,ETH/USDT
1776858900000,2397.17,2397.17,2397.17,2397.17,0.0219,2026-04-22 11:55:00+00:00,ETH/USDT
1776859200000,2399.5,2402.16,2398.04,2402.16,0.0134,2026-04-22 12:00:00+00:00,ETH/USDT
1776859500000,2399.64,2399.64,2399.6,2399.6,0.052,2026-04-22 12:05:00+00:00,ETH/USDT
1776859800000,2400.62,2403.75,2400.62,2403.75,0.1938,2026-04-22 12:10:00+00:00,ETH/USDT
1776860100000,2404.44,2404.44,2404.44,2404.44,0.0075,2026-04-22 12:15:00+00:00,ETH/USDT
1776860400000,2400.79,2400.79,2400.79,2400.79,0.048,2026-04-22 12:20:00+00:00,ETH/USDT
1776860700000,2401.15,2401.5,2398.82,2398.82,0.3952,2026-04-22 12:25:00+00:00,ETH/USDT
1776861000000,2397.44,2402.14,2397.23,2402.14,0.8002,2026-04-22 12:30:00+00:00,ETH/USDT
1776861300000,2401.82,2401.82,2399.56,2400.1,0.0606,2026-04-22 12:35:00+00:00,ETH/USDT
1776861600000,2400.2,2400.73,2400.02,2400.53,0.3511,2026-04-22 12:40:00+00:00,ETH/USDT
1776861900000,2405.16,2405.93,2402.26,2402.26,0.5338,2026-04-22 12:45:00+00:00,ETH/USDT
1776862200000,2402.39,2402.39,2402.39,2402.39,0.31,2026-04-22 12:50:00+00:00,ETH/USDT
1776862500000,2402.39,2402.39,2402.39,2402.39,0.0,2026-04-22 12:55:00+00:00,ETH/USDT
1776862800000,2405.27,2407.98,2405.27,2407.98,0.0609,2026-04-22 13:00:00+00:00,ETH/USDT
1776863100000,2408.66,2412.71,2405.91,2407.08,2.3865,2026-04-22 13:05:00+00:00,ETH/USDT
1776863400000,2408.06,2410.17,2405.36,2408.86,0.6111,2026-04-22 13:10:00+00:00,ETH/USDT
1776863700000,2410.51,2412.69,2407.89,2411.83,1.0408,2026-04-22 13:15:00+00:00,ETH/USDT
1776864000000,2413.25,2414.99,2409.77,2411.52,0.3362,2026-04-22 13:20:00+00:00,ETH/USDT
1776864300000,2411.34,2411.34,2410.1,2410.1,0.3477,2026-04-22 13:25:00+00:00,ETH/USDT
1776864600000,2409.19,2416.89,2407.7,2409.28,2.8645,2026-04-22 13:30:00+00:00,ETH/USDT
1776864900000,2404.44,2408.66,2402.82,2408.66,19.6414,2026-04-22 13:35:00+00:00,ETH/USDT
1776865200000,2409.61,2413.25,2408.42,2412.09,0.5239,2026-04-22 13:40:00+00:00,ETH/USDT
1776865500000,2413.91,2422.0,2412.22,2412.22,6.4155,2026-04-22 13:45:00+00:00,ETH/USDT
1776865800000,2413.59,2415.21,2412.83,2414.34,9.7277,2026-04-22 13:50:00+00:00,ETH/USDT
1776866100000,2413.68,2415.31,2412.58,2415.31,1.1052,2026-04-22 13:55:00+00:00,ETH/USDT
1776866400000,2417.04,2421.36,2416.57,2419.97,2.1976,2026-04-22 14:00:00+00:00,ETH/USDT
1776866700000,2416.44,2417.48,2415.84,2417.48,1.9417,2026-04-22 14:05:00+00:00,ETH/USDT
1776867000000,2415.65,2423.28,2415.65,2423.28,1.1097,2026-04-22 14:10:00+00:00,ETH/USDT
1776867300000,2419.79,2421.62,2412.22,2412.22,0.2908,2026-04-22 14:15:00+00:00,ETH/USDT
1776867600000,2413.0,2416.22,2413.0,2416.22,0.8619,2026-04-22 14:20:00+00:00,ETH/USDT
1776867900000,2412.98,2412.98,2412.98,2412.98,0.0519,2026-04-22 14:25:00+00:00,ETH/USDT
1776868200000,2409.47,2409.47,2389.93,2396.93,4.2864,2026-04-22 14:30:00+00:00,ETH/USDT
1776868500000,2403.75,2404.44,2403.75,2404.44,0.1838,2026-04-22 14:35:00+00:00,ETH/USDT
1776868800000,2405.0,2406.32,2396.67,2396.67,2.4216,2026-04-22 14:40:00+00:00,ETH/USDT
1776869100000,2397.32,2399.14,2396.7,2399.14,1.6443,2026-04-22 14:45:00+00:00,ETH/USDT
1776869400000,2402.25,2402.25,2399.14,2399.14,4.6349,2026-04-22 14:50:00+00:00,ETH/USDT
1776869700000,2401.59,2405.22,2400.47,2405.22,1.0429,2026-04-22 14:55:00+00:00,ETH/USDT
1776870000000,2403.0,2403.0,2395.95,2397.98,19.5052,2026-04-22 15:00:00+00:00,ETH/USDT
1776870300000,2397.88,2402.21,2396.22,2401.81,0.269,2026-04-22 15:05:00+00:00,ETH/USDT
1776870600000,2401.27,2402.2,2398.46,2398.46,0.5375,2026-04-22 15:10:00+00:00,ETH/USDT
1776870900000,2398.82,2398.82,2395.39,2398.72,0.2104,2026-04-22 15:15:00+00:00,ETH/USDT
1776871200000,2398.4,2398.79,2396.84,2398.79,1.2687,2026-04-22 15:20:00+00:00,ETH/USDT
1776871500000,2395.0,2396.84,2390.5,2396.84,2.1774,2026-04-22 15:25:00+00:00,ETH/USDT
1776871800000,2400.37,2403.75,2400.37,2403.75,0.7214,2026-04-22 15:30:00+00:00,ETH/USDT
1776872100000,2396.13,2410.0,2396.13,2410.0,13.6385,2026-04-22 15:35:00+00:00,ETH/USDT
1776872400000,2410.0,2410.35,2409.0,2410.35,15.0345,2026-04-22 15:40:00+00:00,ETH/USDT
1776872700000,2412.22,2412.22,2411.23,2411.23,0.3363,2026-04-22 15:45:00+00:00,ETH/USDT
1776873000000,2409.07,2410.08,2408.0,2410.08,0.3497,2026-04-22 15:50:00+00:00,ETH/USDT
1776873300000,2409.71,2409.71,2404.44,2404.44,0.1027,2026-04-22 15:55:00+00:00,ETH/USDT
1776873600000,2404.31,2412.71,2404.31,2412.71,1.476,2026-04-22 16:00:00+00:00,ETH/USDT
1776873900000,2412.48,2412.48,2409.6,2409.6,0.4366,2026-04-22 16:05:00+00:00,ETH/USDT
1776874200000,2404.44,2404.44,2404.44,2404.44,0.0075,2026-04-22 16:10:00+00:00,ETH/USDT
1776874500000,2400.28,2400.28,2400.28,2400.28,0.1,2026-04-22 16:15:00+00:00,ETH/USDT
1776874800000,2401.36,2401.36,2396.67,2397.52,0.2587,2026-04-22 16:20:00+00:00,ETH/USDT
1776875100000,2396.44,2396.44,2393.15,2394.68,1.8394,2026-04-22 16:25:00+00:00,ETH/USDT
1776875400000,2390.87,2393.15,2389.95,2391.34,3.126,2026-04-22 16:30:00+00:00,ETH/USDT
1776875700000,2394.5,2394.5,2392.79,2394.02,1.7891,2026-04-22 16:35:00+00:00,ETH/USDT
1776876000000,2393.14,2393.24,2388.36,2390.82,3.3808,2026-04-22 16:40:00+00:00,ETH/USDT
1776876300000,2388.32,2391.68,2386.75,2391.68,0.2285,2026-04-22 16:45:00+00:00,ETH/USDT
1776876600000,2391.22,2391.22,2385.53,2386.38,0.5717,2026-04-22 16:50:00+00:00,ETH/USDT
1776876900000,2385.52,2388.26,2384.77,2387.52,1.9634,2026-04-22 16:55:00+00:00,ETH/USDT
1776877200000,2388.19,2396.66,2388.19,2392.56,2.219,2026-04-22 17:00:00+00:00,ETH/USDT
1776877500000,2391.91,2393.84,2391.02,2393.63,1.0227,2026-04-22 17:05:00+00:00,ETH/USDT
1776877800000,2394.26,2396.67,2394.26,2394.82,1.0597,2026-04-22 17:10:00+00:00,ETH/USDT
1776878100000,2390.72,2390.72,2387.49,2387.81,1.562,2026-04-22 17:15:00+00:00,ETH/USDT
1776878400000,2387.81,2387.81,2387.81,2387.81,0.0,2026-04-22 17:20:00+00:00,ETH/USDT
1776878700000,2392.95,2395.47,2392.64,2395.47,0.8321,2026-04-22 17:25:00+00:00,ETH/USDT
1776879000000,2394.15,2396.11,2393.82,2393.82,0.8772,2026-04-22 17:30:00+00:00,ETH/USDT
1776879300000,2393.72,2398.38,2393.72,2398.38,1.7454,2026-04-22 17:35:00+00:00,ETH/USDT
1776879600000,2398.83,2400.0,2397.72,2397.72,1.0423,2026-04-22 17:40:00+00:00,ETH/USDT
1776879900000,2396.93,2400.87,2396.93,2399.7,0.998,2026-04-22 17:45:00+00:00,ETH/USDT
1776880200000,2399.09,2402.65,2399.09,2402.65,0.0359,2026-04-22 17:50:00+00:00,ETH/USDT
1776880500000,2402.9,2402.94,2402.26,2402.94,0.226,2026-04-22 17:55:00+00:00,ETH/USDT
1776880800000,2402.94,2404.07,2402.73,2403.15,0.638,2026-04-22 18:00:00+00:00,ETH/USDT
1776881100000,2400.89,2400.89,2399.58,2399.65,0.2911,2026-04-22 18:05:00+00:00,ETH/USDT
1776881400000,2402.14,2404.39,2402.0,2402.29,1.0202,2026-04-22 18:10:00+00:00,ETH/USDT
1776881700000,2402.29,2402.29,2402.29,2402.29,0.0,2026-04-22 18:15:00+00:00,ETH/USDT
1776882000000,2400.69,2400.69,2400.69,2400.69,0.002,2026-04-22 18:20:00+00:00,ETH/USDT
1776882300000,2398.61,2398.61,2398.61,2398.61,0.2183,2026-04-22 18:25:00+00:00,ETH/USDT
1776882600000,2398.43,2398.43,2398.43,2398.43,0.0042,2026-04-22 18:30:00+00:00,ETH/USDT
1776882900000,2398.45,2398.45,2396.74,2396.74,0.8549,2026-04-22 18:35:00+00:00,ETH/USDT
1776883200000,2401.5,2403.53,2399.53,2399.53,0.46,2026-04-22 18:40:00+00:00,ETH/USDT
1776883500000,2400.04,2403.72,2400.04,2403.72,0.2122,2026-04-22 18:45:00+00:00,ETH/USDT
1776883800000,2403.51,2403.51,2400.8,2400.8,1.1974,2026-04-22 18:50:00+00:00,ETH/USDT
1776884100000,2398.05,2398.82,2398.05,2398.8,2.7,2026-04-22 18:55:00+00:00,ETH/USDT
1776884400000,2394.29,2394.29,2390.94,2391.76,1.0943,2026-04-22 19:00:00+00:00,ETH/USDT
1776884700000,2390.0,2392.97,2390.0,2392.97,0.0684,2026-04-22 19:05:00+00:00,ETH/USDT
1776885000000,2394.2,2394.2,2394.2,2394.2,0.0042,2026-04-22 19:10:00+00:00,ETH/USDT
1776885300000,2395.19,2399.82,2395.19,2399.54,2.5312,2026-04-22 19:15:00+00:00,ETH/USDT
1776885600000,2401.4,2405.91,2401.4,2405.91,5.288,2026-04-22 19:20:00+00:00,ETH/USDT
1776885900000,2405.91,2405.91,2405.91,2405.91,0.0,2026-04-22 19:25:00+00:00,ETH/USDT
1776886200000,2405.06,2405.06,2402.03,2402.03,0.2305,2026-04-22 19:30:00+00:00,ETH/USDT
1776886500000,2396.67,2396.67,2391.91,2396.54,2.6792,2026-04-22 19:35:00+00:00,ETH/USDT
1776886800000,2396.54,2396.54,2395.81,2395.94,0.4515,2026-04-22 19:40:00+00:00,ETH/USDT
1776887100000,2395.08,2395.08,2394.64,2394.64,0.5688,2026-04-22 19:45:00+00:00,ETH/USDT
1776887400000,2397.19,2397.19,2395.86,2395.86,0.2469,2026-04-22 19:50:00+00:00,ETH/USDT
1776887700000,2397.57,2400.31,2396.9,2400.31,0.037,2026-04-22 19:55:00+00:00,ETH/USDT
1776888000000,2398.53,2401.04,2398.53,2400.3,0.2936,2026-04-22 20:00:00+00:00,ETH/USDT
1776888300000,2401.13,2402.33,2398.72,2400.4,3.3152,2026-04-22 20:05:00+00:00,ETH/USDT
1776888600000,2398.77,2401.15,2398.77,2400.4,1.4799,2026-04-22 20:10:00+00:00,ETH/USDT
1776888900000,2398.38,2398.38,2395.17,2395.17,0.4464,2026-04-22 20:15:00+00:00,ETH/USDT
1776889200000,2395.65,2395.65,2395.65,2395.65,0.214,2026-04-22 20:20:00+00:00,ETH/USDT
1776889500000,2395.65,2395.65,2395.65,2395.65,0.0,2026-04-22 20:25:00+00:00,ETH/USDT
1776889800000,2399.33,2399.33,2397.1,2397.1,0.038,2026-04-22 20:30:00+00:00,ETH/USDT
1776890100000,2397.35,2397.35,2397.35,2397.35,0.0008,2026-04-22 20:35:00+00:00,ETH/USDT
1776890400000,2394.84,2395.93,2394.08,2394.08,0.0059,2026-04-22 20:40:00+00:00,ETH/USDT
1776890700000,2395.47,2395.47,2393.93,2393.93,0.035,2026-04-22 20:45:00+00:00,ETH/USDT
1776891000000,2391.15,2391.52,2391.0,2391.52,11.8883,2026-04-22 20:50:00+00:00,ETH/USDT
1776891300000,2391.69,2391.69,2391.69,2391.69,0.008,2026-04-22 20:55:00+00:00,ETH/USDT
1776891600000,2393.61,2393.61,2393.61,2393.61,0.0042,2026-04-22 21:00:00+00:00,ETH/USDT
1776891900000,2394.69,2394.69,2394.69,2394.69,0.0021,2026-04-22 21:05:00+00:00,ETH/USDT
1776892200000,2394.69,2394.69,2394.12,2394.12,0.0542,2026-04-22 21:10:00+00:00,ETH/USDT
1776892500000,2394.26,2394.68,2394.26,2394.68,0.0102,2026-04-22 21:15:00+00:00,ETH/USDT
1776892800000,2394.69,2397.25,2394.69,2397.25,5.3721,2026-04-22 21:20:00+00:00,ETH/USDT
1776893100000,2398.65,2398.65,2397.15,2397.15,0.125,2026-04-22 21:25:00+00:00,ETH/USDT
1776893400000,2397.15,2397.15,2397.15,2397.15,0.0,2026-04-22 21:30:00+00:00,ETH/USDT
1776893700000,2400.96,2402.05,2400.96,2402.05,0.2243,2026-04-22 21:35:00+00:00,ETH/USDT
1776894000000,2403.75,2404.44,2402.76,2404.44,0.9467,2026-04-22 21:40:00+00:00,ETH/USDT
1776894300000,2405.3,2405.73,2403.92,2403.92,0.0293,2026-04-22 21:45:00+00:00,ETH/USDT
1776894600000,2403.26,2403.26,2403.19,2403.19,0.0051,2026-04-22 21:50:00+00:00,ETH/USDT
1776894900000,2401.75,2402.88,2401.75,2402.88,0.031,2026-04-22 21:55:00+00:00,ETH/USDT
1776895200000,2400.2,2400.2,2400.2,2400.2,0.2999,2026-04-22 22:00:00+00:00,ETH/USDT
1776895500000,2403.85,2403.93,2402.68,2403.93,0.012,2026-04-22 22:05:00+00:00,ETH/USDT
1776895800000,2404.26,2404.26,2404.26,2404.26,0.0062,2026-04-22 22:10:00+00:00,ETH/USDT
1776896100000,2401.66,2402.35,2400.34,2402.35,0.2382,2026-04-22 22:15:00+00:00,ETH/USDT
1776896400000,2398.47,2399.8,2397.95,2397.95,0.0185,2026-04-22 22:20:00+00:00,ETH/USDT
1776896700000,2398.09,2398.09,2396.67,2396.67,0.0166,2026-04-22 22:25:00+00:00,ETH/USDT
1776897000000,2399.0,2399.0,2397.09,2397.43,0.9303,2026-04-22 22:30:00+00:00,ETH/USDT
1776897300000,2397.11,2397.11,2397.11,2397.11,0.0097,2026-04-22 22:35:00+00:00,ETH/USDT
1776897600000,2396.2,2396.2,2396.2,2396.2,0.0021,2026-04-22 22:40:00+00:00,ETH/USDT
1776897900000,2394.61,2394.61,2394.61,2394.61,0.4221,2026-04-22 22:45:00+00:00,ETH/USDT
1776898200000,2394.61,2394.61,2394.61,2394.61,0.0,2026-04-22 22:50:00+00:00,ETH/USDT
1776898500000,2397.52,2397.68,2397.52,2397.68,0.0125,2026-04-22 22:55:00+00:00,ETH/USDT
1776898800000,2394.29,2395.39,2394.08,2395.39,0.1987,2026-04-22 23:00:00+00:00,ETH/USDT
1776899100000,2394.72,2395.57,2393.66,2393.66,2.8137,2026-04-22 23:05:00+00:00,ETH/USDT
1776899400000,2398.2,2398.92,2398.2,2398.54,0.2576,2026-04-22 23:10:00+00:00,ETH/USDT
1776899700000,2398.54,2398.54,2398.54,2398.54,0.0,2026-04-22 23:15:00+00:00,ETH/USDT
1776900000000,2391.87,2391.87,2382.73,2382.73,1.6214,2026-04-22 23:20:00+00:00,ETH/USDT
1776900300000,2381.41,2384.45,2380.66,2384.45,1.0979,2026-04-22 23:25:00+00:00,ETH/USDT
1776900600000,2383.69,2383.69,2375.48,2378.83,2.1491,2026-04-22 23:30:00+00:00,ETH/USDT
1776900900000,2378.87,2380.18,2378.87,2380.18,0.0163,2026-04-22 23:35:00+00:00,ETH/USDT
1776901200000,2378.74,2378.97,2376.99,2376.99,0.0725,2026-04-22 23:40:00+00:00,ETH/USDT
1776901500000,2377.64,2377.64,2377.64,2377.64,0.0016,2026-04-22 23:45:00+00:00,ETH/USDT
1776901800000,2379.22,2379.22,2379.22,2379.22,0.0059,2026-04-22 23:50:00+00:00,ETH/USDT
1776902100000,2378.4,2378.4,2374.23,2374.23,0.1882,2026-04-22 23:55:00+00:00,ETH/USDT
1776902400000,2374.0,2378.31,2373.8,2377.45,1.5738,2026-04-23 00:00:00+00:00,ETH/USDT
1776902700000,2375.64,2375.64,2367.77,2368.04,1.2326,2026-04-23 00:05:00+00:00,ETH/USDT
1776903000000,2366.69,2367.35,2360.08,2362.37,4.2351,2026-04-23 00:10:00+00:00,ETH/USDT
1776903300000,2360.0,2374.62,2344.52,2374.62,14.865,2026-04-23 00:15:00+00:00,ETH/USDT
1776903600000,2372.94,2372.94,2366.25,2368.13,1.5283,2026-04-23 00:20:00+00:00,ETH/USDT
1776903900000,2366.54,2373.66,2366.54,2373.66,0.5802,2026-04-23 00:25:00+00:00,ETH/USDT
1776904200000,2372.91,2377.39,2369.16,2369.16,1.0501,2026-04-23 00:30:00+00:00,ETH/USDT
1776904500000,2371.7,2382.42,2370.96,2376.12,5.3887,2026-04-23 00:35:00+00:00,ETH/USDT
1776904800000,2376.76,2376.76,2372.72,2372.72,1.12,2026-04-23 00:40:00+00:00,ETH/USDT
1776905100000,2373.9,2376.25,2371.64,2372.56,0.8877,2026-04-23 00:45:00+00:00,ETH/USDT
1776905400000,2371.75,2374.27,2371.75,2372.27,0.7606,2026-04-23 00:50:00+00:00,ETH/USDT
1776905700000,2371.67,2372.63,2370.93,2372.63,0.0187,2026-04-23 00:55:00+00:00,ETH/USDT
1776906000000,2370.81,2371.86,2367.49,2367.75,0.104,2026-04-23 01:00:00+00:00,ETH/USDT
1776906300000,2369.46,2372.06,2369.17,2369.17,0.8389,2026-04-23 01:05:00+00:00,ETH/USDT
1776906600000,2366.13,2367.82,2365.32,2366.62,1.434,2026-04-23 01:10:00+00:00,ETH/USDT
1776906900000,2367.38,2368.16,2363.96,2364.35,0.5948,2026-04-23 01:15:00+00:00,ETH/USDT
1776907200000,2365.03,2365.03,2365.03,2365.03,0.2777,2026-04-23 01:20:00+00:00,ETH/USDT
1776907500000,2368.36,2369.84,2364.48,2364.48,0.8453,2026-04-23 01:25:00+00:00,ETH/USDT
1776907800000,2364.48,2364.48,2364.48,2364.48,0.0,2026-04-23 01:30:00+00:00,ETH/USDT
1776908100000,2363.37,2365.34,2363.37,2365.34,0.2307,2026-04-23 01:35:00+00:00,ETH/USDT
1776908400000,2366.35,2368.3,2366.35,2367.39,0.8935,2026-04-23 01:40:00+00:00,ETH/USDT
1776908700000,2366.75,2369.3,2365.47,2369.3,0.5675,2026-04-23 01:45:00+00:00,ETH/USDT
1776909000000,2368.21,2369.11,2365.99,2365.99,0.6044,2026-04-23 01:50:00+00:00,ETH/USDT
1776909300000,2366.31,2366.97,2366.17,2366.89,0.4285,2026-04-23 01:55:00+00:00,ETH/USDT
1776909600000,2364.62,2364.62,2362.74,2362.74,0.8834,2026-04-23 02:00:00+00:00,ETH/USDT
1776909900000,2363.41,2364.34,2362.95,2364.34,1.5555,2026-04-23 02:05:00+00:00,ETH/USDT
1776910200000,2363.39,2363.39,2361.44,2361.44,0.0034,2026-04-23 02:10:00+00:00,ETH/USDT
1776910500000,2360.0,2361.96,2358.22,2361.96,1.3599,2026-04-23 02:15:00+00:00,ETH/USDT
1776910800000,2359.89,2361.29,2358.53,2358.53,1.2084,2026-04-23 02:20:00+00:00,ETH/USDT
1776911100000,2358.38,2358.38,2349.51,2355.16,4.2363,2026-04-23 02:25:00+00:00,ETH/USDT
1776911400000,2355.51,2356.32,2355.51,2356.32,0.0034,2026-04-23 02:30:00+00:00,ETH/USDT
1776911700000,2356.77,2357.78,2345.48,2346.78,0.5747,2026-04-23 02:35:00+00:00,ETH/USDT
1776912000000,2349.47,2349.47,2344.0,2349.31,3.2621,2026-04-23 02:40:00+00:00,ETH/USDT
1776912300000,2350.24,2352.37,2350.24,2350.74,0.8752,2026-04-23 02:45:00+00:00,ETH/USDT
1776912600000,2351.95,2353.0,2351.95,2353.0,0.18,2026-04-23 02:50:00+00:00,ETH/USDT
1776912900000,2352.04,2352.04,2351.73,2351.73,0.2705,2026-04-23 02:55:00+00:00,ETH/USDT
1776913200000,2350.99,2350.99,2350.99,2350.99,0.0416,2026-04-23 03:00:00+00:00,ETH/USDT
1776913500000,2349.07,2349.11,2348.22,2348.58,0.9418,2026-04-23 03:05:00+00:00,ETH/USDT
1776913800000,2346.87,2347.22,2341.79,2341.79,0.1107,2026-04-23 03:10:00+00:00,ETH/USDT
1776914100000,2341.63,2343.29,2337.73,2340.41,1.3262,2026-04-23 03:15:00+00:00,ETH/USDT
1776914400000,2337.16,2340.35,2337.16,2340.35,0.1097,2026-04-23 03:20:00+00:00,ETH/USDT
1776914700000,2338.72,2338.72,2338.72,2338.72,0.0015,2026-04-23 03:25:00+00:00,ETH/USDT
1776915000000,2336.87,2339.63,2336.55,2338.22,0.8621,2026-04-23 03:30:00+00:00,ETH/USDT
1776915300000,2334.89,2334.89,2333.95,2333.95,0.3069,2026-04-23 03:35:00+00:00,ETH/USDT
1776915600000,2334.37,2338.78,2334.21,2338.78,0.038,2026-04-23 03:40:00+00:00,ETH/USDT
1776915900000,2338.69,2339.75,2335.95,2335.95,0.2169,2026-04-23 03:45:00+00:00,ETH/USDT
1776916200000,2337.12,2340.01,2336.37,2340.01,0.7993,2026-04-23 03:50:00+00:00,ETH/USDT
1776916500000,2340.11,2342.38,2340.11,2342.38,0.0051,2026-04-23 03:55:00+00:00,ETH/USDT
1776916800000,2339.67,2339.67,2338.03,2338.03,0.0351,2026-04-23 04:00:00+00:00,ETH/USDT
1776917100000,2340.37,2341.37,2340.37,2340.65,0.9949,2026-04-23 04:05:00+00:00,ETH/USDT
1776917400000,2340.65,2344.22,2340.65,2343.95,0.0236,2026-04-23 04:10:00+00:00,ETH/USDT
1776917700000,2342.18,2343.95,2342.18,2343.95,0.2386,2026-04-23 04:15:00+00:00,ETH/USDT
1776918000000,2344.1,2344.79,2344.1,2344.79,0.0034,2026-04-23 04:20:00+00:00,ETH/USDT
1776918300000,2344.79,2344.79,2344.79,2344.79,0.0,2026-04-23 04:25:00+00:00,ETH/USDT
1776918600000,2344.87,2348.5,2344.87,2348.5,0.0267,2026-04-23 04:30:00+00:00,ETH/USDT
1776918900000,2347.35,2347.35,2347.35,2347.35,0.002,2026-04-23 04:35:00+00:00,ETH/USDT
1776919200000,2345.76,2345.76,2345.76,2345.76,0.0008,2026-04-23 04:40:00+00:00,ETH/USDT
1776919500000,2347.06,2347.31,2345.98,2345.98,0.2536,2026-04-23 04:45:00+00:00,ETH/USDT
1776919800000,2345.98,2345.98,2345.98,2345.98,0.0,2026-04-23 04:50:00+00:00,ETH/USDT
1776920100000,2347.61,2348.96,2347.61,2347.68,13.832,2026-04-23 04:55:00+00:00,ETH/USDT
1776920400000,2348.0,2352.26,2348.0,2350.79,0.3205,2026-04-23 05:00:00+00:00,ETH/USDT
1776920700000,2351.44,2351.44,2350.83,2351.17,0.5464,2026-04-23 05:05:00+00:00,ETH/USDT
1776921000000,2351.17,2351.17,2351.17,2351.17,0.0,2026-04-23 05:10:00+00:00,ETH/USDT
1776921300000,2350.68,2350.68,2349.15,2349.15,0.0783,2026-04-23 05:15:00+00:00,ETH/USDT
1776921600000,2348.35,2348.35,2348.35,2348.35,0.1011,2026-04-23 05:20:00+00:00,ETH/USDT
1776921900000,2348.35,2348.35,2348.35,2348.35,0.0,2026-04-23 05:25:00+00:00,ETH/USDT
1776922200000,2343.94,2343.96,2343.07,2343.96,0.9492,2026-04-23 05:30:00+00:00,ETH/USDT
1776922500000,2344.75,2344.75,2344.75,2344.75,0.0017,2026-04-23 05:35:00+00:00,ETH/USDT
1776922800000,2342.5,2344.79,2342.5,2344.79,0.0025,2026-04-23 05:40:00+00:00,ETH/USDT
1776923100000,2345.29,2347.88,2345.29,2347.88,0.0639,2026-04-23 05:45:00+00:00,ETH/USDT
1776923400000,2348.27,2351.98,2347.84,2350.76,0.2806,2026-04-23 05:50:00+00:00,ETH/USDT
1776923700000,2350.93,2350.93,2350.93,2350.93,0.2265,2026-04-23 05:55:00+00:00,ETH/USDT
1776924000000,2349.34,2352.26,2349.34,2352.26,0.0522,2026-04-23 06:00:00+00:00,ETH/USDT
1776924300000,2352.26,2356.55,2352.26,2353.84,1.0161,2026-04-23 06:05:00+00:00,ETH/USDT
1776924600000,2353.62,2354.11,2351.89,2351.89,0.9517,2026-04-23 06:10:00+00:00,ETH/USDT
1776924900000,2353.13,2353.13,2353.13,2353.13,0.0085,2026-04-23 06:15:00+00:00,ETH/USDT
1776925200000,2351.95,2358.92,2351.95,2358.92,1.9792,2026-04-23 06:20:00+00:00,ETH/USDT
1776925500000,2356.58,2356.58,2356.58,2356.58,0.2319,2026-04-23 06:25:00+00:00,ETH/USDT
1776925800000,2356.58,2356.58,2356.58,2356.58,0.0,2026-04-23 06:30:00+00:00,ETH/USDT
1776926100000,2355.16,2355.16,2354.9,2354.9,0.4599,2026-04-23 06:35:00+00:00,ETH/USDT
1776926400000,2354.54,2354.54,2353.04,2353.04,0.4555,2026-04-23 06:40:00+00:00,ETH/USDT
1776926700000,2353.25,2353.25,2353.25,2353.25,0.1059,2026-04-23 06:45:00+00:00,ETH/USDT
1776927000000,2355.41,2355.41,2355.41,2355.41,0.0008,2026-04-23 06:50:00+00:00,ETH/USDT
1776927300000,2354.82,2355.48,2354.82,2355.48,0.0033,2026-04-23 06:55:00+00:00,ETH/USDT
1776927600000,2355.5,2356.99,2355.36,2355.36,0.2319,2026-04-23 07:00:00+00:00,ETH/USDT
1776927900000,2356.6,2356.6,2356.6,2356.6,0.0085,2026-04-23 07:05:00+00:00,ETH/USDT
1776928200000,2355.32,2355.32,2355.32,2355.32,0.1269,2026-04-23 07:10:00+00:00,ETH/USDT
1776928500000,2352.04,2352.62,2350.61,2351.17,2.4265,2026-04-23 07:15:00+00:00,ETH/USDT
1776928800000,2351.17,2351.17,2351.17,2351.17,0.0,2026-04-23 07:20:00+00:00,ETH/USDT
1776929100000,2350.65,2350.65,2350.27,2350.27,2.0358,2026-04-23 07:25:00+00:00,ETH/USDT
1776929400000,2352.02,2352.24,2351.62,2352.24,0.0058,2026-04-23 07:30:00+00:00,ETH/USDT
1776929700000,2352.71,2352.71,2352.17,2352.17,0.0045,2026-04-23 07:35:00+00:00,ETH/USDT
1776930000000,2351.26,2351.26,2351.26,2351.26,0.2019,2026-04-23 07:40:00+00:00,ETH/USDT
1776930300000,2351.26,2351.26,2351.26,2351.26,0.0,2026-04-23 07:45:00+00:00,ETH/USDT
1776930600000,2352.78,2353.87,2340.94,2341.03,2.6654,2026-04-23 07:50:00+00:00,ETH/USDT
1776930900000,2343.13,2343.36,2342.46,2343.04,4.0286,2026-04-23 07:55:00+00:00,ETH/USDT
1776931200000,2343.04,2343.04,2343.04,2343.04,0.0,2026-04-23 08:00:00+00:00,ETH/USDT
1776931500000,2338.98,2340.72,2338.98,2340.47,0.2687,2026-04-23 08:05:00+00:00,ETH/USDT
1776931800000,2343.03,2343.9,2341.68,2343.9,1.8008,2026-04-23 08:10:00+00:00,ETH/USDT
1776932100000,2343.9,2343.9,2343.9,2343.9,0.0,2026-04-23 08:15:00+00:00,ETH/USDT
1776932400000,2345.25,2345.25,2340.91,2340.91,0.4723,2026-04-23 08:20:00+00:00,ETH/USDT
1776932700000,2338.97,2340.77,2338.29,2338.29,0.1145,2026-04-23 08:25:00+00:00,ETH/USDT
1776933000000,2336.87,2336.87,2336.55,2336.55,0.047,2026-04-23 08:30:00+00:00,ETH/USDT
1776933300000,2336.55,2336.55,2336.55,2336.55,0.0,2026-04-23 08:35:00+00:00,ETH/USDT
1776933600000,2336.0,2336.23,2336.0,2336.23,0.8101,2026-04-23 08:40:00+00:00,ETH/USDT
1776933900000,2338.45,2338.45,2338.45,2338.45,0.0178,2026-04-23 08:45:00+00:00,ETH/USDT
1776934200000,2338.45,2338.45,2338.45,2338.45,0.0,2026-04-23 08:50:00+00:00,ETH/USDT
1776934500000,2339.96,2340.72,2339.72,2340.72,0.0075,2026-04-23 08:55:00+00:00,ETH/USDT
1776934800000,2337.93,2337.93,2329.98,2329.98,1.103,2026-04-23 09:00:00+00:00,ETH/USDT
1776935100000,2328.45,2329.24,2313.84,2320.73,2.8783,2026-04-23 09:05:00+00:00,ETH/USDT
1776935400000,2321.07,2321.07,2320.19,2320.19,1.0015,2026-04-23 09:10:00+00:00,ETH/USDT
1776935700000,2323.26,2326.61,2323.05,2326.41,0.2808,2026-04-23 09:15:00+00:00,ETH/USDT
1776936000000,2324.9,2326.23,2320.19,2320.39,0.6409,2026-04-23 09:20:00+00:00,ETH/USDT
1776936300000,2320.39,2320.39,2320.39,2320.39,0.0,2026-04-23 09:25:00+00:00,ETH/USDT
1776936600000,2321.55,2323.01,2321.55,2322.73,0.0673,2026-04-23 09:30:00+00:00,ETH/USDT
1776936900000,2322.85,2323.56,2322.25,2323.56,0.0306,2026-04-23 09:35:00+00:00,ETH/USDT
1776937200000,2324.17,2326.95,2324.17,2326.95,0.0162,2026-04-23 09:40:00+00:00,ETH/USDT
1776937500000,2324.3,2324.3,2314.89,2316.92,0.9338,2026-04-23 09:45:00+00:00,ETH/USDT
1776937800000,2316.92,2316.92,2316.92,2316.92,0.0,2026-04-23 09:50:00+00:00,ETH/USDT
1776938100000,2316.74,2316.74,2316.74,2316.74,0.2161,2026-04-23 09:55:00+00:00,ETH/USDT
1776938400000,2316.92,2316.92,2316.92,2316.92,0.01,2026-04-23 10:00:00+00:00,ETH/USDT
1776938700000,2315.21,2315.21,2306.58,2306.66,6.9856,2026-04-23 10:05:00+00:00,ETH/USDT
1776939000000,2309.72,2310.98,2308.07,2308.07,0.2355,2026-04-23 10:10:00+00:00,ETH/USDT
1776939300000,2308.95,2312.97,2308.95,2312.97,0.0264,2026-04-23 10:15:00+00:00,ETH/USDT
1776939600000,2312.65,2314.02,2311.69,2312.46,1.7322,2026-04-23 10:20:00+00:00,ETH/USDT
1776939900000,2312.46,2312.46,2312.46,2312.46,0.0206,2026-04-23 10:25:00+00:00,ETH/USDT
1776940200000,2313.45,2315.61,2312.5,2312.5,0.1072,2026-04-23 10:30:00+00:00,ETH/USDT
1776940500000,2312.61,2312.61,2312.61,2312.61,0.5469,2026-04-23 10:35:00+00:00,ETH/USDT
1776940800000,2312.61,2312.61,2312.61,2312.61,0.0,2026-04-23 10:40:00+00:00,ETH/USDT
1776941100000,2314.83,2316.26,2313.06,2313.06,0.0663,2026-04-23 10:45:00+00:00,ETH/USDT
1776941400000,2313.06,2313.06,2313.06,2313.06,0.0,2026-04-23 10:50:00+00:00,ETH/USDT
1776941700000,2312.86,2312.86,2312.86,2312.86,0.5871,2026-04-23 10:55:00+00:00,ETH/USDT
1776942000000,2316.39,2317.46,2316.39,2317.46,0.061,2026-04-23 11:00:00+00:00,ETH/USDT
1776942300000,2318.54,2318.54,2317.58,2317.58,0.0104,2026-04-23 11:05:00+00:00,ETH/USDT
1776942600000,2316.51,2317.33,2315.36,2315.36,0.2772,2026-04-23 11:10:00+00:00,ETH/USDT
1776942900000,2318.72,2320.66,2318.72,2320.66,0.0108,2026-04-23 11:15:00+00:00,ETH/USDT
1776943200000,2321.23,2321.23,2320.17,2320.85,0.0057,2026-04-23 11:20:00+00:00,ETH/USDT
1776943500000,2321.04,2321.22,2321.04,2321.22,0.0036,2026-04-23 11:25:00+00:00,ETH/USDT
1776943800000,2319.4,2319.4,2318.11,2318.11,0.0329,2026-04-23 11:30:00+00:00,ETH/USDT
1776944100000,2321.36,2325.28,2320.79,2323.64,1.2285,2026-04-23 11:35:00+00:00,ETH/USDT
1776944400000,2322.59,2326.04,2322.59,2324.23,0.0273,2026-04-23 11:40:00+00:00,ETH/USDT
1776944700000,2325.97,2329.46,2325.33,2328.47,1.2963,2026-04-23 11:45:00+00:00,ETH/USDT
1776945000000,2329.2,2331.56,2329.2,2330.79,0.9476,2026-04-23 11:50:00+00:00,ETH/USDT
1776945300000,2331.58,2331.63,2331.04,2331.63,0.244,2026-04-23 11:55:00+00:00,ETH/USDT
1776945600000,2329.13,2331.43,2329.13,2330.57,0.428,2026-04-23 12:00:00+00:00,ETH/USDT
1776945900000,2331.09,2333.7,2330.47,2331.11,0.0562,2026-04-23 12:05:00+00:00,ETH/USDT
1776946200000,2331.35,2334.29,2331.35,2331.9,1.5787,2026-04-23 12:10:00+00:00,ETH/USDT
1776946500000,2331.26,2331.26,2329.0,2329.0,0.307,2026-04-23 12:15:00+00:00,ETH/USDT
1776946800000,2329.02,2329.41,2329.02,2329.41,0.4136,2026-04-23 12:20:00+00:00,ETH/USDT
1776947100000,2329.46,2329.46,2329.46,2329.46,0.039,2026-04-23 12:25:00+00:00,ETH/USDT
1776947400000,2330.54,2330.54,2330.5,2330.5,0.0222,2026-04-23 12:30:00+00:00,ETH/USDT
1776947700000,2331.17,2331.17,2331.17,2331.17,0.0021,2026-04-23 12:35:00+00:00,ETH/USDT
1776948000000,2329.56,2331.11,2329.56,2329.74,0.0454,2026-04-23 12:40:00+00:00,ETH/USDT
1776948300000,2328.17,2328.17,2322.08,2325.44,4.1332,2026-04-23 12:45:00+00:00,ETH/USDT
1776948600000,2325.44,2325.44,2325.44,2325.44,0.0,2026-04-23 12:50:00+00:00,ETH/USDT
1776948900000,2327.5,2328.0,2327.5,2328.0,0.7521,2026-04-23 12:55:00+00:00,ETH/USDT
1776949200000,2330.06,2331.48,2329.49,2331.48,0.0886,2026-04-23 13:00:00+00:00,ETH/USDT
1776949500000,2328.87,2329.0,2328.87,2329.0,0.0137,2026-04-23 13:05:00+00:00,ETH/USDT
1776949800000,2328.33,2328.33,2324.81,2324.81,0.2872,2026-04-23 13:10:00+00:00,ETH/USDT
1776950100000,2324.24,2324.24,2321.85,2322.29,1.3059,2026-04-23 13:15:00+00:00,ETH/USDT
1776950400000,2325.41,2325.41,2325.41,2325.41,0.6952,2026-04-23 13:20:00+00:00,ETH/USDT
1776950700000,2325.41,2325.41,2325.41,2325.41,0.0,2026-04-23 13:25:00+00:00,ETH/USDT
1776951000000,2324.91,2325.19,2321.74,2321.74,0.5085,2026-04-23 13:30:00+00:00,ETH/USDT
1776951300000,2323.16,2323.82,2322.31,2322.31,0.5225,2026-04-23 13:35:00+00:00,ETH/USDT
1776951600000,2322.31,2322.31,2322.31,2322.31,0.0,2026-04-23 13:40:00+00:00,ETH/USDT
1776951900000,2321.21,2321.21,2318.31,2320.92,2.0157,2026-04-23 13:45:00+00:00,ETH/USDT
1776952200000,2320.56,2320.56,2316.16,2316.16,0.5893,2026-04-23 13:50:00+00:00,ETH/USDT
1776952500000,2320.4,2320.4,2320.4,2320.4,0.0072,2026-04-23 13:55:00+00:00,ETH/USDT
1776952800000,2318.99,2324.63,2318.99,2324.63,0.2497,2026-04-23 14:00:00+00:00,ETH/USDT
1776953100000,2325.0,2325.0,2321.1,2322.2,0.8338,2026-04-23 14:05:00+00:00,ETH/USDT
1776953400000,2319.46,2320.33,2319.46,2320.33,0.0234,2026-04-23 14:10:00+00:00,ETH/USDT
1776953700000,2322.0,2322.0,2321.42,2321.42,10.4113,2026-04-23 14:15:00+00:00,ETH/USDT
1776954000000,2321.82,2329.18,2321.82,2329.18,0.6838,2026-04-23 14:20:00+00:00,ETH/USDT
1776954300000,2330.88,2332.38,2329.78,2329.78,0.3594,2026-04-23 14:25:00+00:00,ETH/USDT
1776954600000,2330.08,2330.08,2329.07,2329.07,0.2241,2026-04-23 14:30:00+00:00,ETH/USDT
1776954900000,2331.69,2331.69,2331.69,2331.69,0.0129,2026-04-23 14:35:00+00:00,ETH/USDT
1776955200000,2328.48,2328.48,2328.48,2328.48,0.7876,2026-04-23 14:40:00+00:00,ETH/USDT
1776955500000,2328.48,2328.48,2328.48,2328.48,0.0,2026-04-23 14:45:00+00:00,ETH/USDT
1776955800000,2328.48,2328.48,2328.48,2328.48,0.0,2026-04-23 14:50:00+00:00,ETH/USDT
1776956100000,2333.55,2333.85,2333.55,2333.85,1.7247,2026-04-23 14:55:00+00:00,ETH/USDT
1776956400000,2335.41,2335.41,2326.01,2326.01,0.069,2026-04-23 15:00:00+00:00,ETH/USDT
1776956700000,2325.88,2325.88,2324.97,2324.97,0.0193,2026-04-23 15:05:00+00:00,ETH/USDT
1776957000000,2327.56,2327.9,2327.56,2327.9,0.0187,2026-04-23 15:10:00+00:00,ETH/USDT
1776957300000,2328.48,2340.22,2328.48,2339.03,0.6968,2026-04-23 15:15:00+00:00,ETH/USDT
1776957600000,2339.21,2342.59,2339.19,2342.59,0.5946,2026-04-23 15:20:00+00:00,ETH/USDT
1776957900000,2337.87,2337.87,2337.21,2337.21,0.0187,2026-04-23 15:25:00+00:00,ETH/USDT
1776958200000,2331.45,2334.62,2330.3,2334.62,0.529,2026-04-23 15:30:00+00:00,ETH/USDT
1776958500000,2334.68,2336.79,2333.78,2336.11,1.229,2026-04-23 15:35:00+00:00,ETH/USDT
1776958800000,2339.17,2339.17,2339.17,2339.17,0.0549,2026-04-23 15:40:00+00:00,ETH/USDT
1776959100000,2332.32,2332.94,2332.32,2332.94,0.0057,2026-04-23 15:45:00+00:00,ETH/USDT
1776959400000,2334.74,2334.74,2330.9,2330.9,0.0265,2026-04-23 15:50:00+00:00,ETH/USDT
1776959700000,2332.4,2333.22,2332.4,2333.02,0.0571,2026-04-23 15:55:00+00:00,ETH/USDT
1776960000000,2330.32,2330.32,2329.1,2329.1,1.018,2026-04-23 16:00:00+00:00,ETH/USDT
1776960300000,2329.38,2334.57,2329.38,2334.57,25.0155,2026-04-23 16:05:00+00:00,ETH/USDT
1776960600000,2334.57,2334.57,2334.57,2334.57,0.0,2026-04-23 16:10:00+00:00,ETH/USDT
1776960900000,2330.53,2330.83,2330.0,2330.0,0.7253,2026-04-23 16:15:00+00:00,ETH/USDT
1776961200000,2331.49,2331.49,2330.0,2330.58,6.8668,2026-04-23 16:20:00+00:00,ETH/USDT
1776961500000,2330.96,2331.33,2330.96,2331.33,0.858,2026-04-23 16:25:00+00:00,ETH/USDT
1776961800000,2332.8,2332.8,2332.8,2332.8,0.0081,2026-04-23 16:30:00+00:00,ETH/USDT
1776962100000,2332.8,2332.8,2332.8,2332.8,0.0,2026-04-23 16:35:00+00:00,ETH/USDT
1776962400000,2332.8,2332.8,2332.8,2332.8,0.0,2026-04-23 16:40:00+00:00,ETH/USDT
1776962700000,2332.8,2332.8,2332.8,2332.8,0.0,2026-04-23 16:45:00+00:00,ETH/USDT
1776963000000,2328.45,2328.45,2325.0,2325.51,0.5283,2026-04-23 16:50:00+00:00,ETH/USDT
1776963300000,2325.8,2327.38,2324.04,2324.63,1.089,2026-04-23 16:55:00+00:00,ETH/USDT
1776963600000,2327.72,2329.02,2320.0,2323.62,0.7154,2026-04-23 17:00:00+00:00,ETH/USDT
1776963900000,2317.06,2317.06,2314.0,2314.0,0.8587,2026-04-23 17:05:00+00:00,ETH/USDT
1776964200000,2315.24,2318.52,2315.24,2318.52,0.4236,2026-04-23 17:10:00+00:00,ETH/USDT
1776964500000,2313.88,2313.88,2306.81,2311.69,8.4483,2026-04-23 17:15:00+00:00,ETH/USDT
1776964800000,2308.77,2308.77,2308.45,2308.45,0.4245,2026-04-23 17:20:00+00:00,ETH/USDT
1776965100000,2311.34,2311.34,2307.93,2308.76,0.8338,2026-04-23 17:25:00+00:00,ETH/USDT
1776965400000,2309.65,2309.65,2309.65,2309.65,0.2322,2026-04-23 17:30:00+00:00,ETH/USDT
1776965700000,2310.4,2310.4,2295.33,2295.81,4.9916,2026-04-23 17:35:00+00:00,ETH/USDT
1776966000000,2295.17,2295.17,2289.28,2293.43,1.2496,2026-04-23 17:40:00+00:00,ETH/USDT
1776966300000,2291.88,2295.72,2285.8,2293.28,2.4387,2026-04-23 17:45:00+00:00,ETH/USDT
1776966600000,2294.02,2308.75,2290.12,2307.35,1.0643,2026-04-23 17:50:00+00:00,ETH/USDT
1776966900000,2309.16,2310.21,2307.93,2307.93,0.0443,2026-04-23 17:55:00+00:00,ETH/USDT
1776967200000,2311.43,2314.72,2310.55,2314.1,0.8205,2026-04-23 18:00:00+00:00,ETH/USDT
1776967500000,2316.9,2316.9,2313.19,2314.43,0.2301,2026-04-23 18:05:00+00:00,ETH/USDT
1776967800000,2313.78,2316.25,2313.78,2316.22,0.956,2026-04-23 18:10:00+00:00,ETH/USDT
1776968100000,2314.52,2315.98,2313.8,2313.8,0.2843,2026-04-23 18:15:00+00:00,ETH/USDT
1776968400000,2312.52,2312.52,2311.24,2311.68,0.5201,2026-04-23 18:20:00+00:00,ETH/USDT
1776968700000,2309.84,2309.87,2309.73,2309.73,0.8482,2026-04-23 18:25:00+00:00,ETH/USDT
1776969000000,2310.93,2310.93,2310.93,2310.93,0.0774,2026-04-23 18:30:00+00:00,ETH/USDT
1776969300000,2312.94,2312.94,2312.94,2312.94,0.0086,2026-04-23 18:35:00+00:00,ETH/USDT
1776969600000,2314.8,2315.15,2314.8,2315.15,0.4637,2026-04-23 18:40:00+00:00,ETH/USDT
1776969900000,2313.48,2314.12,2313.48,2314.12,0.33,2026-04-23 18:45:00+00:00,ETH/USDT
1776970200000,2310.38,2311.75,2310.38,2311.75,0.0373,2026-04-23 18:50:00+00:00,ETH/USDT
1776970500000,2308.87,2308.87,2308.73,2308.73,2.5268,2026-04-23 18:55:00+00:00,ETH/USDT
1776970800000,2306.59,2306.59,2302.91,2304.48,2.2026,2026-04-23 19:00:00+00:00,ETH/USDT
1776971100000,2307.61,2309.9,2306.82,2309.9,0.0996,2026-04-23 19:05:00+00:00,ETH/USDT
1776971400000,2309.14,2309.14,2308.23,2308.86,1.3131,2026-04-23 19:10:00+00:00,ETH/USDT
1776971700000,2309.96,2312.51,2309.96,2312.51,0.9988,2026-04-23 19:15:00+00:00,ETH/USDT
1776972000000,2312.4,2312.4,2312.4,2312.4,0.2344,2026-04-23 19:20:00+00:00,ETH/USDT
1776972300000,2314.17,2314.17,2314.17,2314.17,0.013,2026-04-23 19:25:00+00:00,ETH/USDT
1776972600000,2311.61,2311.61,2309.72,2309.72,0.2979,2026-04-23 19:30:00+00:00,ETH/USDT
1776972900000,2309.72,2310.34,2309.14,2310.34,0.5908,2026-04-23 19:35:00+00:00,ETH/USDT
1776973200000,2310.01,2310.01,2310.01,2310.01,0.004,2026-04-23 19:40:00+00:00,ETH/USDT
1776973500000,2311.53,2316.46,2311.53,2316.11,3.419,2026-04-23 19:45:00+00:00,ETH/USDT
1776973800000,2315.17,2315.17,2307.46,2314.15,2.2574,2026-04-23 19:50:00+00:00,ETH/USDT
1776974100000,2314.15,2314.15,2314.15,2314.15,0.0,2026-04-23 19:55:00+00:00,ETH/USDT
1776974400000,2315.96,2322.77,2315.96,2322.77,1.0937,2026-04-23 20:00:00+00:00,ETH/USDT
1776974700000,2324.35,2324.4,2323.23,2323.73,0.606,2026-04-23 20:05:00+00:00,ETH/USDT
1776975000000,2323.72,2323.72,2321.94,2321.94,0.85,2026-04-23 20:10:00+00:00,ETH/USDT
1776975300000,2320.66,2320.66,2320.66,2320.66,0.043,2026-04-23 20:15:00+00:00,ETH/USDT
1776975600000,2321.67,2321.67,2318.75,2318.75,0.1214,2026-04-23 20:20:00+00:00,ETH/USDT
1776975900000,2319.01,2319.01,2319.01,2319.01,0.0125,2026-04-23 20:25:00+00:00,ETH/USDT
1776976200000,2319.01,2319.01,2319.01,2319.01,0.0,2026-04-23 20:30:00+00:00,ETH/USDT
1776976500000,2324.47,2325.5,2324.47,2325.5,2.3179,2026-04-23 20:35:00+00:00,ETH/USDT
1776976800000,2325.5,2328.45,2325.5,2326.3,4.6437,2026-04-23 20:40:00+00:00,ETH/USDT
1776977100000,2328.04,2328.04,2327.44,2327.57,1.5127,2026-04-23 20:45:00+00:00,ETH/USDT
1776977400000,2324.22,2324.22,2324.22,2324.22,0.0139,2026-04-23 20:50:00+00:00,ETH/USDT
1776977700000,2324.3,2324.81,2323.62,2324.81,3.1651,2026-04-23 20:55:00+00:00,ETH/USDT
1776978000000,2324.45,2324.45,2323.46,2324.45,0.2338,2026-04-23 21:00:00+00:00,ETH/USDT
1776978300000,2325.56,2325.72,2325.56,2325.68,0.6788,2026-04-23 21:05:00+00:00,ETH/USDT
1776978600000,2325.68,2325.68,2325.68,2325.68,0.0,2026-04-23 21:10:00+00:00,ETH/USDT
1776978900000,2321.46,2322.44,2321.46,2321.74,1.2857,2026-04-23 21:15:00+00:00,ETH/USDT
1776979200000,2322.0,2322.0,2321.76,2322.0,0.3431,2026-04-23 21:20:00+00:00,ETH/USDT
1776979500000,2322.0,2322.0,2322.0,2322.0,0.0,2026-04-23 21:25:00+00:00,ETH/USDT
1776979800000,2325.94,2326.1,2325.94,2326.1,0.0229,2026-04-23 21:30:00+00:00,ETH/USDT
1776980100000,2328.05,2328.05,2327.79,2327.79,0.0116,2026-04-23 21:35:00+00:00,ETH/USDT
1776980400000,2327.79,2327.79,2327.79,2327.79,0.0,2026-04-23 21:40:00+00:00,ETH/USDT
1776980700000,2328.71,2328.71,2327.79,2327.79,0.0155,2026-04-23 21:45:00+00:00,ETH/USDT
1776981000000,2327.79,2327.79,2327.79,2327.79,0.0,2026-04-23 21:50:00+00:00,ETH/USDT
1776981300000,2328.52,2328.52,2323.28,2323.28,0.5817,2026-04-23 21:55:00+00:00,ETH/USDT
1776981600000,2327.3,2327.3,2327.3,2327.3,0.0171,2026-04-23 22:00:00+00:00,ETH/USDT
1776981900000,2325.94,2330.0,2325.94,2329.32,0.7333,2026-04-23 22:05:00+00:00,ETH/USDT
1776982200000,2329.17,2329.17,2329.17,2329.17,0.0736,2026-04-23 22:10:00+00:00,ETH/USDT
1776982500000,2331.45,2337.45,2331.45,2337.45,0.3718,2026-04-23 22:15:00+00:00,ETH/USDT
1776982800000,2337.37,2338.26,2336.16,2336.16,0.2406,2026-04-23 22:20:00+00:00,ETH/USDT
1776983100000,2333.6,2333.6,2330.76,2330.76,0.2371,2026-04-23 22:25:00+00:00,ETH/USDT
1776983400000,2332.33,2332.44,2332.33,2332.44,0.0304,2026-04-23 22:30:00+00:00,ETH/USDT
1776983700000,2332.52,2332.52,2332.52,2332.52,0.2138,2026-04-23 22:35:00+00:00,ETH/USDT
1776984000000,2334.74,2334.74,2334.74,2334.74,0.006,2026-04-23 22:40:00+00:00,ETH/USDT
1776984300000,2335.98,2335.98,2335.97,2335.97,1.2488,2026-04-23 22:45:00+00:00,ETH/USDT
1776984600000,2335.97,2335.97,2335.97,2335.97,0.0,2026-04-23 22:50:00+00:00,ETH/USDT
1776984900000,2330.39,2330.39,2330.39,2330.39,0.2241,2026-04-23 22:55:00+00:00,ETH/USDT
1776985200000,2331.18,2331.31,2331.14,2331.31,0.1061,2026-04-23 23:00:00+00:00,ETH/USDT
1776985500000,2330.59,2330.59,2330.0,2330.0,0.0706,2026-04-23 23:05:00+00:00,ETH/USDT
1776985800000,2327.65,2328.33,2327.5,2327.5,0.0409,2026-04-23 23:10:00+00:00,ETH/USDT
1776986100000,2325.0,2325.0,2324.19,2324.19,0.0269,2026-04-23 23:15:00+00:00,ETH/USDT
1776986400000,2325.91,2328.35,2325.77,2328.35,2.8047,2026-04-23 23:20:00+00:00,ETH/USDT
1776986700000,2329.3,2329.3,2329.3,2329.3,0.0021,2026-04-23 23:25:00+00:00,ETH/USDT
1776987000000,2327.53,2327.53,2327.53,2327.53,0.2142,2026-04-23 23:30:00+00:00,ETH/USDT
1776987300000,2327.88,2327.88,2327.88,2327.88,0.1294,2026-04-23 23:35:00+00:00,ETH/USDT
1776987600000,2328.66,2331.1,2328.66,2331.1,0.2093,2026-04-23 23:40:00+00:00,ETH/USDT
1776987900000,2331.1,2331.1,2331.1,2331.1,0.0,2026-04-23 23:45:00+00:00,ETH/USDT
1776988200000,2331.1,2331.1,2331.1,2331.1,0.0,2026-04-23 23:50:00+00:00,ETH/USDT
1776988500000,2330.66,2330.66,2330.66,2330.66,0.214,2026-04-23 23:55:00+00:00,ETH/USDT
1776988800000,2331.04,2331.04,2330.6,2330.6,0.5005,2026-04-24 00:00:00+00:00,ETH/USDT
1776989100000,2328.34,2331.02,2328.34,2330.98,0.4585,2026-04-24 00:05:00+00:00,ETH/USDT
1776989400000,2332.45,2333.07,2332.19,2332.19,0.0399,2026-04-24 00:10:00+00:00,ETH/USDT
1776989700000,2331.58,2333.99,2330.28,2333.95,0.3947,2026-04-24 00:15:00+00:00,ETH/USDT
1776990000000,2335.0,2337.24,2332.94,2332.94,1.5909,2026-04-24 00:20:00+00:00,ETH/USDT
1776990300000,2332.9,2335.66,2332.62,2333.81,0.0322,2026-04-24 00:25:00+00:00,ETH/USDT
1776990600000,2334.27,2336.14,2333.87,2335.15,0.0459,2026-04-24 00:30:00+00:00,ETH/USDT
1776990900000,2335.44,2336.27,2335.13,2335.56,0.0481,2026-04-24 00:35:00+00:00,ETH/USDT
1776991200000,2335.47,2335.47,2332.55,2332.55,0.2803,2026-04-24 00:40:00+00:00,ETH/USDT
1776991500000,2332.7,2336.2,2332.7,2335.83,0.0074,2026-04-24 00:45:00+00:00,ETH/USDT
1776991800000,2335.47,2335.93,2333.09,2333.09,0.0277,2026-04-24 00:50:00+00:00,ETH/USDT
1776992100000,2330.0,2331.95,2329.99,2331.95,0.4241,2026-04-24 00:55:00+00:00,ETH/USDT
1776992400000,2331.62,2331.62,2328.03,2328.37,0.0204,2026-04-24 01:00:00+00:00,ETH/USDT
1776992700000,2327.25,2327.73,2324.28,2324.28,0.2416,2026-04-24 01:05:00+00:00,ETH/USDT
1776993000000,2326.99,2327.57,2325.86,2326.15,0.0339,2026-04-24 01:10:00+00:00,ETH/USDT
1776993300000,2326.72,2326.72,2326.72,2326.72,0.0042,2026-04-24 01:15:00+00:00,ETH/USDT
1776993600000,2323.0,2323.0,2321.83,2322.41,0.8107,2026-04-24 01:20:00+00:00,ETH/USDT
1776993900000,2323.17,2323.17,2322.14,2322.14,0.0033,2026-04-24 01:25:00+00:00,ETH/USDT
1776994200000,2320.95,2320.95,2320.0,2320.0,0.0568,2026-04-24 01:30:00+00:00,ETH/USDT
1776994500000,2321.26,2324.75,2321.26,2324.75,0.101,2026-04-24 01:35:00+00:00,ETH/USDT
1776994800000,2324.17,2325.0,2324.17,2325.0,0.1084,2026-04-24 01:40:00+00:00,ETH/USDT
1776995100000,2321.64,2326.36,2320.99,2326.36,0.3035,2026-04-24 01:45:00+00:00,ETH/USDT
1776995400000,2330.0,2333.07,2330.0,2332.07,1.2026,2026-04-24 01:50:00+00:00,ETH/USDT
1776995700000,2332.84,2332.84,2332.84,2332.84,0.098,2026-04-24 01:55:00+00:00,ETH/USDT
1776996000000,2332.84,2332.84,2332.84,2332.84,0.0,2026-04-24 02:00:00+00:00,ETH/USDT
1776996300000,2328.84,2329.95,2328.84,2329.95,0.0274,2026-04-24 02:05:00+00:00,ETH/USDT
1776996600000,2329.51,2329.88,2328.03,2328.9,0.0826,2026-04-24 02:10:00+00:00,ETH/USDT
1776996900000,2328.48,2329.28,2328.48,2329.28,0.007,2026-04-24 02:15:00+00:00,ETH/USDT
1776997200000,2327.74,2327.74,2326.28,2326.28,0.9142,2026-04-24 02:20:00+00:00,ETH/USDT
1776997500000,2325.0,2325.0,2325.0,2325.0,0.0047,2026-04-24 02:25:00+00:00,ETH/USDT
1776997800000,2326.65,2326.77,2326.65,2326.71,0.1352,2026-04-24 02:30:00+00:00,ETH/USDT
1776998100000,2326.71,2326.71,2326.71,2326.71,0.0,2026-04-24 02:35:00+00:00,ETH/USDT
1776998400000,2326.53,2328.52,2326.53,2328.4,1.0167,2026-04-24 02:40:00+00:00,ETH/USDT
1776998700000,2329.28,2329.85,2329.28,2329.28,0.7832,2026-04-24 02:45:00+00:00,ETH/USDT
1776999000000,2329.47,2329.47,2316.11,2317.91,2.9488,2026-04-24 02:50:00+00:00,ETH/USDT
1776999300000,2319.89,2319.89,2319.89,2319.89,0.0022,2026-04-24 02:55:00+00:00,ETH/USDT
1776999600000,2319.89,2319.94,2318.6,2318.6,0.0563,2026-04-24 03:00:00+00:00,ETH/USDT
1776999900000,2318.6,2318.6,2318.6,2318.6,0.0,2026-04-24 03:05:00+00:00,ETH/USDT
1777000200000,2319.6,2319.6,2319.6,2319.6,0.0215,2026-04-24 03:10:00+00:00,ETH/USDT
1777000500000,2319.6,2319.6,2319.6,2319.6,0.0,2026-04-24 03:15:00+00:00,ETH/USDT
1777000800000,2316.86,2316.86,2309.4,2309.54,2.3087,2026-04-24 03:20:00+00:00,ETH/USDT
1777001100000,2312.7,2312.7,2312.27,2312.27,0.8991,2026-04-24 03:25:00+00:00,ETH/USDT
1777001400000,2308.75,2308.75,2300.53,2302.08,8.6843,2026-04-24 03:30:00+00:00,ETH/USDT
1777001700000,2304.77,2304.77,2304.77,2304.77,0.0987,2026-04-24 03:35:00+00:00,ETH/USDT
1777002000000,2305.17,2305.17,2305.17,2305.17,0.0092,2026-04-24 03:40:00+00:00,ETH/USDT
1777002300000,2305.17,2305.17,2305.17,2305.17,0.0,2026-04-24 03:45:00+00:00,ETH/USDT
1777002600000,2308.3,2308.3,2308.3,2308.3,0.0108,2026-04-24 03:50:00+00:00,ETH/USDT
1777002900000,2308.3,2308.3,2308.3,2308.3,0.0,2026-04-24 03:55:00+00:00,ETH/USDT
1777003200000,2308.3,2308.3,2308.3,2308.3,0.0,2026-04-24 04:00:00+00:00,ETH/USDT
1777003500000,2308.61,2308.61,2308.61,2308.61,0.6512,2026-04-24 04:05:00+00:00,ETH/USDT
1777003800000,2309.25,2310.15,2309.1,2309.99,0.8196,2026-04-24 04:10:00+00:00,ETH/USDT
1777004100000,2309.99,2309.99,2309.99,2309.99,0.0,2026-04-24 04:15:00+00:00,ETH/USDT
1777004400000,2309.99,2309.99,2309.99,2309.99,0.0,2026-04-24 04:20:00+00:00,ETH/USDT
1777004700000,2307.0,2307.0,2307.0,2307.0,0.8064,2026-04-24 04:25:00+00:00,ETH/USDT
1777005000000,2305.93,2305.93,2305.93,2305.93,0.2189,2026-04-24 04:30:00+00:00,ETH/USDT
1777005300000,2301.83,2301.83,2301.83,2301.83,0.0056,2026-04-24 04:35:00+00:00,ETH/USDT
1777005600000,2303.53,2304.19,2303.53,2304.19,0.0173,2026-04-24 04:40:00+00:00,ETH/USDT
1777005900000,2304.19,2304.19,2304.19,2304.19,0.0,2026-04-24 04:45:00+00:00,ETH/USDT
1777006200000,2306.59,2306.59,2306.59,2306.59,0.003,2026-04-24 04:50:00+00:00,ETH/USDT
1777006500000,2306.59,2306.59,2306.59,2306.59,0.0,2026-04-24 04:55:00+00:00,ETH/USDT
1777006800000,2306.43,2306.43,2305.7,2305.7,0.4552,2026-04-24 05:00:00+00:00,ETH/USDT
1777007100000,2305.7,2305.7,2305.7,2305.7,0.0,2026-04-24 05:05:00+00:00,ETH/USDT
1777007400000,2304.12,2304.12,2303.25,2303.25,0.0476,2026-04-24 05:10:00+00:00,ETH/USDT
1777007700000,2304.67,2304.67,2304.67,2304.67,0.013,2026-04-24 05:15:00+00:00,ETH/USDT
1777008000000,2304.0,2304.0,2301.39,2301.39,0.0303,2026-04-24 05:20:00+00:00,ETH/USDT
1777008300000,2302.97,2302.97,2300.77,2300.77,1.3266,2026-04-24 05:25:00+00:00,ETH/USDT
1777008600000,2305.91,2305.91,2305.91,2305.91,0.0043,2026-04-24 05:30:00+00:00,ETH/USDT
1777008900000,2306.88,2307.54,2306.88,2307.54,0.9864,2026-04-24 05:35:00+00:00,ETH/USDT
1777009200000,2307.54,2307.54,2307.54,2307.54,0.0,2026-04-24 05:40:00+00:00,ETH/USDT
1777009500000,2307.54,2307.54,2307.54,2307.54,0.0,2026-04-24 05:45:00+00:00,ETH/USDT
1777009800000,2313.5,2313.5,2313.5,2313.5,0.0172,2026-04-24 05:50:00+00:00,ETH/USDT
1777010100000,2315.0,2316.02,2315.0,2316.02,1.51,2026-04-24 05:55:00+00:00,ETH/USDT
1777010400000,2316.02,2316.02,2316.02,2316.02,0.0,2026-04-24 06:00:00+00:00,ETH/USDT
1777010700000,2314.95,2314.95,2314.95,2314.95,0.0024,2026-04-24 06:05:00+00:00,ETH/USDT
1777011000000,2314.95,2314.95,2314.95,2314.95,0.0,2026-04-24 06:10:00+00:00,ETH/USDT
1777011300000,2315.2,2316.73,2315.2,2316.73,0.4642,2026-04-24 06:15:00+00:00,ETH/USDT
1777011600000,2316.73,2316.73,2316.73,2316.73,0.0,2026-04-24 06:20:00+00:00,ETH/USDT
1777011900000,2316.73,2316.73,2316.73,2316.73,0.0,2026-04-24 06:25:00+00:00,ETH/USDT
1777012200000,2310.0,2310.0,2309.61,2309.61,0.0186,2026-04-24 06:30:00+00:00,ETH/USDT
1777012500000,2309.61,2309.61,2309.61,2309.61,0.0,2026-04-24 06:35:00+00:00,ETH/USDT
1777012800000,2310.26,2310.26,2310.26,2310.26,0.0108,2026-04-24 06:40:00+00:00,ETH/USDT
1777013100000,2310.26,2310.26,2310.26,2310.26,0.0,2026-04-24 06:45:00+00:00,ETH/USDT
1777013400000,2310.91,2310.91,2310.91,2310.91,0.2297,2026-04-24 06:50:00+00:00,ETH/USDT
1777013700000,2310.38,2310.38,2309.61,2309.61,0.424,2026-04-24 06:55:00+00:00,ETH/USDT
1777014000000,2309.61,2309.61,2309.61,2309.61,0.0,2026-04-24 07:00:00+00:00,ETH/USDT
1777014300000,2315.0,2315.49,2315.0,2315.49,0.0108,2026-04-24 07:05:00+00:00,ETH/USDT
1777014600000,2315.49,2315.49,2315.49,2315.49,0.0,2026-04-24 07:10:00+00:00,ETH/USDT
1777014900000,2315.49,2315.49,2315.49,2315.49,0.0,2026-04-24 07:15:00+00:00,ETH/USDT
1777015200000,2315.49,2315.49,2315.49,2315.49,0.0,2026-04-24 07:20:00+00:00,ETH/USDT
1777015500000,2313.59,2313.59,2313.59,2313.59,0.75,2026-04-24 07:25:00+00:00,ETH/USDT
1777015800000,2313.59,2313.59,2313.59,2313.59,0.0,2026-04-24 07:30:00+00:00,ETH/USDT
1777016100000,2312.34,2312.34,2312.34,2312.34,0.75,2026-04-24 07:35:00+00:00,ETH/USDT
1777016400000,2312.76,2313.21,2312.76,2313.21,0.4268,2026-04-24 07:40:00+00:00,ETH/USDT
1777016700000,2313.21,2313.21,2313.21,2313.21,0.0,2026-04-24 07:45:00+00:00,ETH/USDT
1777017000000,2313.52,2313.52,2312.72,2312.72,0.9013,2026-04-24 07:50:00+00:00,ETH/USDT
1777017300000,2310.0,2310.0,2309.63,2309.63,0.042,2026-04-24 07:55:00+00:00,ETH/USDT
1777017600000,2309.63,2309.63,2309.63,2309.63,0.0,2026-04-24 08:00:00+00:00,ETH/USDT
1777017900000,2309.63,2309.63,2309.63,2309.63,0.0,2026-04-24 08:05:00+00:00,ETH/USDT
1777018200000,2309.63,2309.63,2309.63,2309.63,0.0,2026-04-24 08:10:00+00:00,ETH/USDT
1777018500000,2312.1,2316.9,2312.1,2316.26,0.491,2026-04-24 08:15:00+00:00,ETH/USDT
1777018800000,2318.61,2321.31,2318.13,2320.42,1.9236,2026-04-24 08:20:00+00:00,ETH/USDT
1777019100000,2317.71,2317.71,2317.71,2317.71,0.2292,2026-04-24 08:25:00+00:00,ETH/USDT
1777019400000,2316.59,2316.59,2315.0,2315.0,0.071,2026-04-24 08:30:00+00:00,ETH/USDT
1777019700000,2315.0,2315.0,2315.0,2315.0,0.0,2026-04-24 08:35:00+00:00,ETH/USDT
1777020000000,2315.0,2315.0,2315.0,2315.0,0.0,2026-04-24 08:40:00+00:00,ETH/USDT
1777020300000,2314.83,2314.83,2314.83,2314.83,0.0407,2026-04-24 08:45:00+00:00,ETH/USDT
1777020600000,2314.83,2314.83,2314.83,2314.83,0.0,2026-04-24 08:50:00+00:00,ETH/USDT
1777020900000,2317.34,2317.34,2316.2,2316.2,0.064,2026-04-24 08:55:00+00:00,ETH/USDT
1777021200000,2315.92,2315.92,2315.92,2315.92,0.0043,2026-04-24 09:00:00+00:00,ETH/USDT
1777021500000,2310.0,2310.0,2304.78,2304.78,1.8476,2026-04-24 09:05:00+00:00,ETH/USDT
1777021800000,2304.78,2304.78,2304.78,2304.78,0.0,2026-04-24 09:10:00+00:00,ETH/USDT
1777022100000,2308.72,2308.72,2308.72,2308.72,0.0035,2026-04-24 09:15:00+00:00,ETH/USDT
1777022400000,2308.99,2310.19,2307.46,2307.46,2.2402,2026-04-24 09:20:00+00:00,ETH/USDT
1777022700000,2307.46,2307.46,2307.46,2307.46,0.0,2026-04-24 09:25:00+00:00,ETH/USDT
1777023000000,2307.46,2307.46,2307.46,2307.46,0.0,2026-04-24 09:30:00+00:00,ETH/USDT
1777023300000,2310.15,2310.15,2310.15,2310.15,0.0108,2026-04-24 09:35:00+00:00,ETH/USDT
1777023600000,2310.48,2310.49,2310.48,2310.49,0.0316,2026-04-24 09:40:00+00:00,ETH/USDT
1777023900000,2309.47,2309.47,2308.75,2308.75,0.2166,2026-04-24 09:45:00+00:00,ETH/USDT
1777024200000,2308.12,2309.85,2308.12,2309.85,0.0462,2026-04-24 09:50:00+00:00,ETH/USDT
1777024500000,2309.03,2309.03,2306.47,2306.47,5.4425,2026-04-24 09:55:00+00:00,ETH/USDT
1777024800000,2306.47,2306.47,2306.47,2306.47,0.0,2026-04-24 10:00:00+00:00,ETH/USDT
1777025100000,2306.47,2306.47,2306.47,2306.47,0.0,2026-04-24 10:05:00+00:00,ETH/USDT
1777025400000,2306.47,2306.47,2306.47,2306.47,0.0,2026-04-24 10:10:00+00:00,ETH/USDT
1777025700000,2306.47,2306.47,2306.47,2306.47,0.0,2026-04-24 10:15:00+00:00,ETH/USDT
1777026000000,2306.47,2306.47,2306.47,2306.47,0.0,2026-04-24 10:20:00+00:00,ETH/USDT
1777026300000,2315.0,2315.0,2315.0,2315.0,0.01,2026-04-24 10:25:00+00:00,ETH/USDT
1777026600000,2314.5,2314.5,2314.5,2314.5,0.0149,2026-04-24 10:30:00+00:00,ETH/USDT
1777026900000,2315.08,2315.08,2314.17,2314.17,0.0186,2026-04-24 10:35:00+00:00,ETH/USDT
1777027200000,2314.17,2314.17,2314.17,2314.17,0.0,2026-04-24 10:40:00+00:00,ETH/USDT
1777027500000,2314.75,2314.75,2314.75,2314.75,0.2813,2026-04-24 10:45:00+00:00,ETH/USDT
1777027800000,2314.75,2314.75,2314.75,2314.75,0.0,2026-04-24 10:50:00+00:00,ETH/USDT
1777028100000,2318.6,2318.6,2318.6,2318.6,0.3025,2026-04-24 10:55:00+00:00,ETH/USDT
1777028400000,2317.02,2323.52,2317.02,2323.52,2.032,2026-04-24 11:00:00+00:00,ETH/USDT
1777028700000,2321.61,2330.0,2321.61,2329.33,3.0241,2026-04-24 11:05:00+00:00,ETH/USDT
1777029000000,2328.3,2328.3,2327.11,2327.11,0.2991,2026-04-24 11:10:00+00:00,ETH/USDT
1777029300000,2327.87,2327.87,2327.87,2327.87,0.2567,2026-04-24 11:15:00+00:00,ETH/USDT
1777029600000,2327.87,2330.7,2327.87,2327.95,1.8268,2026-04-24 11:20:00+00:00,ETH/USDT
1777029900000,2329.18,2330.76,2329.18,2330.69,1.6049,2026-04-24 11:25:00+00:00,ETH/USDT
1777030200000,2331.21,2331.21,2331.21,2331.21,0.2139,2026-04-24 11:30:00+00:00,ETH/USDT
1777030500000,2331.21,2331.21,2331.21,2331.21,0.0,2026-04-24 11:35:00+00:00,ETH/USDT
1777030800000,2329.24,2331.61,2329.24,2331.61,0.2396,2026-04-24 11:40:00+00:00,ETH/USDT
1777031100000,2329.85,2329.85,2329.85,2329.85,0.0429,2026-04-24 11:45:00+00:00,ETH/USDT
1777031400000,2329.85,2329.85,2329.85,2329.85,0.0,2026-04-24 11:50:00+00:00,ETH/USDT
1777031700000,2329.85,2329.85,2329.85,2329.85,0.0,2026-04-24 11:55:00+00:00,ETH/USDT
1777032000000,2330.03,2331.13,2328.95,2328.95,1.5793,2026-04-24 12:00:00+00:00,ETH/USDT
1777032300000,2329.36,2330.02,2329.36,2330.02,0.7065,2026-04-24 12:05:00+00:00,ETH/USDT
1777032600000,2329.18,2331.22,2329.18,2331.21,1.3516,2026-04-24 12:10:00+00:00,ETH/USDT
1777032900000,2327.78,2329.13,2327.38,2329.13,1.8229,2026-04-24 12:15:00+00:00,ETH/USDT
1777033200000,2327.65,2328.83,2327.65,2328.83,1.0067,2026-04-24 12:20:00+00:00,ETH/USDT
1777033500000,2328.83,2328.83,2328.83,2328.83,0.0,2026-04-24 12:25:00+00:00,ETH/USDT
1777033800000,2328.83,2328.83,2328.83,2328.83,0.0,2026-04-24 12:30:00+00:00,ETH/USDT
1777034100000,2328.83,2328.83,2328.83,2328.83,0.0,2026-04-24 12:35:00+00:00,ETH/USDT
1777034400000,2327.29,2327.5,2327.29,2327.5,1.0,2026-04-24 12:40:00+00:00,ETH/USDT
1777034700000,2327.5,2327.5,2327.5,2327.5,0.0,2026-04-24 12:45:00+00:00,ETH/USDT
1777035000000,2327.5,2327.5,2327.5,2327.5,0.0,2026-04-24 12:50:00+00:00,ETH/USDT
1777035300000,2323.19,2323.19,2323.19,2323.19,0.0172,2026-04-24 12:55:00+00:00,ETH/USDT
1777035600000,2326.75,2326.75,2326.75,2326.75,0.2347,2026-04-24 13:00:00+00:00,ETH/USDT
1777035900000,2329.81,2329.81,2329.81,2329.81,0.0107,2026-04-24 13:05:00+00:00,ETH/USDT
1777036200000,2329.81,2329.81,2329.81,2329.81,0.0,2026-04-24 13:10:00+00:00,ETH/USDT
1777036500000,2329.81,2329.81,2329.81,2329.81,0.0,2026-04-24 13:15:00+00:00,ETH/USDT
1777036800000,2329.81,2329.81,2329.81,2329.81,0.0,2026-04-24 13:20:00+00:00,ETH/USDT
1777037100000,2329.81,2329.81,2329.81,2329.81,0.0,2026-04-24 13:25:00+00:00,ETH/USDT
1777037400000,2322.92,2323.56,2322.3,2322.68,1.1242,2026-04-24 13:30:00+00:00,ETH/USDT
1777037700000,2324.45,2324.45,2324.45,2324.45,0.0103,2026-04-24 13:35:00+00:00,ETH/USDT
1777038000000,2323.21,2323.21,2323.21,2323.21,0.2635,2026-04-24 13:40:00+00:00,ETH/USDT
1777038300000,2318.44,2318.44,2314.4,2315.03,2.9818,2026-04-24 13:45:00+00:00,ETH/USDT
1777038600000,2314.4,2314.4,2313.54,2313.54,0.0274,2026-04-24 13:50:00+00:00,ETH/USDT
1777038900000,2312.04,2316.68,2312.04,2316.68,0.3854,2026-04-24 13:55:00+00:00,ETH/USDT
1777039200000,2310.45,2312.48,2308.75,2311.06,0.5858,2026-04-24 14:00:00+00:00,ETH/USDT
1777039500000,2312.74,2312.74,2312.74,2312.74,0.0086,2026-04-24 14:05:00+00:00,ETH/USDT
1777039800000,2312.35,2312.35,2312.35,2312.35,0.0032,2026-04-24 14:10:00+00:00,ETH/USDT
1777040100000,2311.06,2315.1,2311.06,2314.14,0.8252,2026-04-24 14:15:00+00:00,ETH/USDT
1777040400000,2311.96,2311.96,2308.45,2309.59,0.7967,2026-04-24 14:20:00+00:00,ETH/USDT
1777040700000,2307.6,2307.6,2304.56,2305.15,2.2358,2026-04-24 14:25:00+00:00,ETH/USDT
1777041000000,2307.33,2310.79,2307.33,2310.68,0.0272,2026-04-24 14:30:00+00:00,ETH/USDT
1777041300000,2311.44,2311.47,2311.44,2311.47,0.061,2026-04-24 14:35:00+00:00,ETH/USDT
1777041600000,2314.11,2314.33,2314.11,2314.33,0.0528,2026-04-24 14:40:00+00:00,ETH/USDT
1777041900000,2317.39,2317.5,2314.11,2314.11,0.0551,2026-04-24 14:45:00+00:00,ETH/USDT
1777042200000,2314.11,2314.11,2314.11,2314.11,0.0,2026-04-24 14:50:00+00:00,ETH/USDT
1777042500000,2313.3,2313.3,2313.3,2313.3,0.0125,2026-04-24 14:55:00+00:00,ETH/USDT
1777042800000,2312.36,2312.36,2312.36,2312.36,0.1725,2026-04-24 15:00:00+00:00,ETH/USDT
1777043100000,2310.0,2310.0,2302.22,2304.84,3.546,2026-04-24 15:05:00+00:00,ETH/USDT
1777043400000,2307.72,2307.87,2307.72,2307.87,0.0202,2026-04-24 15:10:00+00:00,ETH/USDT
1777043700000,2308.09,2308.09,2307.44,2307.44,0.0036,2026-04-24 15:15:00+00:00,ETH/USDT
1777044000000,2307.55,2312.77,2307.55,2312.77,0.0241,2026-04-24 15:20:00+00:00,ETH/USDT
1777044300000,2313.26,2314.0,2313.26,2314.0,0.0036,2026-04-24 15:25:00+00:00,ETH/USDT
1777044600000,2314.32,2317.49,2314.32,2314.41,0.0337,2026-04-24 15:30:00+00:00,ETH/USDT
1777044900000,2313.97,2313.97,2313.97,2313.97,0.0368,2026-04-24 15:35:00+00:00,ETH/USDT
1777045200000,2317.5,2326.25,2317.5,2326.25,0.8448,2026-04-24 15:40:00+00:00,ETH/USDT
1777045500000,2326.25,2330.68,2320.78,2321.54,3.1679,2026-04-24 15:45:00+00:00,ETH/USDT
1777045800000,2323.72,2323.72,2321.49,2321.49,0.4533,2026-04-24 15:50:00+00:00,ETH/USDT
1777046100000,2321.48,2322.44,2321.48,2322.44,0.1825,2026-04-24 15:55:00+00:00,ETH/USDT
1777046400000,2321.83,2321.83,2321.83,2321.83,0.0099,2026-04-24 16:00:00+00:00,ETH/USDT
1777046700000,2322.56,2322.56,2318.19,2318.19,18.5863,2026-04-24 16:05:00+00:00,ETH/USDT
1777047000000,2320.91,2320.91,2317.19,2317.19,0.0844,2026-04-24 16:10:00+00:00,ETH/USDT
1777047300000,2317.0,2317.0,2314.4,2314.4,0.0165,2026-04-24 16:15:00+00:00,ETH/USDT
1777047600000,2314.4,2314.4,2314.4,2314.4,0.0,2026-04-24 16:20:00+00:00,ETH/USDT
1777047900000,2315.64,2316.39,2315.64,2316.39,0.9039,2026-04-24 16:25:00+00:00,ETH/USDT
1777048200000,2316.66,2320.94,2316.66,2320.94,0.3675,2026-04-24 16:30:00+00:00,ETH/USDT
1777048500000,2321.21,2321.83,2319.1,2319.1,0.038,2026-04-24 16:35:00+00:00,ETH/USDT
1777048800000,2312.3,2312.3,2311.01,2311.01,0.0469,2026-04-24 16:40:00+00:00,ETH/USDT
1777049100000,2314.4,2314.4,2314.35,2314.35,0.0104,2026-04-24 16:45:00+00:00,ETH/USDT
1777049400000,2312.59,2312.59,2312.59,2312.59,0.0052,2026-04-24 16:50:00+00:00,ETH/USDT
1777049700000,2313.41,2313.41,2313.41,2313.41,0.005,2026-04-24 16:55:00+00:00,ETH/USDT
1777050000000,2313.41,2313.41,2313.41,2313.41,0.0,2026-04-24 17:00:00+00:00,ETH/USDT
1777050300000,2314.11,2314.11,2314.11,2314.11,0.0862,2026-04-24 17:05:00+00:00,ETH/USDT
1777050600000,2317.68,2317.68,2317.68,2317.68,0.0108,2026-04-24 17:10:00+00:00,ETH/USDT
1777050900000,2317.68,2317.68,2317.68,2317.68,0.0,2026-04-24 17:15:00+00:00,ETH/USDT
1777051200000,2317.68,2317.68,2317.68,2317.68,0.0,2026-04-24 17:20:00+00:00,ETH/USDT
1777051500000,2316.77,2316.77,2316.77,2316.77,0.2502,2026-04-24 17:25:00+00:00,ETH/USDT
1777051800000,2310.03,2310.03,2310.03,2310.03,0.175,2026-04-24 17:30:00+00:00,ETH/USDT
1777052100000,2313.5,2313.5,2313.17,2313.17,0.0613,2026-04-24 17:35:00+00:00,ETH/USDT
1777052400000,2314.24,2314.95,2313.89,2314.02,0.0579,2026-04-24 17:40:00+00:00,ETH/USDT
1777052700000,2314.06,2317.18,2313.92,2317.18,0.7775,2026-04-24 17:45:00+00:00,ETH/USDT
1777053000000,2316.71,2316.71,2316.71,2316.71,0.85,2026-04-24 17:50:00+00:00,ETH/USDT
1777053300000,2319.91,2320.83,2319.42,2320.74,1.1305,2026-04-24 17:55:00+00:00,ETH/USDT
1777053600000,2318.61,2318.61,2318.61,2318.61,0.004,2026-04-24 18:00:00+00:00,ETH/USDT
1777053900000,2318.61,2318.61,2318.61,2318.61,0.0,2026-04-24 18:05:00+00:00,ETH/USDT
1777054200000,2316.15,2316.15,2316.15,2316.15,0.2374,2026-04-24 18:10:00+00:00,ETH/USDT
1777054500000,2313.91,2313.91,2311.78,2311.82,0.868,2026-04-24 18:15:00+00:00,ETH/USDT
1777054800000,2311.82,2311.82,2311.82,2311.82,0.0,2026-04-24 18:20:00+00:00,ETH/USDT
1777055100000,2315.42,2316.73,2315.42,2316.73,0.8386,2026-04-24 18:25:00+00:00,ETH/USDT
1777055400000,2316.73,2316.73,2316.73,2316.73,0.0,2026-04-24 18:30:00+00:00,ETH/USDT
1777055700000,2316.73,2316.73,2316.73,2316.73,0.0,2026-04-24 18:35:00+00:00,ETH/USDT
1777056000000,2316.73,2316.73,2316.73,2316.73,0.0,2026-04-24 18:40:00+00:00,ETH/USDT
1777056300000,2319.6,2319.6,2319.6,2319.6,0.0032,2026-04-24 18:45:00+00:00,ETH/USDT
1777056600000,2319.14,2319.14,2319.14,2319.14,0.0215,2026-04-24 18:50:00+00:00,ETH/USDT
1777056900000,2319.14,2319.14,2319.14,2319.14,0.0,2026-04-24 18:55:00+00:00,ETH/USDT
1777057200000,2322.88,2325.0,2321.82,2321.82,0.3108,2026-04-24 19:00:00+00:00,ETH/USDT
1777057500000,2322.62,2322.62,2320.47,2320.87,0.4796,2026-04-24 19:05:00+00:00,ETH/USDT
1777057800000,2320.87,2320.87,2320.87,2320.87,0.0,2026-04-24 19:10:00+00:00,ETH/USDT
1777058100000,2323.32,2323.36,2322.79,2322.79,0.3069,2026-04-24 19:15:00+00:00,ETH/USDT
1777058400000,2321.74,2321.74,2321.74,2321.74,0.0018,2026-04-24 19:20:00+00:00,ETH/USDT
1777058700000,2321.74,2321.74,2321.74,2321.74,0.0,2026-04-24 19:25:00+00:00,ETH/USDT
1777059000000,2322.1,2323.07,2322.1,2323.07,0.0054,2026-04-24 19:30:00+00:00,ETH/USDT
1777059300000,2320.75,2322.48,2319.76,2322.48,0.0745,2026-04-24 19:35:00+00:00,ETH/USDT
1777059600000,2322.48,2322.48,2322.48,2322.48,0.0,2026-04-24 19:40:00+00:00,ETH/USDT
1777059900000,2320.35,2320.35,2320.35,2320.35,0.2149,2026-04-24 19:45:00+00:00,ETH/USDT
1777060200000,2320.35,2320.35,2320.35,2320.35,0.0,2026-04-24 19:50:00+00:00,ETH/USDT
1777060500000,2320.35,2320.35,2320.35,2320.35,0.0,2026-04-24 19:55:00+00:00,ETH/USDT
1777060800000,2320.29,2320.29,2320.29,2320.29,0.5217,2026-04-24 20:00:00+00:00,ETH/USDT
1777061100000,2320.86,2320.86,2318.25,2318.25,4.9914,2026-04-24 20:05:00+00:00,ETH/USDT
1777061400000,2318.79,2320.01,2318.79,2320.01,0.0099,2026-04-24 20:10:00+00:00,ETH/USDT
1777061700000,2319.66,2319.66,2319.04,2319.04,0.0967,2026-04-24 20:15:00+00:00,ETH/USDT
1777062000000,2319.04,2319.04,2319.04,2319.04,0.0,2026-04-24 20:20:00+00:00,ETH/USDT
1777062300000,2319.04,2319.04,2319.04,2319.04,0.0,2026-04-24 20:25:00+00:00,ETH/USDT
1777062600000,2320.24,2320.39,2320.24,2320.39,0.0036,2026-04-24 20:30:00+00:00,ETH/USDT
1777062900000,2320.6,2325.63,2320.6,2325.63,1.3583,2026-04-24 20:35:00+00:00,ETH/USDT
1777063200000,2324.25,2324.25,2324.25,2324.25,0.001,2026-04-24 20:40:00+00:00,ETH/USDT
1777063500000,2324.25,2324.25,2324.25,2324.25,0.0,2026-04-24 20:45:00+00:00,ETH/USDT
1777063800000,2325.09,2325.45,2325.09,2325.45,3.4734,2026-04-24 20:50:00+00:00,ETH/USDT
1777064100000,2325.69,2328.07,2325.69,2328.07,0.0479,2026-04-24 20:55:00+00:00,ETH/USDT
1777064400000,2324.91,2324.91,2324.91,2324.91,0.3693,2026-04-24 21:00:00+00:00,ETH/USDT
1777064700000,2326.62,2326.62,2326.62,2326.62,0.1291,2026-04-24 21:05:00+00:00,ETH/USDT
1777065000000,2325.04,2327.18,2314.69,2314.69,1.5311,2026-04-24 21:10:00+00:00,ETH/USDT
1777065300000,2315.6,2315.6,2315.08,2315.08,0.0224,2026-04-24 21:15:00+00:00,ETH/USDT
1777065600000,2315.08,2315.08,2315.08,2315.08,0.0,2026-04-24 21:20:00+00:00,ETH/USDT
1777065900000,2317.0,2317.72,2316.31,2317.72,0.8949,2026-04-24 21:25:00+00:00,ETH/USDT
1777066200000,2316.52,2318.67,2316.52,2318.67,0.0357,2026-04-24 21:30:00+00:00,ETH/USDT
1777066500000,2317.99,2317.99,2312.4,2315.99,2.0004,2026-04-24 21:35:00+00:00,ETH/USDT
1777066800000,2315.78,2315.78,2314.64,2314.64,0.0639,2026-04-24 21:40:00+00:00,ETH/USDT
1777067100000,2315.08,2315.27,2315.08,2315.27,1.6373,2026-04-24 21:45:00+00:00,ETH/USDT
1777067400000,2315.27,2315.27,2315.27,2315.27,0.0,2026-04-24 21:50:00+00:00,ETH/USDT
1777067700000,2316.43,2316.43,2315.47,2315.47,0.9845,2026-04-24 21:55:00+00:00,ETH/USDT
1777068000000,2315.0,2315.7,2314.82,2314.82,0.8423,2026-04-24 22:00:00+00:00,ETH/USDT
1777068300000,2314.08,2315.53,2314.08,2315.53,0.0325,2026-04-24 22:05:00+00:00,ETH/USDT
1777068600000,2315.53,2315.53,2315.53,2315.53,0.0,2026-04-24 22:10:00+00:00,ETH/USDT
1777068900000,2314.89,2314.89,2314.69,2314.69,0.1207,2026-04-24 22:15:00+00:00,ETH/USDT
1777069200000,2314.47,2314.47,2314.47,2314.47,0.0376,2026-04-24 22:20:00+00:00,ETH/USDT
1777069500000,2314.47,2314.47,2314.47,2314.47,0.0,2026-04-24 22:25:00+00:00,ETH/USDT
1777069800000,2313.29,2313.29,2311.4,2311.4,0.0285,2026-04-24 22:30:00+00:00,ETH/USDT
1777070100000,2312.67,2312.81,2307.6,2307.6,2.1516,2026-04-24 22:35:00+00:00,ETH/USDT
1777070400000,2309.52,2310.22,2309.37,2309.37,0.0223,2026-04-24 22:40:00+00:00,ETH/USDT
1777070700000,2310.48,2312.79,2310.48,2312.79,0.901,2026-04-24 22:45:00+00:00,ETH/USDT
1777071000000,2312.79,2312.79,2312.79,2312.79,0.0,2026-04-24 22:50:00+00:00,ETH/USDT
1777071300000,2312.79,2312.79,2312.79,2312.79,0.0,2026-04-24 22:55:00+00:00,ETH/USDT
1777071600000,2312.96,2313.76,2311.81,2311.81,0.1084,2026-04-24 23:00:00+00:00,ETH/USDT
1777071900000,2313.84,2313.84,2313.37,2313.37,0.0281,2026-04-24 23:05:00+00:00,ETH/USDT
1777072200000,2314.1,2314.1,2314.1,2314.1,0.0018,2026-04-24 23:10:00+00:00,ETH/USDT
1777072500000,2314.1,2314.1,2314.1,2314.1,0.0,2026-04-24 23:15:00+00:00,ETH/USDT
1777072800000,2313.32,2313.32,2313.32,2313.32,0.0357,2026-04-24 23:20:00+00:00,ETH/USDT
1777073100000,2313.32,2313.32,2313.32,2313.32,0.0,2026-04-24 23:25:00+00:00,ETH/USDT
1777073400000,2314.68,2314.68,2314.68,2314.68,0.0017,2026-04-24 23:30:00+00:00,ETH/USDT
1777073700000,2314.68,2314.68,2314.68,2314.68,0.0,2026-04-24 23:35:00+00:00,ETH/USDT
1777074000000,2314.68,2314.68,2314.68,2314.68,0.0,2026-04-24 23:40:00+00:00,ETH/USDT
1777074300000,2314.29,2314.29,2314.01,2314.01,0.1169,2026-04-24 23:45:00+00:00,ETH/USDT
1777074600000,2315.02,2315.02,2315.02,2315.02,0.0086,2026-04-24 23:50:00+00:00,ETH/USDT
1777074900000,2315.02,2315.02,2315.02,2315.02,0.6263,2026-04-24 23:55:00+00:00,ETH/USDT
1777075200000,2315.02,2315.02,2315.02,2315.02,0.0,2026-04-25 00:00:00+00:00,ETH/USDT
1777075500000,2314.06,2314.51,2314.06,2314.51,4.3082,2026-04-25 00:05:00+00:00,ETH/USDT
1777075800000,2313.38,2313.38,2312.79,2312.96,0.3419,2026-04-25 00:10:00+00:00,ETH/USDT
1777076100000,2313.93,2313.93,2313.93,2313.93,0.1113,2026-04-25 00:15:00+00:00,ETH/USDT
1777076400000,2312.41,2312.62,2312.31,2312.62,1.0961,2026-04-25 00:20:00+00:00,ETH/USDT
1777076700000,2312.87,2312.87,2312.16,2312.48,0.5578,2026-04-25 00:25:00+00:00,ETH/USDT
1777077000000,2311.29,2311.8,2311.29,2311.76,0.0197,2026-04-25 00:30:00+00:00,ETH/USDT
1777077300000,2311.76,2311.76,2311.76,2311.76,0.0,2026-04-25 00:35:00+00:00,ETH/USDT
1777077600000,2314.19,2314.21,2314.19,2314.21,2.1542,2026-04-25 00:40:00+00:00,ETH/USDT
1777077900000,2314.81,2314.81,2314.81,2314.81,0.0108,2026-04-25 00:45:00+00:00,ETH/USDT
1777078200000,2315.42,2315.42,2315.42,2315.42,0.0078,2026-04-25 00:50:00+00:00,ETH/USDT
1777078500000,2315.42,2315.42,2315.42,2315.42,0.0,2026-04-25 00:55:00+00:00,ETH/USDT
1777078800000,2315.42,2315.42,2315.42,2315.42,0.0,2026-04-25 01:00:00+00:00,ETH/USDT
1777079100000,2315.42,2315.42,2315.42,2315.42,0.0,2026-04-25 01:05:00+00:00,ETH/USDT
1777079400000,2316.89,2318.65,2316.89,2318.65,0.0379,2026-04-25 01:10:00+00:00,ETH/USDT
1777079700000,2319.04,2319.08,2319.04,2319.08,2.438,2026-04-25 01:15:00+00:00,ETH/USDT
1777080000000,2319.08,2319.08,2319.08,2319.08,0.0,2026-04-25 01:20:00+00:00,ETH/USDT
1777080300000,2318.23,2318.23,2318.23,2318.23,0.0688,2026-04-25 01:25:00+00:00,ETH/USDT
1777080600000,2318.23,2318.23,2318.23,2318.23,0.0,2026-04-25 01:30:00+00:00,ETH/USDT
1777080900000,2318.23,2318.23,2318.23,2318.23,0.0,2026-04-25 01:35:00+00:00,ETH/USDT
1777081200000,2318.23,2318.23,2318.23,2318.23,0.0,2026-04-25 01:40:00+00:00,ETH/USDT
1777081500000,2318.23,2318.23,2318.23,2318.23,0.0,2026-04-25 01:45:00+00:00,ETH/USDT
1777081800000,2318.23,2318.23,2318.23,2318.23,0.0,2026-04-25 01:50:00+00:00,ETH/USDT
1777082100000,2318.85,2318.85,2318.18,2318.18,0.2642,2026-04-25 01:55:00+00:00,ETH/USDT
1777082400000,2317.84,2317.84,2316.1,2316.1,1.0053,2026-04-25 02:00:00+00:00,ETH/USDT
1777082700000,2315.11,2315.17,2315.11,2315.17,0.4743,2026-04-25 02:05:00+00:00,ETH/USDT
1777083000000,2317.18,2317.18,2317.18,2317.18,0.2329,2026-04-25 02:10:00+00:00,ETH/USDT
1777083300000,2317.76,2317.99,2317.76,2317.99,0.624,2026-04-25 02:15:00+00:00,ETH/USDT
1777083600000,2317.99,2317.99,2317.99,2317.99,0.0,2026-04-25 02:20:00+00:00,ETH/USDT
1777083900000,2317.99,2317.99,2317.99,2317.99,0.0,2026-04-25 02:25:00+00:00,ETH/USDT
1777084200000,2317.99,2317.99,2317.99,2317.99,0.0,2026-04-25 02:30:00+00:00,ETH/USDT
1777084500000,2317.44,2317.44,2317.42,2317.42,0.1024,2026-04-25 02:35:00+00:00,ETH/USDT
1777084800000,2317.42,2317.42,2317.42,2317.42,0.0,2026-04-25 02:40:00+00:00,ETH/USDT
1777085100000,2317.42,2317.42,2317.42,2317.42,0.0,2026-04-25 02:45:00+00:00,ETH/USDT
1777085400000,2317.42,2317.42,2317.42,2317.42,0.0,2026-04-25 02:50:00+00:00,ETH/USDT
1777085700000,2317.32,2317.32,2317.32,2317.32,0.001,2026-04-25 02:55:00+00:00,ETH/USDT
1777086000000,2318.68,2318.7,2318.68,2318.7,0.0118,2026-04-25 03:00:00+00:00,ETH/USDT
1777086300000,2319.85,2319.85,2319.85,2319.85,0.001,2026-04-25 03:05:00+00:00,ETH/USDT
1777086600000,2317.85,2318.02,2317.85,2317.87,0.0188,2026-04-25 03:10:00+00:00,ETH/USDT
1777086900000,2317.99,2317.99,2317.7,2317.7,0.002,2026-04-25 03:15:00+00:00,ETH/USDT
1777087200000,2317.7,2317.7,2317.7,2317.7,0.0,2026-04-25 03:20:00+00:00,ETH/USDT
1777087500000,2317.87,2318.06,2316.65,2316.65,0.0029,2026-04-25 03:25:00+00:00,ETH/USDT
1777087800000,2316.32,2316.32,2316.32,2316.32,0.001,2026-04-25 03:30:00+00:00,ETH/USDT
1777088100000,2316.64,2316.64,2316.64,2316.64,0.0045,2026-04-25 03:35:00+00:00,ETH/USDT
1777088400000,2317.46,2318.58,2317.46,2318.58,0.6941,2026-04-25 03:40:00+00:00,ETH/USDT
1777088700000,2319.38,2319.38,2318.58,2318.58,0.0841,2026-04-25 03:45:00+00:00,ETH/USDT
1777089000000,2318.58,2318.58,2318.58,2318.58,0.0,2026-04-25 03:50:00+00:00,ETH/USDT
1777089300000,2318.58,2318.58,2318.58,2318.58,0.0,2026-04-25 03:55:00+00:00,ETH/USDT
1777089600000,2319.41,2319.54,2319.41,2319.54,1.721,2026-04-25 04:00:00+00:00,ETH/USDT
1777089900000,2317.69,2317.69,2317.69,2317.69,0.2237,2026-04-25 04:05:00+00:00,ETH/USDT
1777090200000,2317.69,2317.69,2317.69,2317.69,0.0,2026-04-25 04:10:00+00:00,ETH/USDT
1777090500000,2318.35,2319.2,2318.35,2319.2,0.0069,2026-04-25 04:15:00+00:00,ETH/USDT
1777090800000,2319.2,2319.2,2319.2,2319.2,0.0,2026-04-25 04:20:00+00:00,ETH/USDT
1777091100000,2319.2,2319.2,2319.2,2319.2,0.0,2026-04-25 04:25:00+00:00,ETH/USDT
1777091400000,2319.2,2319.2,2319.2,2319.2,0.0,2026-04-25 04:30:00+00:00,ETH/USDT
1777091700000,2319.2,2319.2,2319.2,2319.2,0.0,2026-04-25 04:35:00+00:00,ETH/USDT
1777092000000,2319.2,2319.2,2319.2,2319.2,0.0,2026-04-25 04:40:00+00:00,ETH/USDT
1777092300000,2319.2,2319.2,2319.2,2319.2,0.0,2026-04-25 04:45:00+00:00,ETH/USDT
1777092600000,2317.35,2317.35,2317.35,2317.35,0.0107,2026-04-25 04:50:00+00:00,ETH/USDT
1777092900000,2317.35,2317.35,2317.35,2317.35,0.0,2026-04-25 04:55:00+00:00,ETH/USDT
1777093200000,2317.35,2317.35,2317.35,2317.35,0.0,2026-04-25 05:00:00+00:00,ETH/USDT
1777093500000,2313.57,2313.95,2313.1,2313.95,0.0529,2026-04-25 05:05:00+00:00,ETH/USDT
1777093800000,2314.53,2314.53,2314.53,2314.53,0.0018,2026-04-25 05:10:00+00:00,ETH/USDT
1777094100000,2314.53,2314.53,2314.53,2314.53,0.0,2026-04-25 05:15:00+00:00,ETH/USDT
1777094400000,2314.54,2314.54,2314.54,2314.54,0.108,2026-04-25 05:20:00+00:00,ETH/USDT
1777094700000,2314.59,2314.59,2314.59,2314.59,0.0125,2026-04-25 05:25:00+00:00,ETH/USDT
1777095000000,2315.24,2315.41,2314.8,2315.41,0.0187,2026-04-25 05:30:00+00:00,ETH/USDT
1777095300000,2315.66,2316.34,2315.66,2316.34,0.0467,2026-04-25 05:35:00+00:00,ETH/USDT
1777095600000,2316.15,2316.19,2316.15,2316.15,0.1317,2026-04-25 05:40:00+00:00,ETH/USDT
1777095900000,2315.47,2315.47,2315.47,2315.47,0.0116,2026-04-25 05:45:00+00:00,ETH/USDT
1777096200000,2314.62,2314.62,2314.62,2314.62,0.095,2026-04-25 05:50:00+00:00,ETH/USDT
1777096500000,2315.22,2315.22,2315.22,2315.22,0.0018,2026-04-25 05:55:00+00:00,ETH/USDT
1777096800000,2315.22,2315.22,2315.22,2315.22,0.0,2026-04-25 06:00:00+00:00,ETH/USDT
1777097100000,2317.45,2317.45,2317.45,2317.45,0.0023,2026-04-25 06:05:00+00:00,ETH/USDT
1777097400000,2317.45,2317.45,2317.45,2317.45,0.0,2026-04-25 06:10:00+00:00,ETH/USDT
1777097700000,2317.45,2317.45,2317.45,2317.45,0.0,2026-04-25 06:15:00+00:00,ETH/USDT
1777098000000,2317.45,2317.45,2317.45,2317.45,0.0,2026-04-25 06:20:00+00:00,ETH/USDT
1777098300000,2317.45,2317.45,2317.45,2317.45,0.0,2026-04-25 06:25:00+00:00,ETH/USDT
1777098600000,2317.45,2317.45,2317.45,2317.45,0.0,2026-04-25 06:30:00+00:00,ETH/USDT
1777098900000,2316.64,2316.64,2316.61,2316.61,0.0159,2026-04-25 06:35:00+00:00,ETH/USDT
1777099200000,2316.61,2316.61,2316.61,2316.61,0.0,2026-04-25 06:40:00+00:00,ETH/USDT
1777099500000,2315.48,2315.48,2314.84,2314.84,0.082,2026-04-25 06:45:00+00:00,ETH/USDT
1777099800000,2314.84,2314.84,2314.84,2314.84,0.0,2026-04-25 06:50:00+00:00,ETH/USDT
1777100100000,2314.84,2314.84,2314.84,2314.84,0.0,2026-04-25 06:55:00+00:00,ETH/USDT
1777100400000,2314.84,2314.84,2314.84,2314.84,0.0,2026-04-25 07:00:00+00:00,ETH/USDT
1777100700000,2314.84,2314.84,2314.84,2314.84,0.0,2026-04-25 07:05:00+00:00,ETH/USDT
1777101000000,2314.84,2314.84,2314.84,2314.84,0.0,2026-04-25 07:10:00+00:00,ETH/USDT
1777101300000,2314.84,2314.84,2314.84,2314.84,0.0,2026-04-25 07:15:00+00:00,ETH/USDT
1777101600000,2316.14,2316.14,2316.14,2316.14,0.0108,2026-04-25 07:20:00+00:00,ETH/USDT
1777101900000,2316.14,2316.14,2316.14,2316.14,0.0,2026-04-25 07:25:00+00:00,ETH/USDT
1777102200000,2317.26,2317.26,2317.26,2317.26,0.0043,2026-04-25 07:30:00+00:00,ETH/USDT
1777102500000,2316.12,2317.53,2316.12,2317.53,0.1405,2026-04-25 07:35:00+00:00,ETH/USDT
1777102800000,2317.53,2317.53,2317.53,2317.53,0.0,2026-04-25 07:40:00+00:00,ETH/USDT
1777103100000,2317.53,2317.53,2317.53,2317.53,0.0,2026-04-25 07:45:00+00:00,ETH/USDT
1777103400000,2317.53,2317.53,2317.53,2317.53,0.0,2026-04-25 07:50:00+00:00,ETH/USDT
1777103700000,2317.53,2317.53,2317.53,2317.53,0.0,2026-04-25 07:55:00+00:00,ETH/USDT
1777104000000,2316.77,2316.77,2316.77,2316.77,0.0431,2026-04-25 08:00:00+00:00,ETH/USDT
1777104300000,2316.77,2316.77,2316.77,2316.77,0.0,2026-04-25 08:05:00+00:00,ETH/USDT
1777104600000,2316.77,2316.77,2316.77,2316.77,0.0,2026-04-25 08:10:00+00:00,ETH/USDT
1777104900000,2318.13,2318.13,2318.13,2318.13,0.0459,2026-04-25 08:15:00+00:00,ETH/USDT
1777105200000,2318.13,2318.13,2318.13,2318.13,0.0,2026-04-25 08:20:00+00:00,ETH/USDT
1777105500000,2318.13,2318.13,2318.13,2318.13,0.0,2026-04-25 08:25:00+00:00,ETH/USDT
1777105800000,2319.2,2319.2,2319.2,2319.2,0.0021,2026-04-25 08:30:00+00:00,ETH/USDT
1777106100000,2319.2,2319.2,2319.2,2319.2,0.0,2026-04-25 08:35:00+00:00,ETH/USDT
1777106400000,2319.2,2319.2,2319.2,2319.2,0.0,2026-04-25 08:40:00+00:00,ETH/USDT
1777106700000,2319.2,2319.2,2319.2,2319.2,0.0,2026-04-25 08:45:00+00:00,ETH/USDT
1777107000000,2319.2,2319.2,2319.2,2319.2,0.0,2026-04-25 08:50:00+00:00,ETH/USDT
1777107300000,2319.2,2319.2,2319.2,2319.2,0.0,2026-04-25 08:55:00+00:00,ETH/USDT
1777107600000,2319.2,2319.2,2319.2,2319.2,0.0,2026-04-25 09:00:00+00:00,ETH/USDT
1777107900000,2319.44,2319.44,2319.44,2319.44,0.0052,2026-04-25 09:05:00+00:00,ETH/USDT
1777108200000,2319.44,2319.44,2319.44,2319.44,0.0,2026-04-25 09:10:00+00:00,ETH/USDT
1777108500000,2319.44,2319.44,2319.44,2319.44,0.0,2026-04-25 09:15:00+00:00,ETH/USDT
1777108800000,2318.13,2318.13,2318.12,2318.12,1.7756,2026-04-25 09:20:00+00:00,ETH/USDT
1777109100000,2318.12,2318.12,2318.12,2318.12,0.0,2026-04-25 09:25:00+00:00,ETH/USDT
1777109400000,2318.12,2318.12,2318.12,2318.12,0.0,2026-04-25 09:30:00+00:00,ETH/USDT
1777109700000,2318.59,2318.59,2318.59,2318.59,0.0022,2026-04-25 09:35:00+00:00,ETH/USDT
1777110000000,2320.6,2320.6,2320.6,2320.6,0.0108,2026-04-25 09:40:00+00:00,ETH/USDT
1777110300000,2320.6,2320.6,2320.6,2320.6,0.0,2026-04-25 09:45:00+00:00,ETH/USDT
1777110600000,2320.6,2320.6,2320.6,2320.6,0.0,2026-04-25 09:50:00+00:00,ETH/USDT
1777110900000,2320.6,2320.6,2320.6,2320.6,0.0,2026-04-25 09:55:00+00:00,ETH/USDT
1777111200000,2320.15,2320.73,2320.15,2320.24,1.1191,2026-04-25 10:00:00+00:00,ETH/USDT
1777111500000,2319.45,2319.45,2319.45,2319.45,0.0096,2026-04-25 10:05:00+00:00,ETH/USDT
1777111800000,2319.52,2319.52,2319.52,2319.52,0.1649,2026-04-25 10:10:00+00:00,ETH/USDT
1777112100000,2320.06,2320.06,2320.06,2320.06,0.0043,2026-04-25 10:15:00+00:00,ETH/USDT
1777112400000,2320.06,2320.06,2320.06,2320.06,0.0,2026-04-25 10:20:00+00:00,ETH/USDT
1777112700000,2321.48,2321.48,2321.48,2321.48,0.015,2026-04-25 10:25:00+00:00,ETH/USDT
1777113000000,2321.48,2321.48,2321.48,2321.48,0.0,2026-04-25 10:30:00+00:00,ETH/USDT
1777113300000,2321.48,2321.48,2321.48,2321.48,0.0,2026-04-25 10:35:00+00:00,ETH/USDT
1777113600000,2320.41,2320.77,2320.41,2320.77,0.0236,2026-04-25 10:40:00+00:00,ETH/USDT
1777113900000,2320.33,2320.33,2320.33,2320.33,0.0083,2026-04-25 10:45:00+00:00,ETH/USDT
1777114200000,2320.33,2320.33,2320.33,2320.33,0.0,2026-04-25 10:50:00+00:00,ETH/USDT
1777114500000,2320.0,2320.15,2320.0,2320.15,16.8832,2026-04-25 10:55:00+00:00,ETH/USDT
1777114800000,2320.15,2320.15,2320.15,2320.15,0.0,2026-04-25 11:00:00+00:00,ETH/USDT
1777115100000,2318.01,2318.01,2318.01,2318.01,0.0043,2026-04-25 11:05:00+00:00,ETH/USDT
1777115400000,2317.59,2317.84,2317.59,2317.84,0.7765,2026-04-25 11:10:00+00:00,ETH/USDT
1777115700000,2317.84,2317.84,2317.84,2317.84,0.0,2026-04-25 11:15:00+00:00,ETH/USDT
1777116000000,2315.6,2315.6,2314.45,2314.45,0.0387,2026-04-25 11:20:00+00:00,ETH/USDT
1777116300000,2314.45,2314.45,2314.45,2314.45,0.0,2026-04-25 11:25:00+00:00,ETH/USDT
1777116600000,2314.79,2315.33,2314.79,2315.33,0.0258,2026-04-25 11:30:00+00:00,ETH/USDT
1777116900000,2315.33,2315.33,2315.33,2315.33,0.0,2026-04-25 11:35:00+00:00,ETH/USDT
1777117200000,2314.86,2314.86,2314.72,2314.72,0.1067,2026-04-25 11:40:00+00:00,ETH/USDT
1777117500000,2313.19,2313.19,2313.19,2313.19,0.0464,2026-04-25 11:45:00+00:00,ETH/USDT
1777117800000,2313.19,2313.19,2313.19,2313.19,0.0,2026-04-25 11:50:00+00:00,ETH/USDT
1777118100000,2313.86,2313.86,2313.86,2313.86,0.0043,2026-04-25 11:55:00+00:00,ETH/USDT
1777118400000,2314.22,2314.22,2312.25,2312.25,0.7608,2026-04-25 12:00:00+00:00,ETH/USDT
1777118700000,2312.25,2312.25,2312.25,2312.25,0.0,2026-04-25 12:05:00+00:00,ETH/USDT
1777119000000,2315.17,2315.17,2315.17,2315.17,0.1,2026-04-25 12:10:00+00:00,ETH/USDT
1777119300000,2315.17,2315.17,2315.17,2315.17,0.0,2026-04-25 12:15:00+00:00,ETH/USDT
1777119600000,2315.17,2315.17,2315.17,2315.17,0.0,2026-04-25 12:20:00+00:00,ETH/USDT
1777119900000,2315.17,2315.17,2315.17,2315.17,0.0,2026-04-25 12:25:00+00:00,ETH/USDT
1777120200000,2315.04,2315.04,2315.04,2315.04,0.0064,2026-04-25 12:30:00+00:00,ETH/USDT
1777120500000,2315.04,2315.04,2315.04,2315.04,0.0,2026-04-25 12:35:00+00:00,ETH/USDT
1777120800000,2314.24,2314.24,2313.04,2313.04,0.0141,2026-04-25 12:40:00+00:00,ETH/USDT
1777121100000,2313.04,2313.04,2313.04,2313.04,0.0,2026-04-25 12:45:00+00:00,ETH/USDT
1777121400000,2314.76,2315.06,2314.76,2315.06,0.0237,2026-04-25 12:50:00+00:00,ETH/USDT
1777121700000,2313.81,2313.81,2313.81,2313.81,0.0021,2026-04-25 12:55:00+00:00,ETH/USDT
1777122000000,2313.81,2313.81,2313.81,2313.81,0.0,2026-04-25 13:00:00+00:00,ETH/USDT
1777122300000,2313.81,2313.81,2313.81,2313.81,0.0,2026-04-25 13:05:00+00:00,ETH/USDT
1777122600000,2313.81,2313.81,2313.81,2313.81,0.0,2026-04-25 13:10:00+00:00,ETH/USDT
1777122900000,2313.81,2313.81,2313.81,2313.81,0.0,2026-04-25 13:15:00+00:00,ETH/USDT
1777123200000,2313.81,2313.81,2313.81,2313.81,0.0,2026-04-25 13:20:00+00:00,ETH/USDT
1777123500000,2313.81,2313.81,2313.81,2313.81,0.0,2026-04-25 13:25:00+00:00,ETH/USDT
1777123800000,2316.27,2316.27,2316.27,2316.27,0.0215,2026-04-25 13:30:00+00:00,ETH/USDT
1777124100000,2316.14,2317.2,2315.44,2317.2,0.1179,2026-04-25 13:35:00+00:00,ETH/USDT
1777124400000,2316.57,2316.57,2316.57,2316.57,0.0129,2026-04-25 13:40:00+00:00,ETH/USDT
1777124700000,2316.57,2316.57,2316.57,2316.57,0.0,2026-04-25 13:45:00+00:00,ETH/USDT
1777125000000,2316.57,2316.57,2316.57,2316.57,0.0,2026-04-25 13:50:00+00:00,ETH/USDT
1777125300000,2317.33,2317.84,2317.33,2317.84,0.0234,2026-04-25 13:55:00+00:00,ETH/USDT
1777125600000,2317.04,2317.04,2317.04,2317.04,0.0108,2026-04-25 14:00:00+00:00,ETH/USDT
1777125900000,2315.89,2315.89,2315.89,2315.89,0.0021,2026-04-25 14:05:00+00:00,ETH/USDT
1777126200000,2317.38,2317.38,2317.38,2317.38,0.0032,2026-04-25 14:10:00+00:00,ETH/USDT
1777126500000,2316.59,2316.59,2316.59,2316.59,0.0189,2026-04-25 14:15:00+00:00,ETH/USDT
1777126800000,2316.59,2316.59,2316.59,2316.59,0.0,2026-04-25 14:20:00+00:00,ETH/USDT
1777127100000,2316.59,2316.59,2316.59,2316.59,0.0,2026-04-25 14:25:00+00:00,ETH/USDT
1777127400000,2317.94,2317.94,2317.94,2317.94,0.0108,2026-04-25 14:30:00+00:00,ETH/USDT
1777127700000,2317.94,2317.94,2317.94,2317.94,0.0,2026-04-25 14:35:00+00:00,ETH/USDT
1777128000000,2317.94,2317.94,2317.94,2317.94,0.0,2026-04-25 14:40:00+00:00,ETH/USDT
1777128300000,2317.7,2317.7,2317.7,2317.7,0.0043,2026-04-25 14:45:00+00:00,ETH/USDT
1777128600000,2316.83,2316.83,2316.83,2316.83,0.0433,2026-04-25 14:50:00+00:00,ETH/USDT
1777128900000,2316.83,2316.83,2316.83,2316.83,0.0021,2026-04-25 14:55:00+00:00,ETH/USDT
1777129200000,2316.04,2316.04,2316.04,2316.04,0.0022,2026-04-25 15:00:00+00:00,ETH/USDT
1777129500000,2316.04,2316.04,2316.04,2316.04,0.0,2026-04-25 15:05:00+00:00,ETH/USDT
1777129800000,2316.04,2316.04,2316.04,2316.04,0.0587,2026-04-25 15:10:00+00:00,ETH/USDT
1777130100000,2316.04,2316.04,2316.04,2316.04,0.0,2026-04-25 15:15:00+00:00,ETH/USDT
1777130400000,2317.99,2318.04,2317.98,2318.04,0.0409,2026-04-25 15:20:00+00:00,ETH/USDT
1777130700000,2318.1,2318.1,2318.1,2318.1,0.0029,2026-04-25 15:25:00+00:00,ETH/USDT
1777131000000,2317.97,2317.97,2317.97,2317.97,0.0368,2026-04-25 15:30:00+00:00,ETH/USDT
1777131300000,2317.57,2317.57,2317.57,2317.57,0.0928,2026-04-25 15:35:00+00:00,ETH/USDT
1777131600000,2317.57,2317.57,2317.57,2317.57,0.0,2026-04-25 15:40:00+00:00,ETH/USDT
1777131900000,2316.04,2316.04,2313.81,2313.81,0.1298,2026-04-25 15:45:00+00:00,ETH/USDT
1777132200000,2309.8,2309.8,2304.77,2304.77,0.9048,2026-04-25 15:50:00+00:00,ETH/USDT
1777132500000,2307.91,2308.97,2307.91,2308.97,0.0067,2026-04-25 15:55:00+00:00,ETH/USDT
1777132800000,2309.21,2309.78,2308.19,2308.19,0.2341,2026-04-25 16:00:00+00:00,ETH/USDT
1777133100000,2307.96,2310.6,2307.96,2310.6,0.224,2026-04-25 16:05:00+00:00,ETH/USDT
1777133400000,2310.6,2310.6,2310.6,2310.6,0.0,2026-04-25 16:10:00+00:00,ETH/USDT
1777133700000,2310.6,2310.6,2310.6,2310.6,0.0217,2026-04-25 16:15:00+00:00,ETH/USDT
1777134000000,2309.77,2309.77,2309.77,2309.77,0.0108,2026-04-25 16:20:00+00:00,ETH/USDT
1777134300000,2308.83,2308.83,2308.83,2308.83,0.0018,2026-04-25 16:25:00+00:00,ETH/USDT
1777134600000,2308.83,2308.83,2308.83,2308.83,0.0,2026-04-25 16:30:00+00:00,ETH/USDT
1777134900000,2307.17,2307.17,2302.0,2302.0,0.3308,2026-04-25 16:35:00+00:00,ETH/USDT
1777135200000,2302.0,2302.0,2302.0,2302.0,0.0,2026-04-25 16:40:00+00:00,ETH/USDT
1777135500000,2308.83,2308.83,2308.83,2308.83,0.0596,2026-04-25 16:45:00+00:00,ETH/USDT
1777135800000,2309.86,2309.86,2309.86,2309.86,0.0095,2026-04-25 16:50:00+00:00,ETH/USDT
1777136100000,2309.98,2309.98,2309.98,2309.98,0.1511,2026-04-25 16:55:00+00:00,ETH/USDT
1777136400000,2309.43,2309.43,2308.7,2308.7,0.0042,2026-04-25 17:00:00+00:00,ETH/USDT
1777136700000,2308.8,2308.8,2308.8,2308.8,0.0597,2026-04-25 17:05:00+00:00,ETH/USDT
1777137000000,2307.58,2308.69,2307.58,2308.69,0.4422,2026-04-25 17:10:00+00:00,ETH/USDT
1777137300000,2307.5,2307.5,2307.5,2307.5,0.0864,2026-04-25 17:15:00+00:00,ETH/USDT
1777137600000,2307.39,2311.39,2307.39,2311.39,1.0433,2026-04-25 17:20:00+00:00,ETH/USDT
1777137900000,2311.89,2313.83,2311.89,2312.32,1.0432,2026-04-25 17:25:00+00:00,ETH/USDT
1777138200000,2309.8,2309.8,2309.8,2309.8,0.222,2026-04-25 17:30:00+00:00,ETH/USDT
1777138500000,2309.8,2309.8,2309.8,2309.8,0.0,2026-04-25 17:35:00+00:00,ETH/USDT
1777138800000,2311.82,2311.82,2311.82,2311.82,0.0216,2026-04-25 17:40:00+00:00,ETH/USDT
1777139100000,2311.82,2311.82,2311.82,2311.82,0.0,2026-04-25 17:45:00+00:00,ETH/USDT
1777139400000,2311.82,2311.82,2311.82,2311.82,0.0,2026-04-25 17:50:00+00:00,ETH/USDT
1777139700000,2309.1,2309.85,2309.1,2309.85,0.0045,2026-04-25 17:55:00+00:00,ETH/USDT
1777140000000,2310.11,2312.54,2310.11,2312.54,0.144,2026-04-25 18:00:00+00:00,ETH/USDT
1777140300000,2312.54,2312.54,2312.54,2312.54,0.0,2026-04-25 18:05:00+00:00,ETH/USDT
1777140600000,2312.54,2312.54,2312.54,2312.54,0.0,2026-04-25 18:10:00+00:00,ETH/USDT
1777140900000,2312.54,2312.54,2312.54,2312.54,0.0,2026-04-25 18:15:00+00:00,ETH/USDT
1777141200000,2309.98,2310.88,2309.98,2310.8,0.963,2026-04-25 18:20:00+00:00,ETH/USDT
1777141500000,2310.8,2310.8,2310.8,2310.8,0.0,2026-04-25 18:25:00+00:00,ETH/USDT
1777141800000,2313.32,2314.12,2313.32,2314.12,0.0036,2026-04-25 18:30:00+00:00,ETH/USDT
1777142100000,2312.18,2312.18,2312.18,2312.18,0.0084,2026-04-25 18:35:00+00:00,ETH/USDT
1777142400000,2312.38,2312.38,2311.42,2311.55,0.2447,2026-04-25 18:40:00+00:00,ETH/USDT
1777142700000,2313.02,2313.75,2313.02,2313.75,0.1197,2026-04-25 18:45:00+00:00,ETH/USDT
1777143000000,2311.96,2311.96,2311.96,2311.96,0.0087,2026-04-25 18:50:00+00:00,ETH/USDT
1777143300000,2312.1,2312.28,2312.1,2312.28,0.0044,2026-04-25 18:55:00+00:00,ETH/USDT
1777143600000,2311.48,2311.96,2311.41,2311.56,0.0148,2026-04-25 19:00:00+00:00,ETH/USDT
1777143900000,2309.69,2311.1,2309.69,2311.1,0.009,2026-04-25 19:05:00+00:00,ETH/USDT
1777144200000,2311.33,2311.97,2311.33,2311.97,0.0036,2026-04-25 19:10:00+00:00,ETH/USDT
1777144500000,2311.97,2311.97,2311.97,2311.97,0.0,2026-04-25 19:15:00+00:00,ETH/USDT
1777144800000,2312.11,2312.41,2312.11,2312.41,0.0068,2026-04-25 19:20:00+00:00,ETH/USDT
1777145100000,2312.41,2312.41,2312.41,2312.41,0.0,2026-04-25 19:25:00+00:00,ETH/USDT
1777145400000,2307.61,2307.61,2307.61,2307.61,0.0929,2026-04-25 19:30:00+00:00,ETH/USDT
1777145700000,2307.61,2307.61,2307.61,2307.61,0.0,2026-04-25 19:35:00+00:00,ETH/USDT
1777146000000,2309.08,2309.08,2307.65,2307.65,0.2401,2026-04-25 19:40:00+00:00,ETH/USDT
1777146300000,2307.41,2307.91,2307.17,2307.91,0.098,2026-04-25 19:45:00+00:00,ETH/USDT
1777146600000,2307.91,2309.4,2307.91,2309.34,1.2262,2026-04-25 19:50:00+00:00,ETH/USDT
1777146900000,2309.66,2310.76,2309.66,2309.84,0.8501,2026-04-25 19:55:00+00:00,ETH/USDT
1777147200000,2310.23,2311.44,2310.23,2310.64,0.7715,2026-04-25 20:00:00+00:00,ETH/USDT
1777147500000,2308.61,2308.61,2308.61,2308.61,0.0087,2026-04-25 20:05:00+00:00,ETH/USDT
1777147800000,2310.11,2310.11,2310.11,2310.11,0.0101,2026-04-25 20:10:00+00:00,ETH/USDT
1777148100000,2310.91,2310.91,2310.91,2310.91,0.0432,2026-04-25 20:15:00+00:00,ETH/USDT
1777148400000,2311.28,2312.35,2311.28,2312.35,4.3384,2026-04-25 20:20:00+00:00,ETH/USDT
1777148700000,2312.35,2312.35,2312.35,2312.35,0.0,2026-04-25 20:25:00+00:00,ETH/USDT
1777149000000,2311.64,2311.92,2311.64,2311.92,0.1207,2026-04-25 20:30:00+00:00,ETH/USDT
1777149300000,2312.45,2312.45,2312.45,2312.45,0.0389,2026-04-25 20:35:00+00:00,ETH/USDT
1777149600000,2311.62,2311.62,2311.59,2311.59,0.1584,2026-04-25 20:40:00+00:00,ETH/USDT
1777149900000,2311.74,2311.74,2311.49,2311.49,0.2747,2026-04-25 20:45:00+00:00,ETH/USDT
1777150200000,2311.29,2311.58,2311.29,2311.58,0.1626,2026-04-25 20:50:00+00:00,ETH/USDT
1777150500000,2311.58,2311.58,2311.58,2311.58,0.0,2026-04-25 20:55:00+00:00,ETH/USDT
1777150800000,2311.58,2311.58,2311.58,2311.58,0.0,2026-04-25 21:00:00+00:00,ETH/USDT
1777151100000,2311.58,2311.58,2311.58,2311.58,0.0,2026-04-25 21:05:00+00:00,ETH/USDT
1777151400000,2315.6,2316.81,2315.6,2316.24,0.1106,2026-04-25 21:10:00+00:00,ETH/USDT
1777151700000,2317.26,2317.26,2317.26,2317.26,0.043,2026-04-25 21:15:00+00:00,ETH/USDT
1777152000000,2317.26,2317.26,2317.26,2317.26,0.0,2026-04-25 21:20:00+00:00,ETH/USDT
1777152300000,2316.57,2316.57,2316.57,2316.57,0.0078,2026-04-25 21:25:00+00:00,ETH/USDT
1777152600000,2316.57,2316.57,2316.57,2316.57,0.0,2026-04-25 21:30:00+00:00,ETH/USDT
1777152900000,2316.57,2316.57,2316.57,2316.57,0.0,2026-04-25 21:35:00+00:00,ETH/USDT
1777153200000,2316.57,2316.57,2316.57,2316.57,0.0,2026-04-25 21:40:00+00:00,ETH/USDT
1777153500000,2316.57,2316.57,2316.57,2316.57,0.0,2026-04-25 21:45:00+00:00,ETH/USDT
1777153800000,2316.57,2316.57,2316.57,2316.57,0.0,2026-04-25 21:50:00+00:00,ETH/USDT
1777154100000,2316.57,2316.57,2316.57,2316.57,0.0,2026-04-25 21:55:00+00:00,ETH/USDT
1777154400000,2316.57,2316.57,2316.57,2316.57,0.0,2026-04-25 22:00:00+00:00,ETH/USDT
1777154700000,2316.57,2316.57,2316.57,2316.57,0.0,2026-04-25 22:05:00+00:00,ETH/USDT
1777155000000,2316.12,2316.12,2316.12,2316.12,0.0222,2026-04-25 22:10:00+00:00,ETH/USDT
1777155300000,2316.7,2316.7,2316.7,2316.7,0.0123,2026-04-25 22:15:00+00:00,ETH/USDT
1777155600000,2316.46,2316.85,2316.46,2316.81,0.8358,2026-04-25 22:20:00+00:00,ETH/USDT
1777155900000,2316.7,2316.7,2316.16,2316.16,0.346,2026-04-25 22:25:00+00:00,ETH/USDT
1777156200000,2317.94,2320.48,2317.94,2320.48,0.2151,2026-04-25 22:30:00+00:00,ETH/USDT
1777156500000,2320.48,2320.48,2320.48,2320.48,0.0,2026-04-25 22:35:00+00:00,ETH/USDT
1777156800000,2320.48,2320.48,2320.48,2320.48,0.0,2026-04-25 22:40:00+00:00,ETH/USDT
1777157100000,2318.89,2318.89,2316.08,2316.08,1.275,2026-04-25 22:45:00+00:00,ETH/USDT
1777157400000,2316.08,2316.08,2316.08,2316.08,0.0,2026-04-25 22:50:00+00:00,ETH/USDT
1777157700000,2318.77,2318.77,2318.77,2318.77,0.0155,2026-04-25 22:55:00+00:00,ETH/USDT
1777158000000,2318.77,2318.77,2318.77,2318.77,0.0,2026-04-25 23:00:00+00:00,ETH/USDT
1777158300000,2319.39,2319.39,2319.39,2319.39,0.0022,2026-04-25 23:05:00+00:00,ETH/USDT
1777158600000,2319.39,2319.39,2319.39,2319.39,0.0,2026-04-25 23:10:00+00:00,ETH/USDT
1777158900000,2319.39,2319.39,2319.39,2319.39,0.0,2026-04-25 23:15:00+00:00,ETH/USDT
1777159200000,2318.58,2318.58,2318.58,2318.58,0.0086,2026-04-25 23:20:00+00:00,ETH/USDT
1777159500000,2318.58,2318.58,2318.58,2318.58,0.0,2026-04-25 23:25:00+00:00,ETH/USDT
1777159800000,2319.09,2319.09,2319.09,2319.09,0.6372,2026-04-25 23:30:00+00:00,ETH/USDT
1777160100000,2318.73,2319.35,2318.73,2319.35,0.8232,2026-04-25 23:35:00+00:00,ETH/USDT
1777160400000,2319.35,2319.35,2319.35,2319.35,0.0,2026-04-25 23:40:00+00:00,ETH/USDT
1777160700000,2319.35,2319.35,2319.35,2319.35,0.0,2026-04-25 23:45:00+00:00,ETH/USDT
1777161000000,2319.35,2319.35,2319.35,2319.35,0.0,2026-04-25 23:50:00+00:00,ETH/USDT
1777161300000,2319.62,2319.62,2319.62,2319.62,0.0013,2026-04-25 23:55:00+00:00,ETH/USDT
1777161600000,2319.71,2319.71,2318.44,2318.44,0.0557,2026-04-26 00:00:00+00:00,ETH/USDT
1777161900000,2317.7,2317.7,2317.03,2317.11,0.0512,2026-04-26 00:05:00+00:00,ETH/USDT
1777162200000,2317.11,2317.11,2317.11,2317.11,0.0,2026-04-26 00:10:00+00:00,ETH/USDT
1777162500000,2315.72,2316.26,2315.62,2315.96,0.0375,2026-04-26 00:15:00+00:00,ETH/USDT
1777162800000,2315.38,2315.43,2315.22,2315.22,0.0221,2026-04-26 00:20:00+00:00,ETH/USDT
1777163100000,2315.52,2315.79,2315.43,2315.43,0.0081,2026-04-26 00:25:00+00:00,ETH/USDT
1777163400000,2315.44,2316.46,2314.16,2316.46,0.17,2026-04-26 00:30:00+00:00,ETH/USDT
1777163700000,2315.59,2316.45,2315.41,2315.41,0.4925,2026-04-26 00:35:00+00:00,ETH/USDT
1777164000000,2316.22,2317.04,2316.22,2317.04,0.0392,2026-04-26 00:40:00+00:00,ETH/USDT
1777164300000,2317.42,2318.32,2317.42,2318.32,0.0102,2026-04-26 00:45:00+00:00,ETH/USDT
1777164600000,2317.18,2317.18,2316.93,2317.02,0.0165,2026-04-26 00:50:00+00:00,ETH/USDT
1777164900000,2314.09,2315.94,2313.0,2315.81,0.9461,2026-04-26 00:55:00+00:00,ETH/USDT
1777165200000,2315.59,2315.59,2315.16,2315.16,0.0062,2026-04-26 01:00:00+00:00,ETH/USDT
1777165500000,2314.73,2314.73,2314.73,2314.73,0.0025,2026-04-26 01:05:00+00:00,ETH/USDT
1777165800000,2315.15,2315.23,2315.14,2315.14,0.0035,2026-04-26 01:10:00+00:00,ETH/USDT
1777166100000,2316.45,2316.46,2315.9,2315.9,0.4855,2026-04-26 01:15:00+00:00,ETH/USDT
1777166400000,2315.9,2315.9,2315.9,2315.9,0.0,2026-04-26 01:20:00+00:00,ETH/USDT
1777166700000,2316.43,2316.43,2316.43,2316.43,0.01,2026-04-26 01:25:00+00:00,ETH/USDT
1777167000000,2316.43,2316.43,2316.43,2316.43,0.0,2026-04-26 01:30:00+00:00,ETH/USDT
1777167300000,2316.43,2316.43,2316.43,2316.43,0.0,2026-04-26 01:35:00+00:00,ETH/USDT
1777167600000,2317.16,2317.16,2317.16,2317.16,0.0431,2026-04-26 01:40:00+00:00,ETH/USDT
1777167900000,2315.57,2315.57,2315.57,2315.57,0.026,2026-04-26 01:45:00+00:00,ETH/USDT
1777168200000,2315.57,2315.57,2315.57,2315.57,0.0,2026-04-26 01:50:00+00:00,ETH/USDT
1777168500000,2313.89,2313.89,2313.89,2313.89,0.006,2026-04-26 01:55:00+00:00,ETH/USDT
1777168800000,2313.89,2315.21,2313.89,2315.21,0.0107,2026-04-26 02:00:00+00:00,ETH/USDT
1777169100000,2316.4,2316.4,2316.4,2316.4,0.0108,2026-04-26 02:05:00+00:00,ETH/USDT
1777169400000,2318.17,2318.57,2318.08,2318.57,2.1765,2026-04-26 02:10:00+00:00,ETH/USDT
1777169700000,2318.36,2318.57,2318.36,2318.57,2.1506,2026-04-26 02:15:00+00:00,ETH/USDT
1777170000000,2318.57,2318.57,2318.57,2318.57,0.0,2026-04-26 02:20:00+00:00,ETH/USDT
1777170300000,2317.64,2317.64,2317.64,2317.64,0.0123,2026-04-26 02:25:00+00:00,ETH/USDT
1777170600000,2317.64,2317.64,2317.64,2317.64,0.0,2026-04-26 02:30:00+00:00,ETH/USDT
1777170900000,2317.77,2317.77,2317.56,2317.56,0.0543,2026-04-26 02:35:00+00:00,ETH/USDT
1777171200000,2316.13,2316.13,2316.13,2316.13,0.0249,2026-04-26 02:40:00+00:00,ETH/USDT
1777171500000,2316.13,2316.13,2316.13,2316.13,0.0,2026-04-26 02:45:00+00:00,ETH/USDT
1777171800000,2316.51,2316.51,2316.51,2316.51,0.0018,2026-04-26 02:50:00+00:00,ETH/USDT
1777172100000,2316.51,2316.51,2316.51,2316.51,0.0,2026-04-26 02:55:00+00:00,ETH/USDT
1777172400000,2316.51,2316.51,2316.51,2316.51,0.0,2026-04-26 03:00:00+00:00,ETH/USDT
1777172700000,2313.89,2313.89,2313.89,2313.89,0.0089,2026-04-26 03:05:00+00:00,ETH/USDT
1777173000000,2315.39,2316.02,2315.39,2316.02,0.0182,2026-04-26 03:10:00+00:00,ETH/USDT
1777173300000,2316.04,2316.68,2316.04,2316.65,0.0144,2026-04-26 03:15:00+00:00,ETH/USDT
1777173600000,2315.58,2315.58,2315.43,2315.43,0.0147,2026-04-26 03:20:00+00:00,ETH/USDT
1777173900000,2315.43,2315.43,2315.43,2315.43,0.0,2026-04-26 03:25:00+00:00,ETH/USDT
1777174200000,2315.43,2315.43,2315.43,2315.43,0.0,2026-04-26 03:30:00+00:00,ETH/USDT
1777174500000,2310.35,2310.35,2307.93,2308.4,2.9626,2026-04-26 03:35:00+00:00,ETH/USDT
1777174800000,2308.73,2308.73,2308.73,2308.73,0.0315,2026-04-26 03:40:00+00:00,ETH/USDT
1777175100000,2308.73,2308.73,2308.73,2308.73,0.0,2026-04-26 03:45:00+00:00,ETH/USDT
1777175400000,2309.27,2309.27,2309.27,2309.27,0.0018,2026-04-26 03:50:00+00:00,ETH/USDT
1777175700000,2309.27,2309.27,2309.27,2309.27,0.0,2026-04-26 03:55:00+00:00,ETH/USDT
1777176000000,2309.27,2309.27,2309.27,2309.27,0.0,2026-04-26 04:00:00+00:00,ETH/USDT
1777176300000,2309.27,2309.27,2309.27,2309.27,0.0,2026-04-26 04:05:00+00:00,ETH/USDT
1777176600000,2309.27,2309.27,2309.27,2309.27,0.0,2026-04-26 04:10:00+00:00,ETH/USDT
1777176900000,2309.27,2309.27,2309.27,2309.27,0.0,2026-04-26 04:15:00+00:00,ETH/USDT
1777177200000,2309.27,2309.27,2309.27,2309.27,0.0,2026-04-26 04:20:00+00:00,ETH/USDT
1777177500000,2309.27,2309.27,2309.27,2309.27,0.0,2026-04-26 04:25:00+00:00,ETH/USDT
1777177800000,2309.27,2309.27,2309.27,2309.27,0.0,2026-04-26 04:30:00+00:00,ETH/USDT
1777178100000,2312.01,2312.01,2312.01,2312.01,0.0018,2026-04-26 04:35:00+00:00,ETH/USDT
1777178400000,2312.28,2313.7,2312.28,2313.7,0.0072,2026-04-26 04:40:00+00:00,ETH/USDT
1777178700000,2313.6,2319.66,2313.6,2319.66,0.0258,2026-04-26 04:45:00+00:00,ETH/USDT
1777179000000,2319.11,2319.11,2319.11,2319.11,0.329,2026-04-26 04:50:00+00:00,ETH/USDT
1777179300000,2319.11,2319.11,2319.11,2319.11,0.0,2026-04-26 04:55:00+00:00,ETH/USDT
1777179600000,2317.64,2317.64,2317.64,2317.64,0.0433,2026-04-26 05:00:00+00:00,ETH/USDT
1777179900000,2317.92,2317.92,2317.92,2317.92,0.0215,2026-04-26 05:05:00+00:00,ETH/USDT
1777180200000,2320.06,2330.79,2320.06,2330.47,6.6802,2026-04-26 05:10:00+00:00,ETH/USDT
1777180500000,2330.72,2333.7,2328.79,2331.13,8.6201,2026-04-26 05:15:00+00:00,ETH/USDT
1777180800000,2331.76,2331.76,2330.9,2330.9,0.0799,2026-04-26 05:20:00+00:00,ETH/USDT
1777181100000,2329.33,2334.96,2329.33,2331.03,1.3347,2026-04-26 05:25:00+00:00,ETH/USDT
1777181400000,2331.03,2331.03,2331.03,2331.03,0.0,2026-04-26 05:30:00+00:00,ETH/USDT
1777181700000,2329.96,2329.96,2328.72,2328.72,0.0061,2026-04-26 05:35:00+00:00,ETH/USDT
1777182000000,2329.41,2329.41,2329.41,2329.41,0.0214,2026-04-26 05:40:00+00:00,ETH/USDT
1777182300000,2329.41,2329.41,2329.41,2329.41,0.0,2026-04-26 05:45:00+00:00,ETH/USDT
1777182600000,2329.41,2329.41,2329.41,2329.41,0.0,2026-04-26 05:50:00+00:00,ETH/USDT
1777182900000,2328.7,2328.7,2328.7,2328.7,0.0009,2026-04-26 05:55:00+00:00,ETH/USDT
1777183200000,2328.78,2331.51,2328.78,2331.51,0.0072,2026-04-26 06:00:00+00:00,ETH/USDT
1777183500000,2331.87,2331.87,2330.18,2330.18,0.0059,2026-04-26 06:05:00+00:00,ETH/USDT
1777183800000,2330.52,2331.39,2330.52,2331.39,0.0215,2026-04-26 06:10:00+00:00,ETH/USDT
1777184100000,2330.85,2330.85,2330.11,2330.11,0.026,2026-04-26 06:15:00+00:00,ETH/USDT
1777184400000,2330.11,2330.11,2330.11,2330.11,0.0,2026-04-26 06:20:00+00:00,ETH/USDT
1777184700000,2330.47,2330.47,2329.47,2329.47,0.005,2026-04-26 06:25:00+00:00,ETH/USDT
1777185000000,2329.66,2329.66,2329.66,2329.66,0.0018,2026-04-26 06:30:00+00:00,ETH/USDT
1777185300000,2329.97,2331.14,2329.97,2331.14,0.009,2026-04-26 06:35:00+00:00,ETH/USDT
1777185600000,2331.8,2333.37,2331.8,2333.37,0.0072,2026-04-26 06:40:00+00:00,ETH/USDT
1777185900000,2332.03,2332.03,2331.69,2331.69,0.1307,2026-04-26 06:45:00+00:00,ETH/USDT
1777186200000,2329.81,2329.81,2328.76,2328.76,1.3056,2026-04-26 06:50:00+00:00,ETH/USDT
1777186500000,2328.76,2328.76,2328.76,2328.76,0.0,2026-04-26 06:55:00+00:00,ETH/USDT
1777186800000,2328.76,2328.76,2328.76,2328.76,0.0,2026-04-26 07:00:00+00:00,ETH/USDT
1777187100000,2328.76,2328.76,2328.76,2328.76,0.0,2026-04-26 07:05:00+00:00,ETH/USDT
1777187400000,2328.76,2328.76,2328.76,2328.76,0.0,2026-04-26 07:10:00+00:00,ETH/USDT
1777187700000,2330.08,2330.71,2330.05,2330.71,0.0928,2026-04-26 07:15:00+00:00,ETH/USDT
1777188000000,2330.71,2330.71,2330.71,2330.71,0.0,2026-04-26 07:20:00+00:00,ETH/USDT
1777188300000,2330.71,2330.71,2330.71,2330.71,0.0,2026-04-26 07:25:00+00:00,ETH/USDT
1777188600000,2330.71,2330.71,2330.71,2330.71,0.0,2026-04-26 07:30:00+00:00,ETH/USDT
1777188900000,2330.71,2330.71,2330.71,2330.71,0.0,2026-04-26 07:35:00+00:00,ETH/USDT
1777189200000,2330.71,2330.71,2330.71,2330.71,0.0,2026-04-26 07:40:00+00:00,ETH/USDT
1777189500000,2329.05,2329.05,2329.05,2329.05,0.0009,2026-04-26 07:45:00+00:00,ETH/USDT
1777189800000,2329.04,2331.6,2329.04,2331.6,0.2538,2026-04-26 07:50:00+00:00,ETH/USDT
1777190100000,2330.82,2331.99,2330.82,2331.99,0.0097,2026-04-26 07:55:00+00:00,ETH/USDT
1777190400000,2331.94,2333.91,2331.94,2333.91,1.0025,2026-04-26 08:00:00+00:00,ETH/USDT
1777190700000,2333.91,2333.91,2333.91,2333.91,0.0,2026-04-26 08:05:00+00:00,ETH/USDT
1777191000000,2332.21,2332.21,2332.21,2332.21,0.0534,2026-04-26 08:10:00+00:00,ETH/USDT
1777191300000,2332.21,2332.21,2332.21,2332.21,0.0,2026-04-26 08:15:00+00:00,ETH/USDT
1777191600000,2332.21,2332.21,2332.21,2332.21,0.0,2026-04-26 08:20:00+00:00,ETH/USDT
1777191900000,2332.21,2332.21,2332.21,2332.21,0.0,2026-04-26 08:25:00+00:00,ETH/USDT
1777192200000,2332.82,2333.5,2332.77,2333.5,0.0045,2026-04-26 08:30:00+00:00,ETH/USDT
1777192500000,2333.76,2337.27,2333.76,2337.27,0.5088,2026-04-26 08:35:00+00:00,ETH/USDT
1777192800000,2334.99,2334.99,2334.99,2334.99,0.0029,2026-04-26 08:40:00+00:00,ETH/USDT
1777193100000,2332.22,2332.22,2332.22,2332.22,0.0643,2026-04-26 08:45:00+00:00,ETH/USDT
1777193400000,2331.83,2332.94,2331.83,2332.94,0.2386,2026-04-26 08:50:00+00:00,ETH/USDT
1777193700000,2332.94,2332.94,2332.94,2332.94,0.0,2026-04-26 08:55:00+00:00,ETH/USDT
1777194000000,2330.65,2330.65,2330.65,2330.65,0.0122,2026-04-26 09:00:00+00:00,ETH/USDT
1777194300000,2330.86,2330.86,2330.86,2330.86,0.0009,2026-04-26 09:05:00+00:00,ETH/USDT
1777194600000,2329.74,2331.34,2329.74,2331.34,0.0115,2026-04-26 09:10:00+00:00,ETH/USDT
1777194900000,2331.34,2331.34,2331.34,2331.34,0.0,2026-04-26 09:15:00+00:00,ETH/USDT
1777195200000,2331.6,2333.49,2331.6,2333.49,0.0179,2026-04-26 09:20:00+00:00,ETH/USDT
1777195500000,2333.49,2333.49,2333.49,2333.49,0.0,2026-04-26 09:25:00+00:00,ETH/USDT
1777195800000,2333.49,2333.49,2333.49,2333.49,0.0,2026-04-26 09:30:00+00:00,ETH/USDT
1777196100000,2333.49,2333.49,2333.49,2333.49,0.0,2026-04-26 09:35:00+00:00,ETH/USDT
1777196400000,2333.49,2333.49,2333.49,2333.49,0.0,2026-04-26 09:40:00+00:00,ETH/USDT
1777196700000,2333.49,2333.49,2333.49,2333.49,0.0,2026-04-26 09:45:00+00:00,ETH/USDT
1777197000000,2333.9,2335.46,2333.9,2335.46,0.0191,2026-04-26 09:50:00+00:00,ETH/USDT
1777197300000,2335.46,2335.46,2335.46,2335.46,0.0,2026-04-26 09:55:00+00:00,ETH/USDT
1777197600000,2335.46,2335.46,2335.46,2335.46,0.0,2026-04-26 10:00:00+00:00,ETH/USDT
1777197900000,2335.72,2336.71,2335.72,2336.71,0.0034,2026-04-26 10:05:00+00:00,ETH/USDT
1777198200000,2336.71,2336.71,2336.71,2336.71,0.0,2026-04-26 10:10:00+00:00,ETH/USDT
1777198500000,2336.71,2336.71,2336.71,2336.71,0.0,2026-04-26 10:15:00+00:00,ETH/USDT
1777198800000,2336.71,2336.71,2336.71,2336.71,0.0,2026-04-26 10:20:00+00:00,ETH/USDT
1777199100000,2336.71,2336.71,2336.71,2336.71,0.0,2026-04-26 10:25:00+00:00,ETH/USDT
1777199400000,2336.71,2336.71,2336.71,2336.71,0.0,2026-04-26 10:30:00+00:00,ETH/USDT
1777199700000,2333.74,2333.74,2333.74,2333.74,0.0009,2026-04-26 10:35:00+00:00,ETH/USDT
1777200000000,2332.5,2333.12,2332.5,2333.12,0.0044,2026-04-26 10:40:00+00:00,ETH/USDT
1777200300000,2333.12,2333.12,2333.12,2333.12,0.0,2026-04-26 10:45:00+00:00,ETH/USDT
1777200600000,2331.81,2332.39,2331.81,2332.39,0.0884,2026-04-26 10:50:00+00:00,ETH/USDT
1777200900000,2332.39,2332.39,2332.39,2332.39,0.0,2026-04-26 10:55:00+00:00,ETH/USDT
1777201200000,2333.39,2334.07,2333.39,2333.77,0.0052,2026-04-26 11:00:00+00:00,ETH/USDT
1777201500000,2334.18,2334.68,2334.18,2334.68,0.0167,2026-04-26 11:05:00+00:00,ETH/USDT
1777201800000,2334.56,2335.46,2334.56,2335.46,0.0034,2026-04-26 11:10:00+00:00,ETH/USDT
1777202100000,2335.46,2335.46,2335.46,2335.46,0.0,2026-04-26 11:15:00+00:00,ETH/USDT
1777202400000,2335.85,2336.66,2335.85,2336.66,0.0051,2026-04-26 11:20:00+00:00,ETH/USDT
1777202700000,2337.15,2337.15,2337.15,2337.15,0.0017,2026-04-26 11:25:00+00:00,ETH/USDT
1777203000000,2337.15,2337.15,2337.15,2337.15,0.0,2026-04-26 11:30:00+00:00,ETH/USDT
1777203300000,2337.15,2337.15,2337.15,2337.15,0.0,2026-04-26 11:35:00+00:00,ETH/USDT
1777203600000,2337.15,2337.15,2337.15,2337.15,0.0,2026-04-26 11:40:00+00:00,ETH/USDT
1777203900000,2337.15,2337.15,2337.15,2337.15,0.0,2026-04-26 11:45:00+00:00,ETH/USDT
1777204200000,2337.15,2337.15,2337.15,2337.15,0.0,2026-04-26 11:50:00+00:00,ETH/USDT
1777204500000,2337.12,2337.12,2337.12,2337.12,0.0008,2026-04-26 11:55:00+00:00,ETH/USDT
1777204800000,2337.12,2337.12,2337.12,2337.12,0.0,2026-04-26 12:00:00+00:00,ETH/USDT
1777205100000,2337.12,2337.12,2337.12,2337.12,0.0,2026-04-26 12:05:00+00:00,ETH/USDT
1777205400000,2331.58,2331.58,2329.92,2329.92,0.3917,2026-04-26 12:10:00+00:00,ETH/USDT
1777205700000,2332.34,2332.34,2332.34,2332.34,0.0018,2026-04-26 12:15:00+00:00,ETH/USDT
1777206000000,2332.81,2333.54,2332.56,2333.54,0.4182,2026-04-26 12:20:00+00:00,ETH/USDT
1777206300000,2333.54,2333.54,2333.54,2333.54,0.0,2026-04-26 12:25:00+00:00,ETH/USDT
1777206600000,2331.22,2331.22,2331.22,2331.22,0.0018,2026-04-26 12:30:00+00:00,ETH/USDT
1777206900000,2331.22,2331.22,2331.22,2331.22,0.0,2026-04-26 12:35:00+00:00,ETH/USDT
1777207200000,2331.22,2331.22,2331.22,2331.22,0.0,2026-04-26 12:40:00+00:00,ETH/USDT
1777207500000,2329.92,2329.92,2325.83,2325.83,0.4353,2026-04-26 12:45:00+00:00,ETH/USDT
1777207800000,2329.37,2329.37,2329.37,2329.37,0.0009,2026-04-26 12:50:00+00:00,ETH/USDT
1777208100000,2328.52,2328.96,2328.26,2328.96,0.0078,2026-04-26 12:55:00+00:00,ETH/USDT
1777208400000,2329.25,2331.17,2329.25,2331.17,0.2211,2026-04-26 13:00:00+00:00,ETH/USDT
1777208700000,2330.3,2331.43,2330.3,2331.43,0.0143,2026-04-26 13:05:00+00:00,ETH/USDT
1777209000000,2331.68,2332.29,2331.68,2332.12,0.0062,2026-04-26 13:10:00+00:00,ETH/USDT
1777209300000,2332.12,2332.12,2332.12,2332.12,0.0,2026-04-26 13:15:00+00:00,ETH/USDT
1777209600000,2330.99,2330.99,2330.99,2330.99,0.1069,2026-04-26 13:20:00+00:00,ETH/USDT
1777209900000,2330.99,2330.99,2330.99,2330.99,0.0,2026-04-26 13:25:00+00:00,ETH/USDT
1777210200000,2332.54,2334.17,2332.54,2334.17,0.0203,2026-04-26 13:30:00+00:00,ETH/USDT
1777210500000,2334.33,2334.33,2334.33,2334.33,0.0214,2026-04-26 13:35:00+00:00,ETH/USDT
1777210800000,2334.46,2335.04,2334.46,2335.04,0.0034,2026-04-26 13:40:00+00:00,ETH/USDT
1777211100000,2335.65,2335.65,2335.65,2335.65,0.0418,2026-04-26 13:45:00+00:00,ETH/USDT
1777211400000,2335.28,2336.14,2335.28,2336.14,0.0034,2026-04-26 13:50:00+00:00,ETH/USDT
1777211700000,2336.14,2336.14,2336.14,2336.14,0.0,2026-04-26 13:55:00+00:00,ETH/USDT
1777212000000,2334.34,2334.34,2334.34,2334.34,0.0315,2026-04-26 14:00:00+00:00,ETH/USDT
1777212300000,2335.17,2336.07,2335.17,2336.07,0.428,2026-04-26 14:05:00+00:00,ETH/USDT
1777212600000,2335.66,2335.66,2335.66,2335.66,0.0032,2026-04-26 14:10:00+00:00,ETH/USDT
1777212900000,2335.86,2342.11,2335.86,2342.11,0.2722,2026-04-26 14:15:00+00:00,ETH/USDT
1777213200000,2342.11,2351.63,2342.11,2351.63,10.5212,2026-04-26 14:20:00+00:00,ETH/USDT
1777213500000,2347.51,2350.69,2347.09,2350.69,0.1899,2026-04-26 14:25:00+00:00,ETH/USDT
1777213800000,2350.79,2351.71,2350.79,2351.71,0.2073,2026-04-26 14:30:00+00:00,ETH/USDT
1777214100000,2347.72,2347.72,2347.25,2347.25,0.0603,2026-04-26 14:35:00+00:00,ETH/USDT
1777214400000,2347.35,2347.35,2347.35,2347.35,0.2566,2026-04-26 14:40:00+00:00,ETH/USDT
1777214700000,2347.25,2347.25,2345.57,2345.57,0.0937,2026-04-26 14:45:00+00:00,ETH/USDT
1777215000000,2349.25,2349.25,2349.25,2349.25,0.0762,2026-04-26 14:50:00+00:00,ETH/USDT
1777215300000,2346.97,2347.32,2346.97,2347.32,0.1869,2026-04-26 14:55:00+00:00,ETH/USDT
1777215600000,2347.54,2348.18,2347.43,2348.18,0.0041,2026-04-26 15:00:00+00:00,ETH/USDT
1777215900000,2348.18,2348.18,2348.18,2348.18,0.0,2026-04-26 15:05:00+00:00,ETH/USDT
1777216200000,2347.02,2347.02,2347.02,2347.02,0.2124,2026-04-26 15:10:00+00:00,ETH/USDT
1777216500000,2346.43,2346.44,2346.43,2346.44,0.0154,2026-04-26 15:15:00+00:00,ETH/USDT
1777216800000,2348.06,2348.06,2345.81,2345.81,1.2584,2026-04-26 15:20:00+00:00,ETH/USDT
1777217100000,2346.7,2346.7,2346.7,2346.7,0.0121,2026-04-26 15:25:00+00:00,ETH/USDT
1777217400000,2348.48,2349.14,2346.75,2346.78,1.8429,2026-04-26 15:30:00+00:00,ETH/USDT
1777217700000,2346.78,2346.78,2346.78,2346.78,0.0,2026-04-26 15:35:00+00:00,ETH/USDT
1777218000000,2346.78,2346.78,2346.78,2346.78,0.0,2026-04-26 15:40:00+00:00,ETH/USDT
1777218300000,2346.15,2346.15,2345.58,2345.58,0.9848,2026-04-26 15:45:00+00:00,ETH/USDT
1777218600000,2346.66,2346.66,2346.66,2346.66,0.0021,2026-04-26 15:50:00+00:00,ETH/USDT
1777218900000,2348.37,2348.37,2348.37,2348.37,0.085,2026-04-26 15:55:00+00:00,ETH/USDT
1777219200000,2349.7,2349.7,2349.7,2349.7,0.0008,2026-04-26 16:00:00+00:00,ETH/USDT
1777219500000,2347.63,2348.35,2341.55,2345.24,7.159,2026-04-26 16:05:00+00:00,ETH/USDT
1777219800000,2347.04,2347.04,2346.18,2346.18,1.8071,2026-04-26 16:10:00+00:00,ETH/USDT
1777220100000,2346.18,2346.18,2346.18,2346.18,0.0,2026-04-26 16:15:00+00:00,ETH/USDT
1777220400000,2346.18,2346.18,2346.18,2346.18,0.0,2026-04-26 16:20:00+00:00,ETH/USDT
1777220700000,2347.78,2347.78,2347.78,2347.78,0.7998,2026-04-26 16:25:00+00:00,ETH/USDT
1777221000000,2346.56,2348.52,2346.27,2348.52,0.1269,2026-04-26 16:30:00+00:00,ETH/USDT
1777221300000,2348.02,2348.02,2345.36,2345.36,0.6179,2026-04-26 16:35:00+00:00,ETH/USDT
1777221600000,2345.58,2345.58,2345.58,2345.58,0.0025,2026-04-26 16:40:00+00:00,ETH/USDT
1777221900000,2344.66,2344.66,2344.66,2344.66,0.0836,2026-04-26 16:45:00+00:00,ETH/USDT
1777222200000,2344.66,2344.66,2344.66,2344.66,0.0,2026-04-26 16:50:00+00:00,ETH/USDT
1777222500000,2346.17,2346.17,2344.82,2344.82,0.0916,2026-04-26 16:55:00+00:00,ETH/USDT
1777222800000,2342.1,2342.1,2341.17,2341.17,0.5029,2026-04-26 17:00:00+00:00,ETH/USDT
1777223100000,2341.17,2341.17,2341.17,2341.17,0.0,2026-04-26 17:05:00+00:00,ETH/USDT
1777223400000,2341.17,2341.17,2341.17,2341.17,0.0,2026-04-26 17:10:00+00:00,ETH/USDT
1777223700000,2345.45,2345.45,2345.45,2345.45,0.0106,2026-04-26 17:15:00+00:00,ETH/USDT
1777224000000,2346.84,2347.21,2346.84,2347.2,0.0127,2026-04-26 17:20:00+00:00,ETH/USDT
1777224300000,2347.2,2347.2,2347.2,2347.2,0.0,2026-04-26 17:25:00+00:00,ETH/USDT
1777224600000,2345.18,2345.18,2345.18,2345.18,0.0091,2026-04-26 17:30:00+00:00,ETH/USDT
1777224900000,2345.18,2345.18,2345.18,2345.18,0.0,2026-04-26 17:35:00+00:00,ETH/USDT
1777225200000,2346.82,2346.82,2346.82,2346.82,0.5449,2026-04-26 17:40:00+00:00,ETH/USDT
1777225500000,2346.82,2346.82,2346.82,2346.82,0.0,2026-04-26 17:45:00+00:00,ETH/USDT
1777225800000,2346.82,2346.82,2346.82,2346.82,0.0,2026-04-26 17:50:00+00:00,ETH/USDT
1777226100000,2348.36,2350.16,2348.36,2350.07,1.1133,2026-04-26 17:55:00+00:00,ETH/USDT
1777226400000,2349.77,2350.32,2349.69,2349.69,0.0956,2026-04-26 18:00:00+00:00,ETH/USDT
1777226700000,2348.47,2354.91,2344.73,2354.45,1.141,2026-04-26 18:05:00+00:00,ETH/USDT
1777227000000,2353.54,2366.48,2353.53,2366.23,6.543,2026-04-26 18:10:00+00:00,ETH/USDT
1777227300000,2364.09,2368.74,2364.09,2366.38,3.9673,2026-04-26 18:15:00+00:00,ETH/USDT
1777227600000,2363.8,2363.8,2363.8,2363.8,0.0637,2026-04-26 18:20:00+00:00,ETH/USDT
1777227900000,2363.99,2363.99,2363.99,2363.99,0.001,2026-04-26 18:25:00+00:00,ETH/USDT
1777228200000,2359.25,2359.3,2359.25,2359.3,0.1067,2026-04-26 18:30:00+00:00,ETH/USDT
1777228500000,2359.11,2359.12,2359.11,2359.12,0.2732,2026-04-26 18:35:00+00:00,ETH/USDT
1777228800000,2359.12,2359.12,2359.12,2359.12,0.0,2026-04-26 18:40:00+00:00,ETH/USDT
1777229100000,2361.29,2362.36,2361.29,2362.36,0.0051,2026-04-26 18:45:00+00:00,ETH/USDT
1777229400000,2361.44,2361.96,2360.82,2361.8,1.3486,2026-04-26 18:50:00+00:00,ETH/USDT
1777229700000,2362.39,2362.39,2362.39,2362.39,0.0063,2026-04-26 18:55:00+00:00,ETH/USDT
1777230000000,2361.22,2361.62,2361.22,2361.62,0.0063,2026-04-26 19:00:00+00:00,ETH/USDT
1777230300000,2359.65,2363.6,2359.65,2363.6,0.3116,2026-04-26 19:05:00+00:00,ETH/USDT
1777230600000,2363.5,2366.88,2363.23,2366.88,0.1185,2026-04-26 19:10:00+00:00,ETH/USDT
1777230900000,2367.82,2376.28,2367.82,2370.23,5.3185,2026-04-26 19:15:00+00:00,ETH/USDT
1777231200000,2369.4,2372.13,2369.4,2370.15,1.4768,2026-04-26 19:20:00+00:00,ETH/USDT
1777231500000,2368.31,2368.31,2366.13,2366.13,0.1802,2026-04-26 19:25:00+00:00,ETH/USDT
1777231800000,2364.64,2365.49,2364.64,2365.49,4.2169,2026-04-26 19:30:00+00:00,ETH/USDT
1777232100000,2366.34,2366.34,2366.34,2366.34,0.0422,2026-04-26 19:35:00+00:00,ETH/USDT
1777232400000,2365.4,2365.64,2362.71,2365.64,3.7321,2026-04-26 19:40:00+00:00,ETH/USDT
1777232700000,2365.94,2365.94,2365.94,2365.94,0.0361,2026-04-26 19:45:00+00:00,ETH/USDT
1777233000000,2369.21,2369.21,2369.21,2369.21,0.0422,2026-04-26 19:50:00+00:00,ETH/USDT
1777233300000,2370.28,2370.28,2370.2,2370.2,0.0215,2026-04-26 19:55:00+00:00,ETH/USDT
1777233600000,2366.38,2367.46,2366.38,2367.46,0.0118,2026-04-26 20:00:00+00:00,ETH/USDT
1777233900000,2367.46,2367.46,2367.46,2367.46,0.0,2026-04-26 20:05:00+00:00,ETH/USDT
1777234200000,2367.46,2367.46,2367.46,2367.46,0.0,2026-04-26 20:10:00+00:00,ETH/USDT
1777234500000,2364.55,2364.55,2364.55,2364.55,0.0017,2026-04-26 20:15:00+00:00,ETH/USDT
1777234800000,2364.55,2364.55,2364.55,2364.55,0.0,2026-04-26 20:20:00+00:00,ETH/USDT
1777235100000,2367.81,2367.81,2367.81,2367.81,0.0057,2026-04-26 20:25:00+00:00,ETH/USDT
1777235400000,2366.99,2372.05,2366.99,2371.03,1.9809,2026-04-26 20:30:00+00:00,ETH/USDT
1777235700000,2371.07,2371.07,2371.07,2371.07,0.2769,2026-04-26 20:35:00+00:00,ETH/USDT
1777236000000,2371.07,2371.07,2371.07,2371.07,0.0,2026-04-26 20:40:00+00:00,ETH/USDT
1777236300000,2366.81,2367.47,2366.81,2367.47,0.1729,2026-04-26 20:45:00+00:00,ETH/USDT
1777236600000,2364.93,2364.93,2364.93,2364.93,0.0013,2026-04-26 20:50:00+00:00,ETH/USDT
1777236900000,2364.41,2364.96,2364.41,2364.82,4.2223,2026-04-26 20:55:00+00:00,ETH/USDT
1777237200000,2363.66,2365.18,2363.66,2365.18,1.0255,2026-04-26 21:00:00+00:00,ETH/USDT
1777237500000,2365.18,2365.18,2365.18,2365.18,0.0,2026-04-26 21:05:00+00:00,ETH/USDT
1777237800000,2366.32,2369.64,2366.32,2369.64,0.0189,2026-04-26 21:10:00+00:00,ETH/USDT
1777238100000,2369.64,2369.64,2369.64,2369.64,0.0,2026-04-26 21:15:00+00:00,ETH/USDT
1777238400000,2366.6,2366.6,2366.39,2366.39,0.9995,2026-04-26 21:20:00+00:00,ETH/USDT
1777238700000,2368.09,2368.09,2365.77,2365.77,0.0503,2026-04-26 21:25:00+00:00,ETH/USDT
1777239000000,2364.91,2365.0,2352.96,2356.23,10.2613,2026-04-26 21:30:00+00:00,ETH/USDT
1777239300000,2356.98,2358.85,2356.81,2358.47,1.0856,2026-04-26 21:35:00+00:00,ETH/USDT
1777239600000,2357.73,2358.03,2357.73,2358.03,0.4198,2026-04-26 21:40:00+00:00,ETH/USDT
1777239900000,2353.33,2353.33,2353.33,2353.33,0.2322,2026-04-26 21:45:00+00:00,ETH/USDT
1777240200000,2352.26,2357.5,2349.56,2357.5,5.6604,2026-04-26 21:50:00+00:00,ETH/USDT
1777240500000,2363.8,2370.2,2360.18,2365.19,7.6922,2026-04-26 21:55:00+00:00,ETH/USDT
1777240800000,2364.78,2364.78,2364.78,2364.78,0.2341,2026-04-26 22:00:00+00:00,ETH/USDT
1777241100000,2367.99,2370.39,2367.99,2370.39,0.1788,2026-04-26 22:05:00+00:00,ETH/USDT
1777241400000,2367.64,2371.04,2367.64,2371.04,0.0153,2026-04-26 22:10:00+00:00,ETH/USDT
1777241700000,2371.07,2379.31,2371.07,2377.48,9.1703,2026-04-26 22:15:00+00:00,ETH/USDT
1777242000000,2376.26,2376.26,2372.77,2372.77,0.3929,2026-04-26 22:20:00+00:00,ETH/USDT
1777242300000,2372.77,2372.77,2372.77,2372.77,0.0,2026-04-26 22:25:00+00:00,ETH/USDT
1777242600000,2366.75,2366.75,2356.81,2356.81,0.566,2026-04-26 22:30:00+00:00,ETH/USDT
1777242900000,2356.81,2356.81,2356.81,2356.81,0.0,2026-04-26 22:35:00+00:00,ETH/USDT
1777243200000,2356.81,2356.81,2356.81,2356.81,0.0,2026-04-26 22:40:00+00:00,ETH/USDT
1777243500000,2361.14,2365.54,2361.14,2365.54,0.301,2026-04-26 22:45:00+00:00,ETH/USDT
1777243800000,2362.71,2364.25,2362.71,2362.8,0.119,2026-04-26 22:50:00+00:00,ETH/USDT
1777244100000,2361.14,2363.32,2361.14,2363.32,0.0068,2026-04-26 22:55:00+00:00,ETH/USDT
1777244400000,2360.72,2360.72,2360.72,2360.72,0.2329,2026-04-26 23:00:00+00:00,ETH/USDT
1777244700000,2359.49,2359.49,2357.5,2357.5,0.0623,2026-04-26 23:05:00+00:00,ETH/USDT
1777245000000,2358.75,2360.26,2358.75,2360.26,0.003,2026-04-26 23:10:00+00:00,ETH/USDT
1777245300000,2360.95,2360.95,2360.95,2360.95,0.0017,2026-04-26 23:15:00+00:00,ETH/USDT
1777245600000,2361.35,2366.95,2361.35,2366.95,0.4778,2026-04-26 23:20:00+00:00,ETH/USDT
1777245900000,2367.72,2368.89,2367.72,2368.89,0.0113,2026-04-26 23:25:00+00:00,ETH/USDT
1777246200000,2362.16,2362.16,2362.16,2362.16,0.0046,2026-04-26 23:30:00+00:00,ETH/USDT
1777246500000,2364.82,2364.82,2364.82,2364.82,0.0021,2026-04-26 23:35:00+00:00,ETH/USDT
1777246800000,2369.61,2372.28,2369.61,2372.28,0.0188,2026-04-26 23:40:00+00:00,ETH/USDT
1777247100000,2372.5,2376.26,2372.5,2375.39,0.5696,2026-04-26 23:45:00+00:00,ETH/USDT
1777247400000,2373.82,2373.82,2369.48,2369.48,1.2392,2026-04-26 23:50:00+00:00,ETH/USDT
1777247700000,2369.48,2369.48,2369.48,2369.48,0.0,2026-04-26 23:55:00+00:00,ETH/USDT
1777248000000,2370.27,2374.82,2369.12,2372.76,1.1463,2026-04-27 00:00:00+00:00,ETH/USDT
1777248300000,2373.42,2374.06,2372.23,2372.23,0.8364,2026-04-27 00:05:00+00:00,ETH/USDT
1777248600000,2367.35,2367.4,2366.76,2367.11,0.1938,2026-04-27 00:10:00+00:00,ETH/USDT
1777248900000,2366.28,2367.75,2365.69,2367.22,1.1452,2026-04-27 00:15:00+00:00,ETH/USDT
1777249200000,2367.88,2368.55,2365.0,2365.72,0.1991,2026-04-27 00:20:00+00:00,ETH/USDT
1777249500000,2364.09,2364.09,2360.59,2363.36,1.3342,2026-04-27 00:25:00+00:00,ETH/USDT
1777249800000,2361.46,2364.93,2361.13,2364.93,0.2804,2026-04-27 00:30:00+00:00,ETH/USDT
1777250100000,2364.63,2368.75,2363.67,2368.75,0.0646,2026-04-27 00:35:00+00:00,ETH/USDT
1777250400000,2370.18,2374.68,2370.18,2372.01,2.0644,2026-04-27 00:40:00+00:00,ETH/USDT
1777250700000,2373.49,2375.08,2372.29,2372.29,0.0696,2026-04-27 00:45:00+00:00,ETH/USDT
1777251000000,2372.78,2378.24,2371.46,2378.24,2.3127,2026-04-27 00:50:00+00:00,ETH/USDT
1777251300000,2379.68,2390.63,2379.68,2388.26,28.7959,2026-04-27 00:55:00+00:00,ETH/USDT
1777251600000,2391.64,2403.75,2389.83,2396.51,9.7465,2026-04-27 01:00:00+00:00,ETH/USDT
1777251900000,2398.72,2398.72,2387.33,2387.34,2.6849,2026-04-27 01:05:00+00:00,ETH/USDT
1777252200000,2386.94,2390.31,2386.94,2390.07,0.033,2026-04-27 01:10:00+00:00,ETH/USDT
1777252500000,2386.53,2386.53,2379.91,2383.81,4.5809,2026-04-27 01:15:00+00:00,ETH/USDT
1777252800000,2384.46,2384.78,2384.4,2384.4,0.2316,2026-04-27 01:20:00+00:00,ETH/USDT
1777253100000,2381.8,2381.8,2378.85,2381.33,5.5727,2026-04-27 01:25:00+00:00,ETH/USDT
1777253400000,2380.87,2381.0,2380.86,2380.86,0.0202,2026-04-27 01:30:00+00:00,ETH/USDT
1777253700000,2384.41,2389.22,2384.41,2389.22,0.1308,2026-04-27 01:35:00+00:00,ETH/USDT
1777254000000,2387.01,2387.74,2385.6,2385.6,1.1522,2026-04-27 01:40:00+00:00,ETH/USDT
1777254300000,2387.47,2396.11,2387.47,2396.11,4.0483,2026-04-27 01:45:00+00:00,ETH/USDT
1777254600000,2397.06,2397.06,2397.06,2397.06,0.005,2026-04-27 01:50:00+00:00,ETH/USDT
1777254900000,2392.14,2393.84,2392.14,2393.84,6.3807,2026-04-27 01:55:00+00:00,ETH/USDT
1777255200000,2392.6,2392.6,2389.72,2390.98,0.2107,2026-04-27 02:00:00+00:00,ETH/USDT
1777255500000,2390.78,2390.78,2387.95,2387.95,0.6269,2026-04-27 02:05:00+00:00,ETH/USDT
1777255800000,2389.38,2390.94,2387.53,2390.94,3.0006,2026-04-27 02:10:00+00:00,ETH/USDT
1777256100000,2393.29,2393.29,2392.9,2392.9,0.1027,2026-04-27 02:15:00+00:00,ETH/USDT
1777256400000,2392.9,2392.9,2392.9,2392.9,0.0,2026-04-27 02:20:00+00:00,ETH/USDT
1777256700000,2392.9,2392.9,2392.9,2392.9,0.0,2026-04-27 02:25:00+00:00,ETH/USDT
1777257000000,2394.02,2394.02,2393.15,2393.15,0.1972,2026-04-27 02:30:00+00:00,ETH/USDT
1777257300000,2392.73,2393.73,2392.73,2393.73,0.0063,2026-04-27 02:35:00+00:00,ETH/USDT
1777257600000,2391.45,2391.45,2391.45,2391.45,0.0667,2026-04-27 02:40:00+00:00,ETH/USDT
1777257900000,2391.45,2391.45,2391.45,2391.45,0.0,2026-04-27 02:45:00+00:00,ETH/USDT
1777258200000,2394.46,2396.3,2394.46,2396.3,1.0745,2026-04-27 02:50:00+00:00,ETH/USDT
1777258500000,2396.3,2396.3,2396.3,2396.3,0.0,2026-04-27 02:55:00+00:00,ETH/USDT
1777258800000,2391.55,2393.34,2391.09,2393.1,1.6506,2026-04-27 03:00:00+00:00,ETH/USDT
1777259100000,2391.28,2391.28,2391.28,2391.28,0.0425,2026-04-27 03:05:00+00:00,ETH/USDT
1777259400000,2393.27,2397.04,2393.27,2395.96,2.9631,2026-04-27 03:10:00+00:00,ETH/USDT
1777259700000,2395.87,2396.05,2393.2,2393.2,1.3949,2026-04-27 03:15:00+00:00,ETH/USDT
1777260000000,2396.18,2398.86,2396.18,2397.24,3.2479,2026-04-27 03:20:00+00:00,ETH/USDT
1777260300000,2397.24,2397.24,2397.24,2397.24,0.0,2026-04-27 03:25:00+00:00,ETH/USDT
1777260600000,2398.28,2399.08,2397.05,2397.05,0.217,2026-04-27 03:30:00+00:00,ETH/USDT
1777260900000,2397.75,2397.75,2397.75,2397.75,1.0424,2026-04-27 03:35:00+00:00,ETH/USDT
1777261200000,2397.54,2399.3,2397.07,2399.3,1.0,2026-04-27 03:40:00+00:00,ETH/USDT
1777261500000,2399.9,2399.9,2397.53,2397.66,0.1313,2026-04-27 03:45:00+00:00,ETH/USDT
1777261800000,2397.17,2397.74,2397.17,2397.74,2.0795,2026-04-27 03:50:00+00:00,ETH/USDT
1777262100000,2396.96,2396.96,2396.58,2396.58,0.0063,2026-04-27 03:55:00+00:00,ETH/USDT
1777262400000,2395.46,2395.46,2393.98,2393.98,1.0614,2026-04-27 04:00:00+00:00,ETH/USDT
1777262700000,2392.68,2393.22,2391.74,2392.52,1.2063,2026-04-27 04:05:00+00:00,ETH/USDT
1777263000000,2390.44,2390.44,2390.44,2390.44,0.8124,2026-04-27 04:10:00+00:00,ETH/USDT
1777263300000,2392.32,2392.32,2388.9,2389.7,0.2268,2026-04-27 04:15:00+00:00,ETH/USDT
1777263600000,2390.27,2390.27,2390.27,2390.27,0.0013,2026-04-27 04:20:00+00:00,ETH/USDT
1777263900000,2388.99,2390.53,2388.99,2390.49,2.7661,2026-04-27 04:25:00+00:00,ETH/USDT
1777264200000,2390.48,2391.26,2388.79,2388.79,11.6025,2026-04-27 04:30:00+00:00,ETH/USDT
1777264500000,2388.79,2388.79,2388.79,2388.79,0.0,2026-04-27 04:35:00+00:00,ETH/USDT
1777264800000,2387.47,2387.47,2387.1,2387.1,0.0483,2026-04-27 04:40:00+00:00,ETH/USDT
1777265100000,2387.7,2388.32,2383.06,2383.22,0.3029,2026-04-27 04:45:00+00:00,ETH/USDT
1777265400000,2382.94,2384.04,2381.01,2382.39,3.9317,2026-04-27 04:50:00+00:00,ETH/USDT
1777265700000,2382.39,2382.39,2382.39,2382.39,0.0,2026-04-27 04:55:00+00:00,ETH/USDT
1777266000000,2381.0,2381.0,2379.32,2379.64,2.6702,2026-04-27 05:00:00+00:00,ETH/USDT
1777266300000,2376.57,2376.57,2364.44,2365.73,3.1184,2026-04-27 05:05:00+00:00,ETH/USDT
1777266600000,2368.51,2368.51,2364.19,2366.38,2.7771,2026-04-27 05:10:00+00:00,ETH/USDT
1777266900000,2362.58,2362.58,2343.02,2346.29,12.9867,2026-04-27 05:15:00+00:00,ETH/USDT
1777267200000,2342.59,2342.59,2329.96,2329.96,11.0473,2026-04-27 05:20:00+00:00,ETH/USDT
1777267500000,2334.78,2337.63,2330.64,2337.63,1.4671,2026-04-27 05:25:00+00:00,ETH/USDT
1777267800000,2332.49,2332.49,2330.48,2330.64,0.5603,2026-04-27 05:30:00+00:00,ETH/USDT
1777268100000,2328.45,2328.45,2321.77,2328.06,2.3631,2026-04-27 05:35:00+00:00,ETH/USDT
1777268400000,2327.39,2328.0,2324.48,2326.04,0.2575,2026-04-27 05:40:00+00:00,ETH/USDT
1777268700000,2323.27,2324.99,2320.0,2320.0,2.6497,2026-04-27 05:45:00+00:00,ETH/USDT
1777269000000,2320.64,2320.64,2320.64,2320.64,0.0118,2026-04-27 05:50:00+00:00,ETH/USDT
1777269300000,2320.64,2320.64,2320.64,2320.64,0.0,2026-04-27 05:55:00+00:00,ETH/USDT
1777269600000,2322.59,2322.59,2322.59,2322.59,0.0429,2026-04-27 06:00:00+00:00,ETH/USDT
1777269900000,2318.61,2321.4,2317.76,2321.4,1.0602,2026-04-27 06:05:00+00:00,ETH/USDT
1777270200000,2321.89,2321.89,2321.89,2321.89,0.0437,2026-04-27 06:10:00+00:00,ETH/USDT
1777270500000,2323.86,2325.57,2323.86,2325.57,0.2094,2026-04-27 06:15:00+00:00,ETH/USDT
1777270800000,2326.1,2328.94,2326.1,2328.85,14.1861,2026-04-27 06:20:00+00:00,ETH/USDT
1777271100000,2327.63,2327.63,2327.63,2327.63,0.0859,2026-04-27 06:25:00+00:00,ETH/USDT
1777271400000,2323.86,2323.86,2312.0,2315.23,0.4258,2026-04-27 06:30:00+00:00,ETH/USDT
1777271700000,2319.58,2319.58,2319.58,2319.58,0.0053,2026-04-27 06:35:00+00:00,ETH/USDT
1777272000000,2319.58,2319.58,2319.58,2319.58,0.0,2026-04-27 06:40:00+00:00,ETH/USDT
1777272300000,2322.32,2324.7,2322.32,2324.7,2.9584,2026-04-27 06:45:00+00:00,ETH/USDT
1777272600000,2322.71,2322.71,2321.65,2321.78,0.0421,2026-04-27 06:50:00+00:00,ETH/USDT
1777272900000,2322.02,2322.02,2322.02,2322.02,0.0208,2026-04-27 06:55:00+00:00,ETH/USDT
1777273200000,2321.52,2322.64,2321.52,2322.64,0.0237,2026-04-27 07:00:00+00:00,ETH/USDT
1777273500000,2320.43,2320.43,2320.0,2320.0,0.0707,2026-04-27 07:05:00+00:00,ETH/USDT
1777273800000,2318.57,2319.66,2318.0,2318.0,0.6,2026-04-27 07:10:00+00:00,ETH/USDT
1777274100000,2318.0,2318.0,2318.0,2318.0,0.0,2026-04-27 07:15:00+00:00,ETH/USDT
1777274400000,2318.0,2318.0,2318.0,2318.0,0.0,2026-04-27 07:20:00+00:00,ETH/USDT
1777274700000,2318.0,2318.0,2318.0,2318.0,0.0,2026-04-27 07:25:00+00:00,ETH/USDT
1777275000000,2317.0,2317.0,2316.05,2316.05,0.0191,2026-04-27 07:30:00+00:00,ETH/USDT
1777275300000,2316.36,2316.95,2316.36,2316.95,0.4622,2026-04-27 07:35:00+00:00,ETH/USDT
1777275600000,2316.95,2316.95,2316.95,2316.95,0.0,2026-04-27 07:40:00+00:00,ETH/USDT
1777275900000,2320.55,2320.55,2319.28,2319.28,0.0918,2026-04-27 07:45:00+00:00,ETH/USDT
1777276200000,2319.28,2319.28,2319.28,2319.28,0.0,2026-04-27 07:50:00+00:00,ETH/USDT
1777276500000,2319.28,2319.28,2319.28,2319.28,0.0,2026-04-27 07:55:00+00:00,ETH/USDT
1777276800000,2315.0,2315.0,2314.91,2314.91,0.2298,2026-04-27 08:00:00+00:00,ETH/USDT
1777277100000,2316.36,2316.36,2316.05,2316.14,0.0406,2026-04-27 08:05:00+00:00,ETH/USDT
1777277400000,2316.14,2316.14,2316.14,2316.14,0.0,2026-04-27 08:10:00+00:00,ETH/USDT
1777277700000,2316.14,2316.14,2316.14,2316.14,0.0,2026-04-27 08:15:00+00:00,ETH/USDT
1777278000000,2316.51,2316.51,2313.01,2313.01,1.1699,2026-04-27 08:20:00+00:00,ETH/USDT
1777278300000,2313.79,2313.79,2312.27,2312.33,0.0124,2026-04-27 08:25:00+00:00,ETH/USDT
1777278600000,2310.0,2311.3,2309.72,2311.3,0.6775,2026-04-27 08:30:00+00:00,ETH/USDT
1777278900000,2311.3,2311.3,2311.3,2311.3,0.0,2026-04-27 08:35:00+00:00,ETH/USDT
1777279200000,2311.3,2311.3,2311.3,2311.3,0.0,2026-04-27 08:40:00+00:00,ETH/USDT
1777279500000,2311.3,2311.3,2311.3,2311.3,0.0,2026-04-27 08:45:00+00:00,ETH/USDT
1777279800000,2318.48,2318.48,2318.37,2318.37,0.0142,2026-04-27 08:50:00+00:00,ETH/USDT
1777280100000,2316.97,2316.97,2316.97,2316.97,0.0056,2026-04-27 08:55:00+00:00,ETH/USDT
1777280400000,2318.98,2318.98,2318.98,2318.98,0.0047,2026-04-27 09:00:00+00:00,ETH/USDT
1777280700000,2318.98,2318.98,2318.98,2318.98,0.0,2026-04-27 09:05:00+00:00,ETH/USDT
1777281000000,2318.98,2318.98,2318.98,2318.98,0.0,2026-04-27 09:10:00+00:00,ETH/USDT
1777281300000,2318.98,2318.98,2318.98,2318.98,0.0,2026-04-27 09:15:00+00:00,ETH/USDT
1777281600000,2318.98,2318.98,2318.98,2318.98,0.0,2026-04-27 09:20:00+00:00,ETH/USDT
1777281900000,2318.98,2318.98,2318.98,2318.98,0.0,2026-04-27 09:25:00+00:00,ETH/USDT
1777282200000,2321.79,2323.59,2321.79,2323.59,0.8738,2026-04-27 09:30:00+00:00,ETH/USDT
1777282500000,2322.24,2322.24,2322.24,2322.24,0.4018,2026-04-27 09:35:00+00:00,ETH/USDT
1777282800000,2323.86,2323.86,2323.86,2323.86,0.0043,2026-04-27 09:40:00+00:00,ETH/USDT
1777283100000,2323.86,2323.86,2323.86,2323.86,0.0,2026-04-27 09:45:00+00:00,ETH/USDT
1777283400000,2323.86,2323.86,2323.86,2323.86,0.0,2026-04-27 09:50:00+00:00,ETH/USDT
1777283700000,2323.86,2323.86,2323.86,2323.86,0.0,2026-04-27 09:55:00+00:00,ETH/USDT
1777284000000,2324.19,2324.19,2324.19,2324.19,0.0043,2026-04-27 10:00:00+00:00,ETH/USDT
1777284300000,2324.19,2324.19,2324.19,2324.19,0.0,2026-04-27 10:05:00+00:00,ETH/USDT
1777284600000,2322.21,2322.21,2322.21,2322.21,0.0107,2026-04-27 10:10:00+00:00,ETH/USDT
1777284900000,2322.21,2322.21,2322.21,2322.21,0.0,2026-04-27 10:15:00+00:00,ETH/USDT
1777285200000,2321.93,2321.93,2321.93,2321.93,0.0026,2026-04-27 10:20:00+00:00,ETH/USDT
1777285500000,2321.93,2321.93,2321.93,2321.93,0.0,2026-04-27 10:25:00+00:00,ETH/USDT
1777285800000,2321.93,2321.93,2321.93,2321.93,0.0,2026-04-27 10:30:00+00:00,ETH/USDT
1777286100000,2321.93,2321.93,2321.93,2321.93,0.0,2026-04-27 10:35:00+00:00,ETH/USDT
1777286400000,2321.93,2321.93,2321.93,2321.93,0.0,2026-04-27 10:40:00+00:00,ETH/USDT
1777286700000,2321.02,2321.02,2321.02,2321.02,0.043,2026-04-27 10:45:00+00:00,ETH/USDT
1777287000000,2321.02,2321.02,2321.02,2321.02,0.0,2026-04-27 10:50:00+00:00,ETH/USDT
1777287300000,2322.19,2322.19,2322.19,2322.19,0.015,2026-04-27 10:55:00+00:00,ETH/USDT
1777287600000,2322.19,2322.19,2322.19,2322.19,0.0,2026-04-27 11:00:00+00:00,ETH/USDT
1777287900000,2319.58,2319.58,2319.58,2319.58,0.0043,2026-04-27 11:05:00+00:00,ETH/USDT
1777288200000,2317.6,2317.6,2317.28,2317.28,0.0099,2026-04-27 11:10:00+00:00,ETH/USDT
1777288500000,2318.58,2319.95,2318.51,2319.95,0.1329,2026-04-27 11:15:00+00:00,ETH/USDT
1777288800000,2321.73,2321.82,2321.73,2321.82,0.4731,2026-04-27 11:20:00+00:00,ETH/USDT
1777289100000,2321.73,2322.66,2321.4,2322.66,4.5991,2026-04-27 11:25:00+00:00,ETH/USDT
1777289400000,2322.56,2322.56,2322.56,2322.56,0.1288,2026-04-27 11:30:00+00:00,ETH/USDT
1777289700000,2322.56,2322.56,2322.56,2322.56,0.0,2026-04-27 11:35:00+00:00,ETH/USDT
1777290000000,2322.56,2322.56,2322.56,2322.56,0.0,2026-04-27 11:40:00+00:00,ETH/USDT
1777290300000,2322.56,2322.56,2322.56,2322.56,0.0,2026-04-27 11:45:00+00:00,ETH/USDT
1777290600000,2319.12,2319.34,2319.12,2319.34,0.4683,2026-04-27 11:50:00+00:00,ETH/USDT
1777290900000,2319.34,2319.34,2319.34,2319.34,0.0,2026-04-27 11:55:00+00:00,ETH/USDT
1777291200000,2319.59,2319.59,2317.23,2317.23,1.337,2026-04-27 12:00:00+00:00,ETH/USDT
1777291500000,2317.55,2317.55,2317.55,2317.55,0.0016,2026-04-27 12:05:00+00:00,ETH/USDT
1777291800000,2321.16,2321.16,2321.1,2321.1,0.1725,2026-04-27 12:10:00+00:00,ETH/USDT
1777292100000,2321.1,2321.1,2321.1,2321.1,0.0,2026-04-27 12:15:00+00:00,ETH/USDT
1777292400000,2321.1,2321.1,2321.1,2321.1,0.0,2026-04-27 12:20:00+00:00,ETH/USDT
1777292700000,2316.02,2316.02,2316.02,2316.02,0.0478,2026-04-27 12:25:00+00:00,ETH/USDT
1777293000000,2316.44,2316.44,2316.44,2316.44,0.0082,2026-04-27 12:30:00+00:00,ETH/USDT
1777293300000,2315.97,2315.97,2314.0,2314.0,0.5251,2026-04-27 12:35:00+00:00,ETH/USDT
1777293600000,2314.0,2314.0,2314.0,2314.0,0.0,2026-04-27 12:40:00+00:00,ETH/USDT
1777293900000,2314.0,2314.0,2314.0,2314.0,0.0,2026-04-27 12:45:00+00:00,ETH/USDT
1777294200000,2314.0,2314.0,2314.0,2314.0,0.0,2026-04-27 12:50:00+00:00,ETH/USDT
1777294500000,2314.0,2314.0,2314.0,2314.0,0.0594,2026-04-27 12:55:00+00:00,ETH/USDT
1777294800000,2315.23,2315.23,2314.57,2314.57,0.0374,2026-04-27 13:00:00+00:00,ETH/USDT
1777295100000,2314.12,2315.24,2314.12,2315.24,0.057,2026-04-27 13:05:00+00:00,ETH/USDT
1777295400000,2317.51,2317.51,2316.3,2316.3,0.0048,2026-04-27 13:10:00+00:00,ETH/USDT
1777295700000,2315.47,2315.47,2315.47,2315.47,0.2155,2026-04-27 13:15:00+00:00,ETH/USDT
1777296000000,2316.66,2316.66,2316.15,2316.15,0.1191,2026-04-27 13:20:00+00:00,ETH/USDT
1777296300000,2315.4,2315.4,2314.7,2314.7,0.095,2026-04-27 13:25:00+00:00,ETH/USDT
1777296600000,2311.44,2317.0,2311.44,2314.3,1.1987,2026-04-27 13:30:00+00:00,ETH/USDT
1777296900000,2313.35,2317.35,2313.35,2317.35,0.2675,2026-04-27 13:35:00+00:00,ETH/USDT
1777297200000,2316.51,2320.94,2315.17,2315.18,4.1203,2026-04-27 13:40:00+00:00,ETH/USDT
1777297500000,2313.87,2313.87,2304.77,2307.65,5.0278,2026-04-27 13:45:00+00:00,ETH/USDT
1777297800000,2304.31,2308.85,2303.98,2308.85,0.6553,2026-04-27 13:50:00+00:00,ETH/USDT
1777298100000,2313.18,2313.18,2313.18,2313.18,0.0216,2026-04-27 13:55:00+00:00,ETH/USDT
1777298400000,2312.62,2312.62,2312.59,2312.61,0.643,2026-04-27 14:00:00+00:00,ETH/USDT
1777298700000,2309.43,2314.0,2309.43,2314.0,0.3308,2026-04-27 14:05:00+00:00,ETH/USDT
1777299000000,2313.32,2314.25,2313.32,2314.25,0.243,2026-04-27 14:10:00+00:00,ETH/USDT
1777299300000,2316.06,2316.06,2316.06,2316.06,0.2356,2026-04-27 14:15:00+00:00,ETH/USDT
1777299600000,2313.98,2314.35,2312.91,2312.91,0.1602,2026-04-27 14:20:00+00:00,ETH/USDT
1777299900000,2313.5,2313.5,2313.5,2313.5,0.0013,2026-04-27 14:25:00+00:00,ETH/USDT
1777300200000,2312.92,2313.47,2312.92,2313.47,0.2958,2026-04-27 14:30:00+00:00,ETH/USDT
1777300500000,2316.06,2327.45,2316.06,2326.71,2.6359,2026-04-27 14:35:00+00:00,ETH/USDT
1777300800000,2325.14,2325.14,2325.14,2325.14,0.0172,2026-04-27 14:40:00+00:00,ETH/USDT
1777301100000,2327.47,2328.45,2327.47,2327.57,0.1053,2026-04-27 14:45:00+00:00,ETH/USDT
1777301400000,2327.34,2327.34,2315.74,2316.46,0.2313,2026-04-27 14:50:00+00:00,ETH/USDT
1777301700000,2319.1,2319.1,2314.0,2316.08,0.0621,2026-04-27 14:55:00+00:00,ETH/USDT
1777302000000,2312.6,2312.6,2294.69,2295.24,6.5265,2026-04-27 15:00:00+00:00,ETH/USDT
1777302300000,2300.57,2300.71,2296.91,2296.91,0.0246,2026-04-27 15:05:00+00:00,ETH/USDT
1777302600000,2296.91,2300.6,2296.91,2298.09,0.9005,2026-04-27 15:10:00+00:00,ETH/USDT
1777302900000,2291.69,2292.89,2280.16,2283.53,6.0102,2026-04-27 15:15:00+00:00,ETH/USDT
1777303200000,2280.16,2280.16,2264.31,2267.77,4.3644,2026-04-27 15:20:00+00:00,ETH/USDT
1777303500000,2268.19,2273.4,2268.0,2272.0,0.5298,2026-04-27 15:25:00+00:00,ETH/USDT
1777303800000,2276.36,2283.16,2276.36,2282.07,0.7572,2026-04-27 15:30:00+00:00,ETH/USDT
1777304100000,2280.4,2282.63,2280.4,2281.38,0.5291,2026-04-27 15:35:00+00:00,ETH/USDT
1777304400000,2281.3,2283.32,2281.3,2283.32,0.1384,2026-04-27 15:40:00+00:00,ETH/USDT
1777304700000,2281.33,2281.33,2277.01,2277.01,2.2731,2026-04-27 15:45:00+00:00,ETH/USDT
1777305000000,2276.13,2276.13,2276.13,2276.13,0.0113,2026-04-27 15:50:00+00:00,ETH/USDT
1777305300000,2273.68,2273.68,2273.68,2273.68,0.009,2026-04-27 15:55:00+00:00,ETH/USDT
1777305600000,2273.9,2273.9,2271.77,2272.19,81.3115,2026-04-27 16:00:00+00:00,ETH/USDT
1777305900000,2274.76,2277.43,2274.3,2277.43,0.0226,2026-04-27 16:05:00+00:00,ETH/USDT
1777306200000,2277.44,2277.44,2277.44,2277.44,0.0219,2026-04-27 16:10:00+00:00,ETH/USDT
1777306500000,2279.37,2279.37,2277.0,2277.0,8.4236,2026-04-27 16:15:00+00:00,ETH/USDT
1777306800000,2275.56,2276.64,2275.56,2276.19,0.4594,2026-04-27 16:20:00+00:00,ETH/USDT
1777307100000,2277.97,2277.97,2277.97,2277.97,0.0037,2026-04-27 16:25:00+00:00,ETH/USDT
1777307400000,2278.65,2278.65,2278.65,2278.65,0.0037,2026-04-27 16:30:00+00:00,ETH/USDT
1777307700000,2276.78,2276.78,2276.16,2276.16,0.1312,2026-04-27 16:35:00+00:00,ETH/USDT
1777308000000,2275.47,2275.47,2275.47,2275.47,0.0548,2026-04-27 16:40:00+00:00,ETH/USDT
1777308300000,2275.33,2279.53,2275.33,2277.89,0.9055,2026-04-27 16:45:00+00:00,ETH/USDT
1777308600000,2277.89,2277.89,2277.89,2277.89,0.0,2026-04-27 16:50:00+00:00,ETH/USDT
1777308900000,2276.77,2276.77,2276.77,2276.77,0.75,2026-04-27 16:55:00+00:00,ETH/USDT
1777309200000,2279.68,2283.1,2279.68,2283.1,0.2585,2026-04-27 17:00:00+00:00,ETH/USDT
1777309500000,2281.74,2281.74,2280.45,2280.45,0.1362,2026-04-27 17:05:00+00:00,ETH/USDT
1777309800000,2280.88,2282.31,2280.88,2282.31,0.0809,2026-04-27 17:10:00+00:00,ETH/USDT
1777310100000,2280.04,2280.04,2280.04,2280.04,0.0245,2026-04-27 17:15:00+00:00,ETH/USDT
1777310400000,2281.42,2286.45,2281.42,2286.45,4.3053,2026-04-27 17:20:00+00:00,ETH/USDT
1777310700000,2286.55,2289.76,2286.55,2289.76,0.4998,2026-04-27 17:25:00+00:00,ETH/USDT
1777311000000,2290.07,2292.19,2290.07,2292.19,4.3079,2026-04-27 17:30:00+00:00,ETH/USDT
1777311300000,2292.19,2292.19,2292.19,2292.19,0.0,2026-04-27 17:35:00+00:00,ETH/USDT
1777311600000,2292.19,2292.19,2292.19,2292.19,0.0,2026-04-27 17:40:00+00:00,ETH/USDT
1777311900000,2290.97,2290.97,2290.25,2290.64,0.2277,2026-04-27 17:45:00+00:00,ETH/USDT
1777312200000,2290.64,2290.64,2290.64,2290.64,0.0,2026-04-27 17:50:00+00:00,ETH/USDT
1777312500000,2288.2,2288.33,2288.2,2288.33,0.4358,2026-04-27 17:55:00+00:00,ETH/USDT
1777312800000,2288.33,2288.33,2288.33,2288.33,0.0,2026-04-27 18:00:00+00:00,ETH/USDT
1777313100000,2287.99,2287.99,2286.46,2286.46,0.3267,2026-04-27 18:05:00+00:00,ETH/USDT
1777313400000,2288.14,2288.54,2288.14,2288.54,0.0152,2026-04-27 18:10:00+00:00,ETH/USDT
1777313700000,2289.03,2289.03,2289.03,2289.03,0.0037,2026-04-27 18:15:00+00:00,ETH/USDT
1777314000000,2290.78,2290.78,2290.78,2290.78,0.0018,2026-04-27 18:20:00+00:00,ETH/USDT
1777314300000,2287.94,2287.94,2285.66,2285.66,0.2631,2026-04-27 18:25:00+00:00,ETH/USDT
1777314600000,2285.66,2285.66,2285.66,2285.66,0.0,2026-04-27 18:30:00+00:00,ETH/USDT
1777314900000,2289.33,2289.33,2288.69,2289.01,0.0084,2026-04-27 18:35:00+00:00,ETH/USDT
1777315200000,2288.47,2289.44,2288.47,2289.36,0.2406,2026-04-27 18:40:00+00:00,ETH/USDT
1777315500000,2289.79,2291.27,2289.79,2291.27,0.0689,2026-04-27 18:45:00+00:00,ETH/USDT
1777315800000,2289.54,2290.81,2289.54,2290.81,0.4145,2026-04-27 18:50:00+00:00,ETH/USDT
1777316100000,2289.88,2289.88,2288.67,2289.05,0.0726,2026-04-27 18:55:00+00:00,ETH/USDT
1777316400000,2289.07,2289.81,2287.31,2287.89,0.4786,2026-04-27 19:00:00+00:00,ETH/USDT
1777316700000,2286.58,2287.67,2285.75,2287.67,0.0686,2026-04-27 19:05:00+00:00,ETH/USDT
1777317000000,2287.94,2290.67,2287.94,2290.59,0.9415,2026-04-27 19:10:00+00:00,ETH/USDT
1777317300000,2290.15,2290.16,2290.15,2290.16,1.0,2026-04-27 19:15:00+00:00,ETH/USDT
1777317600000,2287.9,2288.53,2287.25,2288.53,0.0917,2026-04-27 19:20:00+00:00,ETH/USDT
1777317900000,2285.05,2285.05,2280.73,2280.73,0.3085,2026-04-27 19:25:00+00:00,ETH/USDT
1777318200000,2280.37,2280.37,2277.37,2277.37,2.7879,2026-04-27 19:30:00+00:00,ETH/USDT
1777318500000,2281.78,2281.78,2281.78,2281.78,0.0874,2026-04-27 19:35:00+00:00,ETH/USDT
1777318800000,2281.78,2281.78,2281.78,2281.78,0.0,2026-04-27 19:40:00+00:00,ETH/USDT
1777319100000,2281.78,2281.78,2281.78,2281.78,0.0,2026-04-27 19:45:00+00:00,ETH/USDT
1777319400000,2287.5,2287.5,2287.5,2287.5,0.0146,2026-04-27 19:50:00+00:00,ETH/USDT
1777319700000,2288.14,2288.22,2288.14,2288.22,0.06,2026-04-27 19:55:00+00:00,ETH/USDT
1777320000000,2288.98,2293.19,2288.98,2293.19,1.5604,2026-04-27 20:00:00+00:00,ETH/USDT
1777320300000,2294.07,2294.82,2294.07,2294.82,0.0275,2026-04-27 20:05:00+00:00,ETH/USDT
1777320600000,2291.49,2291.73,2291.49,2291.73,1.256,2026-04-27 20:10:00+00:00,ETH/USDT
1777320900000,2291.66,2292.66,2291.66,2292.61,8.3634,2026-04-27 20:15:00+00:00,ETH/USDT
1777321200000,2292.61,2292.61,2292.61,2292.61,0.0,2026-04-27 20:20:00+00:00,ETH/USDT
1777321500000,2292.65,2293.19,2292.65,2293.19,0.2289,2026-04-27 20:25:00+00:00,ETH/USDT
1777321800000,2292.66,2294.17,2292.66,2294.17,0.0462,2026-04-27 20:30:00+00:00,ETH/USDT
1777322100000,2293.52,2293.52,2293.52,2293.52,0.0101,2026-04-27 20:35:00+00:00,ETH/USDT
1777322400000,2293.07,2293.07,2292.89,2292.89,0.0083,2026-04-27 20:40:00+00:00,ETH/USDT
1777322700000,2292.03,2292.32,2292.0,2292.32,0.0045,2026-04-27 20:45:00+00:00,ETH/USDT
1777323000000,2291.72,2291.91,2291.72,2291.91,0.4394,2026-04-27 20:50:00+00:00,ETH/USDT
1777323300000,2291.8,2292.76,2291.8,2292.76,0.0072,2026-04-27 20:55:00+00:00,ETH/USDT
1777323600000,2290.2,2290.74,2289.02,2289.02,0.3055,2026-04-27 21:00:00+00:00,ETH/USDT
1777323900000,2289.74,2289.74,2288.76,2289.4,0.0192,2026-04-27 21:05:00+00:00,ETH/USDT
1777324200000,2288.11,2290.1,2287.28,2290.1,0.36,2026-04-27 21:10:00+00:00,ETH/USDT
1777324500000,2289.33,2291.18,2289.33,2289.49,0.0191,2026-04-27 21:15:00+00:00,ETH/USDT
1777324800000,2288.93,2289.54,2288.93,2289.54,0.0026,2026-04-27 21:20:00+00:00,ETH/USDT
1777325100000,2288.0,2290.47,2288.0,2290.47,0.0146,2026-04-27 21:25:00+00:00,ETH/USDT
1777325400000,2290.77,2292.05,2290.77,2292.05,0.0108,2026-04-27 21:30:00+00:00,ETH/USDT
1777325700000,2292.34,2292.71,2291.38,2291.38,0.2673,2026-04-27 21:35:00+00:00,ETH/USDT
1777326000000,2291.35,2291.72,2291.34,2291.72,0.0045,2026-04-27 21:40:00+00:00,ETH/USDT
1777326300000,2290.34,2290.34,2289.34,2290.33,0.8652,2026-04-27 21:45:00+00:00,ETH/USDT
1777326600000,2290.17,2290.88,2290.17,2290.88,0.0045,2026-04-27 21:50:00+00:00,ETH/USDT
1777326900000,2288.4,2288.4,2287.96,2288.37,0.0072,2026-04-27 21:55:00+00:00,ETH/USDT
1777327200000,2287.98,2289.06,2286.26,2287.67,0.3262,2026-04-27 22:00:00+00:00,ETH/USDT
1777327500000,2287.85,2288.89,2287.85,2288.86,0.7947,2026-04-27 22:05:00+00:00,ETH/USDT
1777327800000,2288.72,2288.72,2288.72,2288.72,0.4357,2026-04-27 22:10:00+00:00,ETH/USDT
1777328100000,2289.2,2290.37,2289.2,2290.33,1.1042,2026-04-27 22:15:00+00:00,ETH/USDT
1777328400000,2289.23,2289.23,2289.23,2289.23,0.0048,2026-04-27 22:20:00+00:00,ETH/USDT
1777328700000,2290.18,2290.18,2290.18,2290.18,0.75,2026-04-27 22:25:00+00:00,ETH/USDT
1777329000000,2292.12,2292.12,2292.12,2292.12,0.8487,2026-04-27 22:30:00+00:00,ETH/USDT
1777329300000,2291.46,2291.46,2291.46,2291.46,0.0654,2026-04-27 22:35:00+00:00,ETH/USDT
1777329600000,2292.2,2292.2,2292.2,2292.2,0.0026,2026-04-27 22:40:00+00:00,ETH/USDT
1777329900000,2292.2,2292.2,2292.2,2292.2,0.0,2026-04-27 22:45:00+00:00,ETH/USDT
1777330200000,2292.2,2292.2,2292.2,2292.2,0.0,2026-04-27 22:50:00+00:00,ETH/USDT
1777330500000,2292.2,2292.2,2292.2,2292.2,0.0,2026-04-27 22:55:00+00:00,ETH/USDT
1777330800000,2294.82,2294.82,2293.75,2293.75,0.0932,2026-04-27 23:00:00+00:00,ETH/USDT
1777331100000,2293.05,2293.53,2293.05,2293.53,0.0112,2026-04-27 23:05:00+00:00,ETH/USDT
1777331400000,2292.39,2292.39,2291.91,2292.25,0.0098,2026-04-27 23:10:00+00:00,ETH/USDT
1777331700000,2292.25,2292.25,2292.25,2292.25,0.0,2026-04-27 23:15:00+00:00,ETH/USDT
1777332000000,2292.25,2292.25,2292.25,2292.25,0.0,2026-04-27 23:20:00+00:00,ETH/USDT
1777332300000,2292.25,2292.25,2292.25,2292.25,0.0,2026-04-27 23:25:00+00:00,ETH/USDT
1777332600000,2295.78,2295.78,2295.78,2295.78,0.0048,2026-04-27 23:30:00+00:00,ETH/USDT
1777332900000,2296.86,2296.86,2296.42,2296.42,0.0509,2026-04-27 23:35:00+00:00,ETH/USDT
1777333200000,2296.86,2296.86,2296.86,2296.86,0.0176,2026-04-27 23:40:00+00:00,ETH/USDT
1777333500000,2298.79,2298.79,2298.79,2298.79,0.0389,2026-04-27 23:45:00+00:00,ETH/USDT
1777333800000,2299.05,2307.0,2299.05,2307.0,2.3293,2026-04-27 23:50:00+00:00,ETH/USDT
1777334100000,2307.54,2308.53,2304.1,2304.1,2.8572,2026-04-27 23:55:00+00:00,ETH/USDT
1777334400000,2303.3,2303.75,2301.25,2301.75,0.1597,2026-04-28 00:00:00+00:00,ETH/USDT
